{
  "task_id": "fbf15a0b",
  "candidate_id": "7",
  "candidate_index": 7,
  "instr_json": "/content/gdrive/MyDrive/full_arc_runs/run1/outputs/training/fbf15a0b.json",
  "out_py": "/content/gdrive/MyDrive/full_arc_runs/run1/debug_multi/fbf15a0b_allc_out/fbf15a0b.cand_7.transform.nl.py",
  "status": "ok",
  "latency_s": 1.519,
  "llm": {
    "latency_s": 1.519,
    "status_code": 200,
    "usage": {
      "prompt_tokens": 1219,
      "total_tokens": 1260,
      "completion_tokens": 41
    }
  },
  "prompt_bytes": {
    "system": 3470,
    "user": 493,
    "n_instructions": 2,
    "shots": 0
  },
  "generated_code": "from dsl_primitives import *\n\ndef transform(grid: List[List[int]]) -> List[List[int]]:\n    return dsl_rot90(dsl_rot90(dsl_rot90(dsl_rot90(grid))))"
}