{
  "task_id": "fbf15a0b",
  "candidate_key": "3",
  "candidate_path": "/content/gdrive/MyDrive/full_arc_runs/run1/debug_multi/fbf15a0b_allc_out/fbf15a0b.cand_3.transform.nl.py",
  "exact_total": 0,
  "exact_rate": 0.0,
  "mean_per_cell_acc": 0.0,
  "elapsed_sec": 0.43,
  "pairs": [
    {
      "pair": 0,
      "status": "ok",
      "exact": false,
      "per_cell_acc": 0.0
    },
    {
      "pair": 1,
      "status": "ok",
      "exact": false,
      "per_cell_acc": 0.0
    },
    {
      "pair": 2,
      "status": "ok",
      "exact": false,
      "per_cell_acc": 0.0
    },
    {
      "pair": 3,
      "status": "ok",
      "exact": false,
      "per_cell_acc": 0.0
    }
  ]
}