{
  "task_id": "f3cdc58f",
  "candidate_id": "8",
  "candidate_index": 8,
  "instr_json": "/content/gdrive/MyDrive/full_arc_runs/run1/outputs/training/f3cdc58f.json",
  "out_py": "/content/gdrive/MyDrive/full_arc_runs/run1/debug_multi/f3cdc58f_allc_out/f3cdc58f.cand_8.transform.nl.py",
  "status": "invalid_code",
  "latency_s": 19.135,
  "llm": {
    "latency_s": 19.135,
    "status_code": 200,
    "usage": {
      "prompt_tokens": 1345,
      "total_tokens": 2245,
      "completion_tokens": 900
    }
  },
  "prompt_bytes": {
    "system": 3470,
    "user": 1071,
    "n_instructions": 12,
    "shots": 0
  },
  "generated_code": "from dsl_primitives import *\n\ndef transform(grid: List[List[int]]) -> List[List[int]]:\n    grid = dsl_paint_row(dsl_paint_row(dsl_paint_row(dsl_paint_row(dsl_paint_row(dsl_paint_row(dsl_paint_row(dsl_paint_row(dsl_paint_row(dsl_paint_row(grid, 0, 0), 0), 1), 0), 1), 2), 0), 1), 2), 3), 0, 1)\n    grid = dsl_paint_row(dsl_paint_row(dsl_paint_row(dsl_paint_row(dsl_paint_row(dsl_paint_row(dsl_paint_row(dsl_paint_row(dsl_paint_row(grid, 0, 1), 0), 1), 2), 0), 1), 2), 3), 0, 2)\n    grid = dsl_paint_row(dsl_paint_row(dsl_paint_row(dsl_paint_row(dsl_paint_row(dsl_paint_row(dsl_paint_row(dsl_paint_row(dsl_paint_row(grid, 0, 2), 0), 1), 2), 0), 1), 2), 3), 0, 3)\n    grid = dsl_paint_row(dsl_paint_row(dsl_paint_row(dsl_paint_row(dsl_paint_row(dsl_paint_row(dsl_paint_row(dsl_paint_row(dsl_paint_row(grid, 0, 3), 0), 1), 2), 0), 1), 2), 3), 0, 4)\n    grid = dsl_paint_row(dsl_paint_row(dsl_paint_row(dsl_paint_row(dsl_paint_row(dsl_paint_row(dsl_paint_row(dsl_paint_row(dsl_paint_row(grid, 0, 4), 0), 1), 2), 0), 1), 2), 3), 0, 5)\n    grid = dsl_paint_row(dsl_paint_row(dsl_paint_row(dsl_paint_row(dsl_paint_row(dsl_paint_row(dsl_paint_row(dsl_paint_row(dsl_paint_row(grid, 0, 5), 0), 1), 2), 0), 1), 2), 3), 0, 6)\n    grid = dsl_paint_row(dsl_paint_row(dsl_paint_row(dsl_paint_row(dsl_paint_row(dsl_paint_row(dsl_paint_row(dsl_paint_row(dsl_paint_row(grid, 0, 6), 0), 1), 2), 0), 1), 2), 3), 0, 7)\n    grid = dsl_paint_row(dsl_paint_row(dsl_paint_row(dsl_paint_row(dsl_paint_row(dsl_paint_row(dsl_paint_row(dsl_paint_row(dsl_paint_row(grid, 0, 7), 0), 1), 2), 0), 1), 2), 3), 0, 8)\n    grid = dsl_paint_row(dsl_paint_row(dsl_paint_row(dsl_paint_row(dsl_paint_row(dsl_paint_row(dsl_paint_row(dsl_paint_row(dsl_paint_row(grid, 0, 8), 0), 1), 2), 0), 1), 2), 3), 0, 9)\n    grid = dsl_paint_row(dsl_paint_row(dsl_paint_row(dsl_paint_row(dsl_paint_row(dsl_paint_row(dsl_paint_row(dsl_paint_row(dsl_paint_row(grid, 0, 9), 0), 1), 2), 0), 1), 2), 3), 0, 10)\n    grid = dsl_paint_row(dsl_paint_row(dsl_paint_row(dsl_paint_row(dsl_paint_row(dsl_paint_row(dsl_paint_row(dsl_paint_row(dsl_paint_row(grid, 1, 0), 1), 2), 1), 2), 3), 1, 1), 2, 2)\n    grid = dsl_paint_row(dsl_paint_row(dsl_paint_row(dsl_paint_row(dsl_paint_row(dsl_paint_row(dsl_paint_row(dsl_paint_row(dsl_paint_row(grid, 2, 0), 2), 3), 1),",
  "error": "SyntaxError: unmatched ')' (<unknown>, line 4)"
}