{
  "task_id": "f3cdc58f",
  "candidate_id": "3",
  "candidate_index": 3,
  "instr_json": "/content/gdrive/MyDrive/full_arc_runs/run1/outputs/training/f3cdc58f.json",
  "out_py": "/content/gdrive/MyDrive/full_arc_runs/run1/debug_multi/f3cdc58f_allc_out/f3cdc58f.cand_3.transform.nl.py",
  "status": "ok",
  "latency_s": 4.925,
  "llm": {
    "latency_s": 4.925,
    "status_code": 200,
    "usage": {
      "prompt_tokens": 1290,
      "total_tokens": 1510,
      "completion_tokens": 220
    }
  },
  "prompt_bytes": {
    "system": 3470,
    "user": 891,
    "n_instructions": 7,
    "shots": 0
  },
  "generated_code": "from dsl_primitives import *\n\ndef transform(grid: List[List[int]]) -> List[List[int]]:\n    def process_row(r: int) -> List[List[int]]:\n        top_row = dsl_get_row(grid, r)\n        if dsl_any(top_row):\n            return dsl_full(dsl_shape(grid)[0], dsl_shape(grid)[1], 0)\n        first_non_zero = dsl_find_first(top_row, lambda x: x != 0)\n        if first_non_zero is None:\n            return grid\n        output = dsl_clone(grid)\n        dsl_paint_row(output, r, 0)\n        dsl_paint_col(output, first_non_zero, 1)\n        for c in dsl_iter_coords(output):\n            if dsl_get_cell(output, c[0], c[1]) != 0:\n                dsl_paint_col(output, c[1], 1)\n        return output\n\n    output = dsl_clone(grid)\n    for r in dsl_iter_coords(output):\n        output = process_row(r[0])\n    return output"
}