{
  "task_id": "f3cdc58f",
  "candidate_id": "2",
  "candidate_index": 2,
  "instr_json": "/content/gdrive/MyDrive/full_arc_runs/run1/outputs/training/f3cdc58f.json",
  "out_py": "/content/gdrive/MyDrive/full_arc_runs/run1/debug_multi/f3cdc58f_allc_out/f3cdc58f.cand_2.transform.nl.py",
  "status": "ok",
  "latency_s": 3.895,
  "llm": {
    "latency_s": 3.895,
    "status_code": 200,
    "usage": {
      "prompt_tokens": 1258,
      "total_tokens": 1420,
      "completion_tokens": 162
    }
  },
  "prompt_bytes": {
    "system": 3470,
    "user": 776,
    "n_instructions": 7,
    "shots": 0
  },
  "generated_code": "from dsl_primitives import *\n\ndef transform(grid: List[List[int]]) -> List[List[int]]:\n    non_zero = [x for x in dsl_iter_coords(grid) if dsl_get_cell(grid, x[0], x[1]) != 0]\n    sorted_non_zero = sorted(non_zero, key=lambda x: dsl_get_cell(grid, x[0], x[1]))\n    sorted_non_zero_dict = {x: i for i, x in enumerate(sorted_non_zero)}\n    grid = dsl_remap_colors(grid, sorted_non_zero_dict)\n    grid = dsl_paint_row(grid, 0, len(sorted_non_zero) - 1)\n    grid = dsl_paint_col(grid, 0, len(sorted_non_zero) - 1)\n    return grid"
}