{
  "task_id": "f3cdc58f",
  "candidate_id": "7",
  "candidate_index": 7,
  "instr_json": "/content/gdrive/MyDrive/full_arc_runs/run1/outputs/training/f3cdc58f.json",
  "out_py": "/content/gdrive/MyDrive/full_arc_runs/run1/debug_multi/f3cdc58f_allc_out/f3cdc58f.cand_7.transform.nl.py",
  "status": "ok",
  "latency_s": 2.32,
  "llm": {
    "latency_s": 2.32,
    "status_code": 200,
    "usage": {
      "prompt_tokens": 1218,
      "total_tokens": 1294,
      "completion_tokens": 76
    }
  },
  "prompt_bytes": {
    "system": 3470,
    "user": 587,
    "n_instructions": 5,
    "shots": 0
  },
  "generated_code": "from dsl_primitives import *\n\ndef transform(grid: List[List[int]]) -> List[List[int]]:\n    sorted_values = sorted([x for row in grid for x in row if x != 0])\n    mapping = {x: i for i, x in enumerate(sorted_values)}\n    return dsl_remap_colors(dsl_zeros_like(grid, 0), mapping)"
}