{
  "task_id": "f3cdc58f",
  "candidate_id": "6",
  "candidate_index": 6,
  "instr_json": "/content/gdrive/MyDrive/full_arc_runs/run1/outputs/training/f3cdc58f.json",
  "out_py": "/content/gdrive/MyDrive/full_arc_runs/run1/debug_multi/f3cdc58f_allc_out/f3cdc58f.cand_6.transform.nl.py",
  "status": "ok",
  "latency_s": 4.514,
  "llm": {
    "latency_s": 4.514,
    "status_code": 200,
    "usage": {
      "prompt_tokens": 1280,
      "total_tokens": 1477,
      "completion_tokens": 197
    }
  },
  "prompt_bytes": {
    "system": 3470,
    "user": 864,
    "n_instructions": 6,
    "shots": 0
  },
  "generated_code": "from dsl_primitives import *\n\ndef transform(grid: List[List[int]]) -> List[List[int]]:\n    top_left = next((r, c) for r, row in enumerate(grid) for c, val in enumerate(row) if val != 0)\n    new_grid = dsl_zeros_like(grid)\n    r, c = top_left\n    for r2, row in enumerate(grid):\n        for c2, val in enumerate(row):\n            if dsl_in_bounds(grid, r2, c2):\n                new_val = dsl_get_cell(grid, r2, c2) + 1 if dsl_get_cell(grid, r2, c2) > 0 else dsl_get_cell(grid, r2, c2)\n                dsl_set_cell(new_grid, r2, c2, new_val)\n                if r2 == r and c2 == c:\n                    r, c = r2, c2\n    return new_grid"
}