{
  "task_id": "f3cdc58f",
  "candidate_id": "5",
  "candidate_index": 5,
  "instr_json": "/content/gdrive/MyDrive/full_arc_runs/run1/outputs/training/f3cdc58f.json",
  "out_py": "/content/gdrive/MyDrive/full_arc_runs/run1/debug_multi/f3cdc58f_allc_out/f3cdc58f.cand_5.transform.nl.py",
  "status": "ok",
  "latency_s": 6.68,
  "llm": {
    "latency_s": 6.68,
    "status_code": 200,
    "usage": {
      "prompt_tokens": 1293,
      "total_tokens": 1621,
      "completion_tokens": 328
    }
  },
  "prompt_bytes": {
    "system": 3470,
    "user": 864,
    "n_instructions": 8,
    "shots": 0
  },
  "generated_code": "from dsl_primitives import *\n\ndef transform(grid: List[List[int]]) -> List[List[int]]:\n    top_row = dsl_get_row(grid, 0)\n    top_row = dsl_replace_color(top_row, 0, 0)\n    top_row = dsl_paint_cell(top_row, dsl_get_first_non_zero(top_row), 1)\n    grid = dsl_copy_row(grid, 0, 0)\n    for r in range(1, dsl_shape(grid)[0]):\n        row = dsl_get_row(grid, r)\n        row = dsl_replace_color(row, 0, 0)\n        first_non_zero = dsl_get_first_non_zero(row)\n        row = dsl_paint_cell(row, first_non_zero, r + 1)\n        grid = dsl_copy_row(grid, r, r)\n    for c in dsl_iter_coords(grid):\n        if dsl_get_cell(grid, c[0], c[1]) != 0:\n            grid = dsl_paint_cell(grid, c[0], c[1], c[1] + 1)\n    last_row = dsl_get_row(grid, dsl_shape(grid)[0] - 1)\n    last_row = dsl_replace_color(last_row, 0, 0)\n    last_row = dsl_paint_cell(last_row, dsl_get_first_non_zero(last_row), dsl_shape(grid)[0])\n    grid = dsl_copy_row(grid, dsl_shape(grid)[0] - 1, dsl_shape(grid)[0] - 1)\n    return grid"
}