{
  "task_id": "f3cdc58f",
  "candidate_id": "1",
  "candidate_index": 1,
  "instr_json": "/content/gdrive/MyDrive/full_arc_runs/run1/outputs/training/f3cdc58f.json",
  "out_py": "/content/gdrive/MyDrive/full_arc_runs/run1/debug_multi/f3cdc58f_allc_out/f3cdc58f.cand_1.transform.nl.py",
  "status": "invalid_code",
  "latency_s": 3.299,
  "llm": {
    "latency_s": 3.299,
    "status_code": 200,
    "usage": {
      "prompt_tokens": 1290,
      "total_tokens": 1419,
      "completion_tokens": 129
    }
  },
  "prompt_bytes": {
    "system": 3470,
    "user": 890,
    "n_instructions": 5,
    "shots": 0
  },
  "generated_code": "from dsl_primitives import *\n\ndef transform(grid: List[List[int]]) -> List[List[int]]:\n    result = []\n    for r, row in enumerate(grid):\n        top_row = row\n        first_non_zero = next((c for c, x in enumerate(top_row) if x != 0), None)\n        if first_non_zero is not None:\n            non_zero_count = sum(1 for x in top_row[first_non_zero:] if x != 0)\n            new_row = list(range(1, non_zero_count + 1))\n            result.append(new_row)\n        else:\n            result.append([])\n    return result",
  "error": "No DSL calls found; program must use at least one dsl_* primitive."
}