{
  "task_id": "f3cdc58f",
  "candidate_id": "4",
  "candidate_index": 4,
  "instr_json": "/content/gdrive/MyDrive/full_arc_runs/run1/outputs/training/f3cdc58f.json",
  "out_py": "/content/gdrive/MyDrive/full_arc_runs/run1/debug_multi/f3cdc58f_allc_out/f3cdc58f.cand_4.transform.nl.py",
  "status": "invalid_code",
  "latency_s": 19.139,
  "llm": {
    "latency_s": 19.139,
    "status_code": 200,
    "usage": {
      "prompt_tokens": 1914,
      "total_tokens": 2814,
      "completion_tokens": 900
    }
  },
  "prompt_bytes": {
    "system": 3470,
    "user": 3350,
    "n_instructions": 50,
    "shots": 0
  },
  "generated_code": "from dsl_primitives import *\n\ndef transform(grid: List[List[int]]) -> List[List[int]]:\n    grid = dsl_paint_row(grid, 0, 1)\n    grid = dsl_paint_row(grid, 1, 1)\n    for r in range(2, dsl_shape(grid)[0]):\n        grid = dsl_paint_row(grid, r, 1)\n        if r < dsl_shape(grid)[0] - 1:\n            grid = dsl_set_cell(grid, r, dsl_shape(grid)[1] - 1, 2)\n    grid = dsl_replace_color(grid, 3, 3)\n    grid = dsl_replace_color(grid, 4, 4)\n    grid = dsl_replace_color(grid, 5, 4)\n    grid = dsl_paint_col(grid, 0, 1)\n    grid = dsl_paint_col(grid, 1, 2)\n    grid = dsl_paint_col(grid, 2, 3)\n    grid = dsl_paint_col(grid, 3, 4)\n    grid = dsl_paint_col(grid, dsl_shape(grid)[1] - 1, 4)\n    for c in range(4, dsl_shape(grid)[1]):\n        grid = dsl_paint_col(grid, c, 1)\n    for r in range(1, dsl_shape(grid)[0]):\n        grid = dsl_paint_row(grid, r, 1)\n    for r in range(dsl_shape(grid)[0]):\n        for c in range(dsl_shape(grid)[1]):\n            if grid[r][c] > 0:\n                grid = dsl_set_cell(grid, r, c, 1)\n    for r in range(dsl_shape(grid)[0]):\n        for c in range(dsl_shape(grid)[1]):\n            if grid[r][c] > 0:\n                grid = dsl_set_cell(grid, r, c, 1)\n    for r in range(dsl_shape(grid)[0]):\n        for c in range(dsl_shape(grid)[1]):\n            if grid[r][c] > 0:\n                grid = dsl_set_cell(grid, r, c, 1)\n    for r in range(dsl_shape(grid)[0]):\n        for c in range(dsl_shape(grid)[1]):\n            if grid[r][c] > 0:\n                grid = dsl_set_cell(grid, r, c, 1)\n    for r in range(dsl_shape(grid)[0]):\n        for c in range(dsl_shape(grid)[1]):\n            if grid[r][c] > 0:\n                grid = dsl_set_cell(grid, r, c, 1)\n    for r in range(dsl_shape(grid)[0]):\n        for c in range(dsl_shape(grid)[1]):\n            if grid[r][c] > 0:\n                grid = dsl_set_cell(grid, r, c, 1)\n    for r in range(dsl_shape(grid)[0]):\n        for c in range(dsl_shape(grid)[1]):\n            if grid[r][c] > 0:\n                grid = dsl_set_cell(grid, r, c, 1)\n    for r in range(dsl_shape(grid)[0]):\n        for c in range(dsl_shape(grid)[1]):\n            if grid[r][c] > 0:\n                grid = dsl_set_cell(grid, r, c, 1)\n    for r in range(dsl_shape(grid)[0]):\n        for c in range(dsl_shape(grid)[1]):\n            if grid[r][c] > 0:\n                grid = dsl_set_cell(grid, r, c, 1)\n    for r in range(dsl_shape(grid)[0]):\n        for c in range(dsl_shape(grid)[1]):\n            if grid[r][c] > 0:\n                grid = dsl_set_cell(grid, r, c, 1)\n    for r in range(dsl_shape(grid)[0]):\n        for c in range(dsl_shape(grid)[1]):\n            if grid[r][c] > 0:\n                grid = dsl_set_cell(grid, r, c, 1)\n    for r in range(dsl_shape(grid)[0]):\n        for c in range(dsl_shape(grid)[1]):\n            if grid[r][c] > 0",
  "error": "SyntaxError: expected ':' (<unknown>, line 68)"
}