{
  "task_id": "f3cdc58f",
  "candidate_id": "0",
  "candidate_index": 0,
  "instr_json": "/content/gdrive/MyDrive/full_arc_runs/run1/outputs/training/f3cdc58f.json",
  "out_py": "/content/gdrive/MyDrive/full_arc_runs/run1/debug_multi/f3cdc58f_allc_out/f3cdc58f.cand_0.transform.nl.py",
  "status": "ok",
  "latency_s": 7.57,
  "llm": {
    "latency_s": 7.57,
    "status_code": 200,
    "usage": {
      "prompt_tokens": 1395,
      "total_tokens": 1778,
      "completion_tokens": 383
    }
  },
  "prompt_bytes": {
    "system": 3470,
    "user": 1399,
    "n_instructions": 12,
    "shots": 0
  },
  "generated_code": "from dsl_primitives import *\n\ndef transform(grid: List[List[int]]) -> List[List[int]]:\n    non_zero_values = sorted([x for x in dsl_iter_coords(grid) if dsl_get_cell(grid, x[0], x[1]) != 0])\n    sorted_values = [0] * len(non_zero_values)\n    for i, x in enumerate(non_zero_values):\n        sorted_values[i] = x\n    output = dsl_zeros_like(grid)\n    for r in dsl_iter_coords(grid):\n        for c in dsl_neighbors4(r[0], r[1]):\n            if dsl_in_bounds(grid, c[0], c[1]) and dsl_get_cell(grid, c[0], c[1]) != 0:\n                dsl_set_cell(output, r[0], r[1], 1)\n            elif dsl_in_bounds(grid, c[0], c[1]) and dsl_get_cell(grid, c[0], c[1]) == 0:\n                if dsl_in_bounds(output, r[0], r[1]) and dsl_get_cell(output, r[0], r[1]) == 1:\n                    dsl_set_cell(output, r[0], r[1], 1)\n                else:\n                    dsl_set_cell(output, r[0], r[1], 0)\n    for r in dsl_iter_coords(output):\n        for c in dsl_neighbors4(r[0], r[1]):\n            if dsl_in_bounds(output, c[0], c[1]) and dsl_get_cell(output, c[0], c[1]) > 1:\n                dsl_set_cell(output, c[0], c[1], dsl_get_cell(output, c[0], c[1]) + 1)\n    return output"
}