{
  "task_id": "f3cdc58f",
  "candidate_id": "9",
  "candidate_index": 9,
  "instr_json": "/content/gdrive/MyDrive/full_arc_runs/run1/outputs/training/f3cdc58f.json",
  "out_py": "/content/gdrive/MyDrive/full_arc_runs/run1/debug_multi/f3cdc58f_allc_out/f3cdc58f.cand_9.transform.nl.py",
  "status": "ok",
  "latency_s": 2.832,
  "llm": {
    "latency_s": 2.832,
    "status_code": 200,
    "usage": {
      "prompt_tokens": 1297,
      "total_tokens": 1401,
      "completion_tokens": 104
    }
  },
  "prompt_bytes": {
    "system": 3470,
    "user": 939,
    "n_instructions": 7,
    "shots": 0
  },
  "generated_code": "from dsl_primitives import *\n\ndef transform(grid: List[List[int]]) -> List[List[int]]:\n    grid = dsl_paint_row(grid, 0, 1)\n    for r in range(1, dsl_shape(grid)[0]):\n        grid = dsl_paint_row(grid, r, 0)\n    for r in range(dsl_shape(grid)[0] - 1, -1, -1):\n        grid = dsl_paint_row(grid, r, 1)\n    return grid"
}