{
  "task_id": "f9a67cb5",
  "candidate_id": "7",
  "candidate_index": 7,
  "instr_json": "/content/gdrive/MyDrive/full_arc_runs/run1/outputs/training/f9a67cb5.json",
  "out_py": "/content/gdrive/MyDrive/full_arc_runs/run1/debug_multi/f9a67cb5_allc_out/f9a67cb5.cand_7.transform.nl.py",
  "status": "ok",
  "latency_s": 9.77,
  "llm": {
    "latency_s": 9.77,
    "status_code": 200,
    "usage": {
      "prompt_tokens": 1305,
      "total_tokens": 1629,
      "completion_tokens": 324
    }
  },
  "prompt_bytes": {
    "system": 3470,
    "user": 817,
    "n_instructions": 5,
    "shots": 0
  },
  "generated_code": "from dsl_primitives import *\n\ndef transform(grid: List[List[int]]) -> List[List[int]]:\n    mask_2 = dsl_mask_eq(grid, 2)\n    mask_8 = dsl_mask_eq(grid, 8)\n    mask_8_in_2_row = dsl_paint_row(dsl_paint_row(mask_8, 0, 2), 0, 2)\n    mask_8_not_in_2_row = dsl_paint_row(dsl_paint_row(mask_8, 0, 2), 0, 8)\n    mask_2_row = dsl_mask_eq(dsl_paint_row(grid, 0, 2), 2)\n    mask_2_row_not = dsl_mask_eq(dsl_paint_row(grid, 0, 2), 8)\n    grid_2 = dsl_paint_row(dsl_paint_col(mask_8_in_2_row, 0, 2), 0, 2)\n    grid_8 = dsl_paint_row(dsl_paint_col(mask_8_not_in_2_row, 0, 8), 0, 8)\n    grid_2_row = dsl_paint_row(mask_2_row, 0, 2)\n    grid_8_row = dsl_paint_row(mask_2_row_not, 0, 8)\n    grid = dsl_paste(grid_2_row, grid_2, 0, 0)\n    grid = dsl_paste(grid_8_row, grid_8, 0, 0)\n    return grid"
}