{
  "task_id": "f9a67cb5",
  "candidate_id": "1",
  "candidate_index": 1,
  "instr_json": "/content/gdrive/MyDrive/full_arc_runs/run1/outputs/training/f9a67cb5.json",
  "out_py": "/content/gdrive/MyDrive/full_arc_runs/run1/debug_multi/f9a67cb5_allc_out/f9a67cb5.cand_1.transform.nl.py",
  "status": "ok",
  "latency_s": 6.3,
  "llm": {
    "latency_s": 6.3,
    "status_code": 200,
    "usage": {
      "prompt_tokens": 1343,
      "total_tokens": 1509,
      "completion_tokens": 166
    }
  },
  "prompt_bytes": {
    "system": 3470,
    "user": 930,
    "n_instructions": 5,
    "shots": 0
  },
  "generated_code": "from dsl_primitives import *\n\ndef transform(grid: List[List[int]]) -> List[List[int]]:\n    top_left = dsl_crop(grid, 0, 0, 3, 3)\n    grid = dsl_fill_rect(grid, 0, 0, 3, 3, 0)\n    grid = dsl_flood_fill(grid, 0, 0, 2)\n    grid = dsl_flood_fill(grid, 0, 0, 2, mask=dsl_mask_eq(top_left, 8))\n    grid = dsl_flood_fill(grid, 0, 0, 2, mask=dsl_mask_eq(top_left, 0) & dsl_mask_eq(dsl_neighbors4(0, 0), 2))\n    return grid"
}