{
  "task_id": "f9a67cb5",
  "candidate_key": "0",
  "candidate_path": "/content/gdrive/MyDrive/full_arc_runs/run1/debug_multi/f9a67cb5_allc_out/f9a67cb5.cand_0.transform.nl.py",
  "exact_total": 0,
  "exact_rate": 0.0,
  "mean_per_cell_acc": 0.6334727364139129,
  "elapsed_sec": 0.337,
  "pairs": [
    {
      "pair": 0,
      "status": "ok",
      "exact": false,
      "per_cell_acc": 0.507576
    },
    {
      "pair": 1,
      "status": "ok",
      "exact": false,
      "per_cell_acc": 0.700535
    },
    {
      "pair": 2,
      "status": "ok",
      "exact": false,
      "per_cell_acc": 0.692308
    }
  ]
}