{
  "task_id": "f9a67cb5",
  "candidate_id": "3",
  "candidate_index": 3,
  "instr_json": "/content/gdrive/MyDrive/full_arc_runs/run1/outputs/training/f9a67cb5.json",
  "out_py": "/content/gdrive/MyDrive/full_arc_runs/run1/debug_multi/f9a67cb5_allc_out/f9a67cb5.cand_3.transform.nl.py",
  "status": "ok",
  "latency_s": 8.802,
  "llm": {
    "latency_s": 8.802,
    "status_code": 200,
    "usage": {
      "prompt_tokens": 1344,
      "total_tokens": 1621,
      "completion_tokens": 277
    }
  },
  "prompt_bytes": {
    "system": 3470,
    "user": 958,
    "n_instructions": 9,
    "shots": 0
  },
  "generated_code": "from dsl_primitives import *\n\ndef transform(grid: List[List[int]]) -> List[List[int]]:\n    top_row = dsl_mask_eq(grid, 2)\n    bottom_row = dsl_mask_eq(grid, 2)\n    if dsl_shape(grid)[0] == 6:\n        middle_row = dsl_full(1, dsl_shape(grid)[1], 2)\n    else:\n        middle_row = dsl_zeros_like(grid)\n    output = dsl_zeros_like(grid)\n    dsl_paint_row(output, 0, dsl_apply_mask_color(dsl_full(1, dsl_shape(grid)[1], 2), top_row, 2))\n    dsl_paint_row(output, dsl_shape(grid)[0] - 1, dsl_apply_mask_color(dsl_full(1, dsl_shape(grid)[1], 2), bottom_row, 0))\n    for r in dsl_iter_coords(grid):\n        if r[0] == dsl_shape(grid)[0] // 2:\n            dsl_paint_row(output, r[0], middle_row)\n        else:\n            dsl_paint_row(output, r[0], dsl_remap_colors(dsl_clone(grid), {8: 8, 0: 0, 2: 2, -1: 2}))\n    return output"
}