{
  "task_id": "f9a67cb5",
  "candidate_id": "9",
  "candidate_index": 9,
  "instr_json": "/content/gdrive/MyDrive/full_arc_runs/run1/outputs/training/f9a67cb5.json",
  "out_py": "/content/gdrive/MyDrive/full_arc_runs/run1/debug_multi/f9a67cb5_allc_out/f9a67cb5.cand_9.transform.nl.py",
  "status": "ok",
  "latency_s": 11.746,
  "llm": {
    "latency_s": 11.746,
    "status_code": 200,
    "usage": {
      "prompt_tokens": 1309,
      "total_tokens": 1739,
      "completion_tokens": 430
    }
  },
  "prompt_bytes": {
    "system": 3470,
    "user": 871,
    "n_instructions": 6,
    "shots": 0
  },
  "generated_code": "from dsl_primitives import *\n\ndef transform(grid: List[List[int]]) -> List[List[int]]:\n    top_left_3x3 = dsl_crop(grid, 0, 0, 3, 3)\n    grid = dsl_fill_rect(dsl_zeros_like(grid), 0, 0, 3, 3, 0)\n    top_left_3x3_output = dsl_crop(grid, 0, 0, 3, 3)\n    grid = dsl_paste_masked(grid, grid, 0, 0, dsl_mask_eq(grid, 0))\n    grid = dsl_replace_color(grid, 0, dsl_get_cell(top_left_3x3, 0, 0))\n    grid = dsl_replace_color(grid, 0, dsl_get_cell(top_left_3x3, 1, 0))\n    grid = dsl_replace_color(grid, 0, dsl_get_cell(top_left_3x3, 2, 0))\n    grid = dsl_replace_color(grid, 0, dsl_get_cell(top_left_3x3, 0, 1))\n    grid = dsl_replace_color(grid, 0, dsl_get_cell(top_left_3x3, 1, 1))\n    grid = dsl_replace_color(grid, 0, dsl_get_cell(top_left_3x3, 2, 1))\n    grid = dsl_replace_color(grid, 0, dsl_get_cell(top_left_3x3, 0, 2))\n    grid = dsl_replace_color(grid, 0, dsl_get_cell(top_left_3x3, 1, 2))\n    grid = dsl_replace_color(grid, 0, dsl_get_cell(top_left_3x3, 2, 2))\n    grid = dsl_paste_masked(grid, top_left_3x3, 0, 0, dsl_mask_eq(top_left_3x3, 0))\n    return grid"
}