{
  "task_id": "f9a67cb5",
  "candidate_id": "0",
  "candidate_index": 0,
  "instr_json": "/content/gdrive/MyDrive/full_arc_runs/run1/outputs/training/f9a67cb5.json",
  "out_py": "/content/gdrive/MyDrive/full_arc_runs/run1/debug_multi/f9a67cb5_allc_out/f9a67cb5.cand_0.transform.nl.py",
  "status": "ok",
  "latency_s": 16.183,
  "llm": {
    "latency_s": 16.183,
    "status_code": 200,
    "usage": {
      "prompt_tokens": 1286,
      "total_tokens": 1935,
      "completion_tokens": 649
    }
  },
  "prompt_bytes": {
    "system": 3470,
    "user": 766,
    "n_instructions": 6,
    "shots": 0
  },
  "generated_code": "from dsl_primitives import *\n\ndef transform(grid: List[List[int]]) -> List[List[int]]:\n    mask = dsl_mask_eq(grid, 8)\n    for r, c in dsl_iter_coords(grid):\n        if dsl_get_cell(mask, r, c):\n            size = dsl_shape(dsl_component_mask(grid, r, c))[0]\n            square = dsl_zeros_like(grid, 2)\n            dsl_paint_cell(square, r - size // 2, c - size // 2, 2)\n            dsl_paint_cell(square, r - size // 2, c - size // 2 + 1, 2)\n            dsl_paint_cell(square, r - size // 2 + 1, c - size // 2, 2)\n            dsl_paint_cell(square, r - size // 2 + 1, c - size // 2 + 1, 2)\n            dsl_paint_cell(square, r - size // 2, c + size // 2, 2)\n            dsl_paint_cell(square, r - size // 2, c + size // 2 + 1, 2)\n            dsl_paint_cell(square, r - size // 2 + 1, c + size // 2, 2)\n            dsl_paint_cell(square, r - size // 2 + 1, c + size // 2 + 1, 2)\n            dsl_paint_cell(square, r + size // 2, c - size // 2, 2)\n            dsl_paint_cell(square, r + size // 2, c - size // 2 + 1, 2)\n            dsl_paint_cell(square, r + size // 2 + 1, c - size // 2, 2)\n            dsl_paint_cell(square, r + size // 2 + 1, c - size // 2 + 1, 2)\n            dsl_paint_cell(square, r + size // 2, c + size // 2, 2)\n            dsl_paint_cell(square, r + size // 2, c + size // 2 + 1, 2)\n            dsl_paint_cell(square, r + size // 2 + 1, c + size // 2, 2)\n            dsl_paint_cell(square, r + size // 2 + 1, c + size // 2 + 1, 2)\n            dsl_paint_row(square, r - size // 2, 2)\n            dsl_paint_row(square, r + size // 2 + 1, 2)\n            dsl_paint_col(square, c - size // 2, 2)\n            dsl_paint_col(square, c + size // 2 + 1, 2)\n            dsl_paint_cell(square, r - size // 2, c - size // 2, 8)\n            grid = dsl_paste_masked(grid, square, r - size // 2, c - size // 2, mask)\n    return grid"
}