{
  "task_id": "f9a67cb5",
  "candidate_id": "8",
  "candidate_index": 8,
  "instr_json": "/content/gdrive/MyDrive/full_arc_runs/run1/outputs/training/f9a67cb5.json",
  "out_py": "/content/gdrive/MyDrive/full_arc_runs/run1/debug_multi/f9a67cb5_allc_out/f9a67cb5.cand_8.transform.nl.py",
  "status": "ok",
  "latency_s": 6.315,
  "llm": {
    "latency_s": 6.315,
    "status_code": 200,
    "usage": {
      "prompt_tokens": 1285,
      "total_tokens": 1452,
      "completion_tokens": 167
    }
  },
  "prompt_bytes": {
    "system": 3470,
    "user": 776,
    "n_instructions": 5,
    "shots": 0
  },
  "generated_code": "from dsl_primitives import *\n\ndef transform(grid: List[List[int]]) -> List[List[int]]:\n    mask = dsl_mask_eq(grid, 8)\n    new_grid = dsl_clone(grid)\n    for r, c in dsl_iter_coords(mask):\n        if dsl_in_bounds(new_grid, r - 1, c):\n            dsl_set_cell(new_grid, r - 1, c, 8)\n        if dsl_in_bounds(new_grid, r + 1, c):\n            dsl_set_cell(new_grid, r + 1, c, 8)\n        dsl_paint_row(new_grid, r, 2)\n        dsl_paint_col(new_grid, c, 2)\n        dsl_paint_cell(new_grid, r, c, 2)\n    return new_grid"
}