{
  "task_id": "f9a67cb5",
  "candidate_id": "5",
  "candidate_index": 5,
  "instr_json": "/content/gdrive/MyDrive/full_arc_runs/run1/outputs/training/f9a67cb5.json",
  "out_py": "/content/gdrive/MyDrive/full_arc_runs/run1/debug_multi/f9a67cb5_allc_out/f9a67cb5.cand_5.transform.nl.py",
  "status": "ok",
  "latency_s": 12.481,
  "llm": {
    "latency_s": 12.481,
    "status_code": 200,
    "usage": {
      "prompt_tokens": 1262,
      "total_tokens": 1733,
      "completion_tokens": 471
    }
  },
  "prompt_bytes": {
    "system": 3470,
    "user": 678,
    "n_instructions": 5,
    "shots": 0
  },
  "generated_code": "from dsl_primitives import *\n\ndef transform(grid: List[List[int]]) -> List[List[int]]:\n    mask = dsl_mask_eq(grid, 8)\n    grid = dsl_replace_color(grid, 8, 2)\n    square_size = dsl_shape(dsl_bbox_of_mask(mask))[0]\n    for r, c in dsl_iter_coords(grid):\n        if dsl_get_cell(mask, r, c):\n            for dr, dc in dsl_neighbors4(r, c):\n                if dsl_in_bounds(grid, dr, dc):\n                    grid = dsl_paint_cell(grid, dr, dc, 2)\n                    if dsl_in_bounds(grid, dr + dr, dc + dc):\n                        grid = dsl_paint_cell(grid, dr + dr, dc + dc, 2)\n                    if dsl_in_bounds(grid, dr - dr, dc - dc):\n                        grid = dsl_paint_cell(grid, dr - dr, dc - dc, 2)\n                    if dsl_in_bounds(grid, dr + dr, dc - dc):\n                        grid = dsl_paint_cell(grid, dr + dr, dc - dc, 2)\n                    if dsl_in_bounds(grid, dr - dr, dc + dc):\n                        grid = dsl_paint_cell(grid, dr - dr, dc + dc, 2)\n    for r, c in dsl_iter_coords(grid):\n        if dsl_get_cell(mask, r, c):\n            for dr, dc in dsl_neighbors4(r, c):\n                if dsl_in_bounds(grid, dr, dc):\n                    if dsl_in_bounds(grid, dr + dr, dc + dc):\n                        grid = dsl_paint_cell(grid, dr + dr, dc + dc, 2)\n                    if dsl_in_bounds(grid, dr - dr, dc - dc):\n                        grid = dsl_paint_cell(grid, dr - dr, dc - dc, 2)\n                    if dsl_in_bounds(grid, dr + dr, dc - dc):\n                        grid = dsl_paint_cell(grid, dr + dr, dc - dc, 2)\n                    if dsl_in_bounds(grid, dr - dr, dc + dc):\n                        grid = dsl_paint_cell(grid, dr - dr, dc + dc, 2)\n    return grid"
}