{
  "task_id": "f9a67cb5",
  "candidate_id": "2",
  "candidate_index": 2,
  "instr_json": "/content/gdrive/MyDrive/full_arc_runs/run1/outputs/training/f9a67cb5.json",
  "out_py": "/content/gdrive/MyDrive/full_arc_runs/run1/debug_multi/f9a67cb5_allc_out/f9a67cb5.cand_2.transform.nl.py",
  "status": "ok",
  "latency_s": 7.503,
  "llm": {
    "latency_s": 7.503,
    "status_code": 200,
    "usage": {
      "prompt_tokens": 1299,
      "total_tokens": 1515,
      "completion_tokens": 216
    }
  },
  "prompt_bytes": {
    "system": 3470,
    "user": 922,
    "n_instructions": 6,
    "shots": 0
  },
  "generated_code": "from dsl_primitives import *\n\ndef transform(grid: List[List[int]]) -> List[List[int]]:\n    grid = dsl_clone(grid)\n    while True:\n        new_grid = dsl_clone(grid)\n        for r, c in dsl_iter_coords(grid):\n            if dsl_get_cell(grid, r, c) != 0:\n                closest = None\n                for dr, dc in dsl_neighbors4(r, c):\n                    if dsl_in_bounds(grid, dr, dc) and dsl_get_cell(grid, dr, dc) != 0:\n                        if closest is None or dsl_get_cell(grid, dr, dc) < dsl_get_cell(grid, r, c):\n                            closest = (dr, dc)\n                if closest is not None:\n                    dsl_set_cell(new_grid, r, c, dsl_get_cell(grid, *closest))\n                else:\n                    dsl_set_cell(new_grid, r, c, 2)\n        if grid == new_grid:\n            break\n        grid = new_grid\n    return grid"
}