{
  "task_id": "f9a67cb5",
  "candidate_key": "5",
  "candidate_path": "/content/gdrive/MyDrive/full_arc_runs/run1/debug_multi/f9a67cb5_allc_out/f9a67cb5.cand_5.transform.nl.py",
  "exact_total": 0,
  "exact_rate": 0.0,
  "mean_per_cell_acc": 0.0,
  "elapsed_sec": 0.325,
  "pairs": [
    {
      "pair": 0,
      "status": "error",
      "error": "TypeError: object of type 'int' has no len()"
    },
    {
      "pair": 1,
      "status": "error",
      "error": "TypeError: object of type 'int' has no len()"
    },
    {
      "pair": 2,
      "status": "error",
      "error": "TypeError: object of type 'int' has no len()"
    }
  ]
}