{
  "task_id": "f9a67cb5",
  "candidate_id": "6",
  "candidate_index": 6,
  "instr_json": "/content/gdrive/MyDrive/full_arc_runs/run1/outputs/training/f9a67cb5.json",
  "out_py": "/content/gdrive/MyDrive/full_arc_runs/run1/debug_multi/f9a67cb5_allc_out/f9a67cb5.cand_6.transform.nl.py",
  "status": "invalid_code",
  "latency_s": 23.931,
  "llm": {
    "latency_s": 23.931,
    "status_code": 200,
    "usage": {
      "prompt_tokens": 1302,
      "total_tokens": 2202,
      "completion_tokens": 900
    }
  },
  "prompt_bytes": {
    "system": 3470,
    "user": 831,
    "n_instructions": 5,
    "shots": 0
  },
  "generated_code": "from dsl_primitives import *\n\ndef transform(grid: List[List[int]]) -> List[List[int]]:\n    mask = dsl_mask_eq(grid, 8)\n    mask = dsl_mask_eq(grid, 2, mask)\n    mask = dsl_not(mask)\n    mask = dsl_dilate(mask, 1)\n    grid = dsl_paint_row(grid, 0, 2)\n    grid = dsl_paint_row(grid, 2, 2)\n    grid = dsl_paint_col(grid, 0, 2)\n    grid = dsl_paint_col(grid, 2, 2)\n    grid = dsl_paint_row(grid, 0, 2)\n    grid = dsl_paint_row(grid, 2, 2)\n    grid = dsl_paint_col(grid, 0, 2)\n    grid = dsl_paint_col(grid, 2, 2)\n    grid = dsl_paint_row(grid, 0, 2)\n    grid = dsl_paint_row(grid, 2, 2)\n    grid = dsl_paint_col(grid, 0, 2)\n    grid = dsl_paint_col(grid, 2, 2)\n    grid = dsl_paint_row(grid, 0, 2)\n    grid = dsl_paint_row(grid, 2, 2)\n    grid = dsl_paint_col(grid, 0, 2)\n    grid = dsl_paint_col(grid, 2, 2)\n    grid = dsl_paint_row(grid, 0, 2)\n    grid = dsl_paint_row(grid, 2, 2)\n    grid = dsl_paint_col(grid, 0, 2)\n    grid = dsl_paint_col(grid, 2, 2)\n    grid = dsl_paint_row(grid, 0, 2)\n    grid = dsl_paint_row(grid, 2, 2)\n    grid = dsl_paint_col(grid, 0, 2)\n    grid = dsl_paint_col(grid, 2, 2)\n    grid = dsl_paint_row(grid, 0, 2)\n    grid = dsl_paint_row(grid, 2, 2)\n    grid = dsl_paint_col(grid, 0, 2)\n    grid = dsl_paint_col(grid, 2, 2)\n    grid = dsl_paint_row(grid, 0, 2)\n    grid = dsl_paint_row(grid, 2, 2)\n    grid = dsl_paint_col(grid, 0, 2)\n    grid = dsl_paint_col(grid, 2, 2)\n    grid = dsl_paint_row(grid, 0, 2)\n    grid = dsl_paint_row(grid, 2, 2)\n    grid = dsl_paint_col(grid, 0, 2)\n    grid = dsl_paint_col(grid, 2, 2)\n    grid = dsl_paint_row(grid, 0, 2)\n    grid = dsl_paint_row(grid, 2, 2)\n    grid = dsl_paint_col(grid, 0, 2)\n    grid = dsl_paint_col(grid, 2, 2)\n    grid = dsl_paint_row(grid, 0, 2)\n    grid = dsl_paint_row(grid, 2, 2)\n    grid = dsl_paint_col(grid, 0, 2)\n    grid = dsl_paint_col(grid, 2, 2)\n    grid = dsl_paint_row(grid, 0, 2)\n    grid = dsl_paint_row(grid, 2, 2)\n    grid = dsl_paint_col(grid, 0, 2)\n    grid = dsl_paint_col(grid, 2, 2)\n    grid = dsl_paint_row(grid, 0, 2)\n    grid = dsl_paint_row(grid, 2, 2)\n    grid = dsl_paint_col(grid, 0, 2)\n    grid = dsl_paint_col(grid, 2, 2)\n    grid = dsl_paint_row(grid, 0, 2)\n    grid = dsl_paint_row(grid, 2, 2)\n    grid = dsl_paint_col(grid, 0, 2)\n    grid = dsl_paint_col(grid,",
  "error": "SyntaxError: '(' was never closed (<unknown>, line 63)"
}