{
  "task_id": "f9a67cb5",
  "candidate_id": "4",
  "candidate_index": 4,
  "instr_json": "/content/gdrive/MyDrive/full_arc_runs/run1/outputs/training/f9a67cb5.json",
  "out_py": "/content/gdrive/MyDrive/full_arc_runs/run1/debug_multi/f9a67cb5_allc_out/f9a67cb5.cand_4.transform.nl.py",
  "status": "invalid_code",
  "latency_s": 23.933,
  "llm": {
    "latency_s": 23.933,
    "status_code": 200,
    "usage": {
      "prompt_tokens": 1309,
      "total_tokens": 2209,
      "completion_tokens": 900
    }
  },
  "prompt_bytes": {
    "system": 3470,
    "user": 889,
    "n_instructions": 6,
    "shots": 0
  },
  "generated_code": "from dsl_primitives import *\n\ndef transform(grid: List[List[int]]) -> List[List[int]]:\n    mask = dsl_mask_eq(grid, 8)\n    for r, c in dsl_iter_coords(mask):\n        if not dsl_in_bounds(grid, r, c):\n            continue\n        dist = dsl_bbox_of_mask(mask)[2]\n        square = dsl_crop(grid, r-dist, c-dist, 2*dist, 2*dist)\n        if dsl_in_bounds(grid, r-dist, c-dist):\n            square = dsl_paint_row(square, r-dist, 2)\n            square = dsl_paint_col(square, c-dist, 2)\n        if dsl_in_bounds(grid, r-dist, c+dist):\n            square = dsl_paint_row(square, r-dist, 2)\n            square = dsl_paint_col(square, c+dist, 2)\n        if dsl_in_bounds(grid, r+dist, c-dist):\n            square = dsl_paint_row(square, r+dist, 2)\n            square = dsl_paint_col(square, c-dist, 2)\n        if dsl_in_bounds(grid, r+dist, c+dist):\n            square = dsl_paint_row(square, r+dist, 2)\n            square = dsl_paint_col(square, c+dist, 2)\n        if dsl_in_bounds(grid, r-dist, c+dist):\n            square = dsl_paint_row(square, r-dist, 2)\n            square = dsl_paint_col(square, c+dist, 2)\n        if dsl_in_bounds(grid, r+dist, c-dist):\n            square = dsl_paint_row(square, r+dist, 2)\n            square = dsl_paint_col(square, c-dist, 2)\n        if dsl_in_bounds(grid, r-dist, c-dist):\n            square = dsl_paint_row(square, r-dist, 2)\n            square = dsl_paint_col(square, c-dist, 2)\n        if dsl_in_bounds(grid, r-dist, c+dist):\n            square = dsl_paint_row(square, r-dist, 2)\n            square = dsl_paint_col(square, c+dist, 2)\n        if dsl_in_bounds(grid, r+dist, c-dist):\n            square = dsl_paint_row(square, r+dist, 2)\n            square = dsl_paint_col(square, c-dist, 2)\n        if dsl_in_bounds(grid, r+dist, c+dist):\n            square = dsl_paint_row(square, r+dist, 2)\n            square = dsl_paint_col(square, c+dist, 2)\n        if dsl_in_bounds(grid, r-dist, c-dist):\n            square = dsl_paint_row(square, r-dist, 2)\n            square = dsl_paint_col(square, c-dist, 2)\n        if dsl_in_bounds(grid, r-dist, c+dist):\n            square = dsl_paint_row(square, r-dist, 2)\n            square = dsl_paint_col(square, c+dist, 2)\n        if dsl_in_bounds(grid, r+dist, c-dist):\n            square = dsl_paint_row(square, r+dist, 2)\n            square = dsl_paint_col(square, c-dist, 2)\n        if dsl_in_bounds(grid, r+dist, c+dist):\n            square = dsl_paint_row(square, r+dist, 2)\n            square = dsl_paint_col(square, c+dist, 2)\n        if dsl_in_bounds(grid, r-dist, c-dist):\n            square = dsl_paint_row(square, r-dist, 2)\n            square = dsl_paint_col(square, c-dist, 2)\n        if dsl_in_bounds(grid, r-dist, c+dist):\n            square = dsl_paint_row(square, r-dist, 2)\n            square = dsl_paint_col(square, c+dist, 2)\n        if dsl_in_bounds(grid, r+dist, c-dist):\n            square = dsl_paint_row(square, r+dist, 2)\n            square = dsl_paint_col(square, c-dist, 2)\n        if dsl_in_bounds(grid, r+dist, c+dist):\n            square = dsl_paint_row(square",
  "error": "SyntaxError: '(' was never closed (<unknown>, line 62)"
}