{
  "task_id": "fc754716",
  "candidate_id": "8",
  "candidate_index": 8,
  "instr_json": "/content/gdrive/MyDrive/full_arc_runs/run1/outputs/training/fc754716.json",
  "out_py": "/content/gdrive/MyDrive/full_arc_runs/run1/debug_multi/fc754716_allc_out/fc754716.cand_8.transform.nl.py",
  "status": "ok",
  "latency_s": 2.749,
  "llm": {
    "latency_s": 2.749,
    "status_code": 200,
    "usage": {
      "prompt_tokens": 1203,
      "total_tokens": 1290,
      "completion_tokens": 87
    }
  },
  "prompt_bytes": {
    "system": 3470,
    "user": 542,
    "n_instructions": 3,
    "shots": 0
  },
  "generated_code": "from dsl_primitives import *\n\ndef transform(grid: List[List[int]]) -> List[List[int]]:\n    unique_value = dsl_get_cell(grid, *dsl_iter_coords(grid)[0])\n    grid = dsl_replace_color(grid, unique_value, 1)\n    grid = dsl_paint_row(grid, 0, 1)\n    grid = dsl_paint_col(grid, 0, 1)\n    return grid"
}