{
  "task_id": "fc754716",
  "candidate_id": "2",
  "candidate_index": 2,
  "instr_json": "/content/gdrive/MyDrive/full_arc_runs/run1/outputs/training/fc754716.json",
  "out_py": "/content/gdrive/MyDrive/full_arc_runs/run1/debug_multi/fc754716_allc_out/fc754716.cand_2.transform.nl.py",
  "status": "ok",
  "latency_s": 2.437,
  "llm": {
    "latency_s": 2.437,
    "status_code": 200,
    "usage": {
      "prompt_tokens": 1193,
      "total_tokens": 1266,
      "completion_tokens": 73
    }
  },
  "prompt_bytes": {
    "system": 3470,
    "user": 482,
    "n_instructions": 3,
    "shots": 0
  },
  "generated_code": "from dsl_primitives import *\n\ndef transform(grid: List[List[int]]) -> List[List[int]]:\n    unique_value = dsl_get_cell(grid, *dsl_bbox_of_mask(dsl_mask_eq(grid, dsl_get_cell(grid, *dsl_iter_coords(grid)[0])))[0])\n    return dsl_replace_color(grid, 0, unique_value)"
}