{
  "task_id": "fc754716",
  "candidate_key": "6",
  "candidate_path": "/content/gdrive/MyDrive/full_arc_runs/run1/debug_multi/fc754716_allc_out/fc754716.cand_6.transform.nl.py",
  "exact_total": 0,
  "exact_rate": 0.0,
  "mean_per_cell_acc": 0.0,
  "elapsed_sec": 0.398,
  "pairs": [
    {
      "pair": 0,
      "status": "error",
      "error": "TypeError: dsl_get_cell() takes 3 positional arguments but 36 were given"
    },
    {
      "pair": 1,
      "status": "error",
      "error": "TypeError: dsl_get_cell() takes 3 positional arguments but 16 were given"
    },
    {
      "pair": 2,
      "status": "error",
      "error": "TypeError: dsl_get_cell() takes 3 positional arguments but 26 were given"
    },
    {
      "pair": 3,
      "status": "error",
      "error": "TypeError: dsl_get_cell() takes 3 positional arguments but 10 were given"
    }
  ]
}