{
  "task_id": "fc754716",
  "candidate_id": "9",
  "candidate_index": 9,
  "instr_json": "/content/gdrive/MyDrive/full_arc_runs/run1/outputs/training/fc754716.json",
  "out_py": "/content/gdrive/MyDrive/full_arc_runs/run1/debug_multi/fc754716_allc_out/fc754716.cand_9.transform.nl.py",
  "status": "ok",
  "latency_s": 4.073,
  "llm": {
    "latency_s": 4.073,
    "status_code": 200,
    "usage": {
      "prompt_tokens": 1211,
      "total_tokens": 1360,
      "completion_tokens": 149
    }
  },
  "prompt_bytes": {
    "system": 3470,
    "user": 561,
    "n_instructions": 3,
    "shots": 0
  },
  "generated_code": "from dsl_primitives import *\n\ndef transform(grid: List[List[int]]) -> List[List[int]]:\n    unique_num = dsl_get_cell(grid, *dsl_bbox_of_mask(dsl_mask_eq(grid, 0))[0])\n    grid = dsl_replace_color(grid, 0, unique_num)\n    grid = dsl_full(dsl_shape(grid)[0], dsl_shape(grid)[1], unique_num)\n    grid = dsl_paint_row(grid, 0, 0)\n    grid = dsl_paint_row(grid, dsl_shape(grid)[0] - 1, 0)\n    grid = dsl_paint_row(grid, dsl_shape(grid)[0] // 2, 0)\n    return grid"
}