{
  "task_id": "fc754716",
  "candidate_id": "7",
  "candidate_index": 7,
  "instr_json": "/content/gdrive/MyDrive/full_arc_runs/run1/outputs/training/fc754716.json",
  "out_py": "/content/gdrive/MyDrive/full_arc_runs/run1/debug_multi/fc754716_allc_out/fc754716.cand_7.transform.nl.py",
  "status": "ok",
  "latency_s": 2.91,
  "llm": {
    "latency_s": 2.91,
    "status_code": 200,
    "usage": {
      "prompt_tokens": 1212,
      "total_tokens": 1306,
      "completion_tokens": 94
    }
  },
  "prompt_bytes": {
    "system": 3470,
    "user": 568,
    "n_instructions": 4,
    "shots": 0
  },
  "generated_code": "from dsl_primitives import *\n\ndef transform(grid: List[List[int]]) -> List[List[int]]:\n    unique = dsl_get_cell(grid, dsl_bbox_of_mask(dsl_mask_eq(grid, 0))[0], dsl_bbox_of_mask(dsl_mask_eq(grid, 0))[1])[0]\n    grid = dsl_replace_color(grid, 0, unique)\n    return dsl_replace_color(dsl_zeros_like(grid, unique), unique)"
}