{
  "task_id": "fc754716",
  "candidate_id": "4",
  "candidate_index": 4,
  "instr_json": "/content/gdrive/MyDrive/full_arc_runs/run1/outputs/training/fc754716.json",
  "out_py": "/content/gdrive/MyDrive/full_arc_runs/run1/debug_multi/fc754716_allc_out/fc754716.cand_4.transform.nl.py",
  "status": "ok",
  "latency_s": 3.129,
  "llm": {
    "latency_s": 3.129,
    "status_code": 200,
    "usage": {
      "prompt_tokens": 1215,
      "total_tokens": 1319,
      "completion_tokens": 104
    }
  },
  "prompt_bytes": {
    "system": 3470,
    "user": 592,
    "n_instructions": 3,
    "shots": 0
  },
  "generated_code": "from dsl_primitives import *\n\ndef transform(grid: List[List[int]]) -> List[List[int]]:\n    unique_num = dsl_get_cell(grid, *dsl_iter_coords(grid)[0])\n    grid = dsl_replace_color(grid, 0, unique_num)\n    grid = dsl_flip_v(dsl_flip_h(grid))\n    mid_row = dsl_iter_coords(grid)[len(grid) // 2]\n    grid = dsl_paint_row(grid, mid_row[0], unique_num)\n    return grid"
}