{
  "task_id": "fc754716",
  "candidate_id": "5",
  "candidate_index": 5,
  "instr_json": "/content/gdrive/MyDrive/full_arc_runs/run1/outputs/training/fc754716.json",
  "out_py": "/content/gdrive/MyDrive/full_arc_runs/run1/debug_multi/fc754716_allc_out/fc754716.cand_5.transform.nl.py",
  "status": "ok",
  "latency_s": 3.745,
  "llm": {
    "latency_s": 3.745,
    "status_code": 200,
    "usage": {
      "prompt_tokens": 1203,
      "total_tokens": 1336,
      "completion_tokens": 133
    }
  },
  "prompt_bytes": {
    "system": 3470,
    "user": 532,
    "n_instructions": 3,
    "shots": 0
  },
  "generated_code": "from dsl_primitives import *\n\ndef transform(grid: List[List[int]]) -> List[List[int]]:\n    unique = dsl_get_cell(grid, *dsl_bbox_of_mask(dsl_mask_eq(grid, 0))[0])\n    dsl_paint_row(grid, 0, unique)\n    dsl_paint_col(grid, 0, dsl_shape(grid)[0])\n    dsl_paint_row(grid, dsl_shape(grid)[0] - 1, unique)\n    dsl_paint_col(grid, dsl_shape(grid)[1] - 1, dsl_shape(grid)[0])\n    return dsl_replace_color(grid, 0, unique)"
}