{
  "task_id": "fc754716",
  "candidate_id": "3",
  "candidate_index": 3,
  "instr_json": "/content/gdrive/MyDrive/full_arc_runs/run1/outputs/training/fc754716.json",
  "out_py": "/content/gdrive/MyDrive/full_arc_runs/run1/debug_multi/fc754716_allc_out/fc754716.cand_3.transform.nl.py",
  "status": "ok",
  "latency_s": 4.018,
  "llm": {
    "latency_s": 4.018,
    "status_code": 200,
    "usage": {
      "prompt_tokens": 1218,
      "total_tokens": 1364,
      "completion_tokens": 146
    }
  },
  "prompt_bytes": {
    "system": 3470,
    "user": 571,
    "n_instructions": 4,
    "shots": 0
  },
  "generated_code": "from dsl_primitives import *\n\ndef transform(grid: List[List[int]]) -> List[List[int]]:\n    unique_val = dsl_remap_colors(grid, {v: 1 for v in set(v for row in grid for v in row) if v != 0})[0][0]\n    grid = dsl_replace_color(grid, unique_val, 1)\n    if dsl_get_cell(grid, dsl_shape(grid)[0] // 2, dsl_shape(grid)[1] // 2) == unique_val:\n        grid = dsl_flip_h(dsl_flip_v(grid))\n    return dsl_full(dsl_shape(grid)[0], dsl_shape(grid)[1], 1)"
}