{
  "task_id": "fc754716",
  "candidate_id": "0",
  "candidate_index": 0,
  "instr_json": "/content/gdrive/MyDrive/full_arc_runs/run1/outputs/training/fc754716.json",
  "out_py": "/content/gdrive/MyDrive/full_arc_runs/run1/debug_multi/fc754716_allc_out/fc754716.cand_0.transform.nl.py",
  "status": "ok",
  "latency_s": 4.245,
  "llm": {
    "latency_s": 4.245,
    "status_code": 200,
    "usage": {
      "prompt_tokens": 1234,
      "total_tokens": 1391,
      "completion_tokens": 157
    }
  },
  "prompt_bytes": {
    "system": 3470,
    "user": 656,
    "n_instructions": 4,
    "shots": 0
  },
  "generated_code": "from dsl_primitives import *\n\ndef transform(grid: List[List[int]]) -> List[List[int]]:\n    unique_value = dsl_remap_colors(dsl_mask_eq(grid, dsl_get_cell(grid, *dsl_iter_coords(grid)[0])), {0: 1, 1: 2})[0][0]\n    grid = dsl_replace_color(dsl_replace_color(dsl_full(dsl_shape(grid)[0], dsl_shape(grid)[1], 1), unique_value, 0), 0, 1)\n    grid = dsl_paint_row(grid, dsl_iter_coords(grid)[0][0], 1)\n    grid = dsl_paint_col(grid, dsl_iter_coords(grid)[0][1], 1)\n    return grid"
}