{
  "task_id": "fc754716",
  "candidate_id": "6",
  "candidate_index": 6,
  "instr_json": "/content/gdrive/MyDrive/full_arc_runs/run1/outputs/training/fc754716.json",
  "out_py": "/content/gdrive/MyDrive/full_arc_runs/run1/debug_multi/fc754716_allc_out/fc754716.cand_6.transform.nl.py",
  "status": "ok",
  "latency_s": 4.65,
  "llm": {
    "latency_s": 4.65,
    "status_code": 200,
    "usage": {
      "prompt_tokens": 1209,
      "total_tokens": 1387,
      "completion_tokens": 178
    }
  },
  "prompt_bytes": {
    "system": 3470,
    "user": 549,
    "n_instructions": 4,
    "shots": 0
  },
  "generated_code": "from dsl_primitives import *\n\ndef transform(grid: List[List[int]]) -> List[List[int]]:\n    unique = dsl_get_cell(grid, *dsl_iter_coords(dsl_mask_eq(grid, dsl_get_cell(grid, *dsl_iter_coords(grid)))))\n\n    grid = dsl_replace_color(grid, 0, unique)\n\n    grid = dsl_flip_v(dsl_flip_h(grid))\n\n    mid_row = dsl_zeros_like(grid, 0)\n    mid_row = dsl_set_cell(mid_row, dsl_shape(grid)[0] // 2, 0, 0)\n\n    grid = dsl_copy_row(grid, dsl_shape(grid)[0] // 2, dsl_shape(grid)[0] // 2)\n    grid = dsl_paint_row(grid, dsl_shape(grid)[0] // 2, 0)\n\n    return grid"
}