{
  "task_id": "fc754716",
  "candidate_id": "1",
  "candidate_index": 1,
  "instr_json": "/content/gdrive/MyDrive/full_arc_runs/run1/outputs/training/fc754716.json",
  "out_py": "/content/gdrive/MyDrive/full_arc_runs/run1/debug_multi/fc754716_allc_out/fc754716.cand_1.transform.nl.py",
  "status": "ok",
  "latency_s": 4.063,
  "llm": {
    "latency_s": 4.063,
    "status_code": 200,
    "usage": {
      "prompt_tokens": 1236,
      "total_tokens": 1384,
      "completion_tokens": 148
    }
  },
  "prompt_bytes": {
    "system": 3470,
    "user": 664,
    "n_instructions": 3,
    "shots": 0
  },
  "generated_code": "from dsl_primitives import *\n\ndef transform(grid: List[List[int]]) -> List[List[int]]:\n    unique_num = dsl_get_cell(grid, *dsl_iter_coords(grid)[0])\n    grid = dsl_replace_color(grid, 0, unique_num)\n    grid = dsl_flip_v(dsl_flip_h(grid))\n    if dsl_shape(grid)[0] % 2 == 1:\n        grid = dsl_copy_row(grid, dsl_shape(grid)[0] // 2, 0)\n    if dsl_shape(grid)[1] % 2 == 1:\n        grid = dsl_copy_col(grid, dsl_shape(grid)[1] // 2, 0)\n    return grid"
}