{
  "task_id": "fc754716",
  "candidate_key": "5",
  "candidate_path": "/content/gdrive/MyDrive/full_arc_runs/run1/debug_multi/fc754716_allc_out/fc754716.cand_5.transform.nl.py",
  "exact_total": 0,
  "exact_rate": 0.0,
  "mean_per_cell_acc": 0.0,
  "elapsed_sec": 0.404,
  "pairs": [
    {
      "pair": 0,
      "status": "error",
      "error": "TypeError: Value after * must be an iterable, not int"
    },
    {
      "pair": 1,
      "status": "error",
      "error": "TypeError: Value after * must be an iterable, not int"
    },
    {
      "pair": 2,
      "status": "error",
      "error": "TypeError: Value after * must be an iterable, not int"
    },
    {
      "pair": 3,
      "status": "error",
      "error": "TypeError: Value after * must be an iterable, not int"
    }
  ]
}