{
  "task_id": "f8be4b64",
  "candidate_id": "7",
  "candidate_index": 7,
  "instr_json": "/content/gdrive/MyDrive/full_arc_runs/run1/outputs/training/f8be4b64.json",
  "out_py": "/content/gdrive/MyDrive/full_arc_runs/run1/debug_multi/f8be4b64_allc_out/f8be4b64.cand_7.transform.nl.py",
  "status": "ok",
  "latency_s": 25.963,
  "llm": {
    "latency_s": 25.963,
    "status_code": 200,
    "usage": {
      "prompt_tokens": 1462,
      "total_tokens": 2336,
      "completion_tokens": 874
    }
  },
  "prompt_bytes": {
    "system": 3470,
    "user": 1630,
    "n_instructions": 17,
    "shots": 0
  },
  "generated_code": "from dsl_primitives import *\n\ndef transform(grid: List[List[int]]) -> List[List[int]]:\n    center_col = dsl_paint_col(dsl_zeros_like(grid, 0), dsl_shape(grid)[1] // 2, 0)\n    for r, c in dsl_iter_coords(grid):\n        if dsl_get_cell(center_col, c) == 3:\n            center_col = dsl_paint_cell(center_col, c, 6)\n        elif dsl_get_cell(center_col, c) == 5:\n            center_col = dsl_paint_cell(center_col, c, 5)\n        elif dsl_get_cell(center_col, c) == 8:\n            center_col = dsl_paint_cell(center_col, c, 8)\n        elif dsl_get_cell(center_col, c) == 2:\n            center_col = dsl_paint_cell(center_col, c, 2)\n        elif dsl_get_cell(center_col, c) == 4:\n            center_col = dsl_paint_cell(center_col, c, 4)\n        elif dsl_get_cell(center_col, c) == 6:\n            center_col = dsl_paint_cell(center_col, c, 6)\n        elif dsl_get_cell(center_col, c) == 3:\n            center_col = dsl_paint_cell(center_col, c, 3)\n        elif dsl_get_cell(center_col, c) == 0:\n            center_col = dsl_paint_cell(center_col, c, 0)\n    grid = dsl_paint_col(grid, 0, dsl_zeros_like(grid, 0))\n    grid = dsl_paint_col(grid, dsl_shape(grid)[1] - 1, dsl_zeros_like(grid, 0))\n    grid = dsl_paint_row(grid, 0, dsl_zeros_like(grid, 0))\n    grid = dsl_paint_row(grid, dsl_shape(grid)[0] - 1, dsl_zeros_like(grid, 0))\n    output = dsl_zeros_like(grid, 0)\n    for r, c in dsl_iter_coords(grid):\n        if dsl_in_bounds(grid, r, c):\n            output = dsl_paint_cell(output, c, dsl_get_cell(grid, r))\n    for r, c in dsl_iter_coords(grid):\n        if dsl_in_bounds(grid, r, c):\n            if c < dsl_shape(grid)[1] // 2:\n                output = dsl_paint_cell(output, dsl_shape(grid)[1] // 2 + c, dsl_get_cell(grid, r))\n            else:\n                output = dsl_paint_cell(output, dsl_shape(grid)[1] // 2 - c, dsl_get_cell(grid, r))\n    grid = dsl_paint_col(grid, 0, dsl_zeros_like(grid, 0))\n    grid = dsl_paint_col(grid, dsl_shape(grid)[1] - 1, dsl_zeros_like(grid, 0))\n    grid = dsl_paint_row(grid, 0, dsl_zeros_like(grid, 0))\n    grid = dsl_paint_row(grid, dsl_shape(grid)[0] - 1, dsl_zeros_like(grid, 0))\n    output = dsl_paint_col(output, 0, dsl_zeros_like(output, 0))\n    output = dsl_paint_col(output, dsl_shape(output)[1] - 1, dsl_zeros_like(output, 0))\n    output = dsl_paint_row(output, 0, dsl_zeros_like(output, 0))\n    output = dsl_paint_row(output, dsl_shape(output)[0] - 1, dsl_zeros_like(output, 0))\n    for r, c in dsl_iter_coords(grid):\n        if dsl_in_bounds(grid, r, c):\n            if c < dsl_shape(grid)[1] // 2:\n                output = dsl_paint_cell(output, dsl_shape(grid)[1] // 2 + c, dsl_get_cell(grid, r))\n            else:\n                output = dsl_paint_cell(output, dsl_shape(grid)[1] // 2 - c, dsl_get_cell(grid, r))\n    return output"
}