{
  "task_id": "f8be4b64",
  "candidate_key": "6",
  "candidate_path": "/content/gdrive/MyDrive/full_arc_runs/run1/debug_multi/f8be4b64_allc_out/f8be4b64.cand_6.transform.nl.py",
  "exact_total": 0,
  "exact_rate": 0.0,
  "mean_per_cell_acc": 0.0,
  "elapsed_sec": 0.406,
  "pairs": [
    {
      "pair": 0,
      "status": "error",
      "error": "AttributeError: 'generator' object has no attribute 'map'"
    },
    {
      "pair": 1,
      "status": "error",
      "error": "AttributeError: 'generator' object has no attribute 'map'"
    },
    {
      "pair": 2,
      "status": "error",
      "error": "AttributeError: 'generator' object has no attribute 'map'"
    },
    {
      "pair": 3,
      "status": "error",
      "error": "AttributeError: 'generator' object has no attribute 'map'"
    }
  ]
}