{
  "task_id": "f8be4b64",
  "candidate_id": "9",
  "candidate_index": 9,
  "instr_json": "/content/gdrive/MyDrive/full_arc_runs/run1/outputs/training/f8be4b64.json",
  "out_py": "/content/gdrive/MyDrive/full_arc_runs/run1/debug_multi/f8be4b64_allc_out/f8be4b64.cand_9.transform.nl.py",
  "status": "invalid_code",
  "latency_s": 26.601,
  "llm": {
    "latency_s": 26.601,
    "status_code": 200,
    "usage": {
      "prompt_tokens": 1922,
      "total_tokens": 2822,
      "completion_tokens": 900
    }
  },
  "prompt_bytes": {
    "system": 3470,
    "user": 3278,
    "n_instructions": 39,
    "shots": 0
  },
  "generated_code": "from dsl_primitives import *\n\ndef transform(grid: List[List[int]]) -> List[List[int]]:\n    center_col = dsl_paint_col(dsl_paint_col(dsl_paint_col(dsl_paint_col(dsl_paint_col(dsl_paint_col(dsl_paint_col(dsl_paint_col(dsl_paint_col(dsl_paint_col(dsl_paint_col(dsl_paint_col(dsl_paint_col(dsl_paint_col(dsl_paint_col(dsl_paint_col(dsl_paint_col(dsl_paint_col(dsl_paint_col(dsl_paint_col(dsl_paint_col(dsl_paint_col(dsl_paint_col(dsl_paint_col(dsl_paint_col(dsl_paint_col(dsl_paint_col(dsl_paint_col(dsl_paint_col(dsl_paint_col(dsl_paint_col(dsl_paint_col(dsl_paint_col(dsl_paint_col(dsl_paint_col(dsl_paint_col(dsl_paint_col(dsl_paint_col(dsl_paint_col(dsl_paint_col(dsl_paint_col(dsl_paint_col(dsl_paint_col(dsl_paint_col(dsl_paint_col(dsl_paint_col(dsl_paint_col(dsl_paint_col(dsl_paint_col(dsl_paint_col(dsl_paint_col(dsl_paint_col(dsl_paint_col(dsl_paint_col(dsl_paint_col(dsl_paint_col(dsl_paint_col(dsl_paint_col(dsl_paint_col(dsl_paint_col(dsl_paint_col(dsl_paint_col(dsl_paint_col(dsl_paint_col(dsl_paint_col(dsl_paint_col(dsl_paint_col(dsl_paint_col(dsl_paint_col(dsl_paint_col(dsl_paint_col(dsl_paint_col(dsl_paint_col(dsl_paint_col(dsl_paint_col(dsl_paint_col(dsl_paint_col(dsl_paint_col(dsl_paint_col(dsl_paint_col(dsl_paint_col(dsl_paint_col(dsl_paint_col(dsl_paint_col(dsl_paint_col(dsl_paint_col(dsl_paint_col(dsl_paint_col(dsl_paint_col(dsl_paint_col(dsl_paint_col(dsl_paint_col(dsl_paint_col(dsl_paint_col(dsl_paint_col(dsl_paint_col(dsl_paint_col(dsl_paint_col(dsl_paint_col(dsl_paint_col(dsl_paint_col(dsl_paint_col(dsl_paint_col(dsl_paint_col(dsl_paint_col(dsl_paint_col(dsl_paint_col(dsl_paint_col(dsl_paint_col(dsl_paint_col(dsl_paint_col(dsl_paint_col(dsl_paint_col(dsl_paint_col(dsl_paint_col(dsl_paint_col(dsl_paint_col(dsl_paint_col(dsl_paint_col(dsl_paint_col(dsl_paint_col(dsl_paint_col(dsl_paint_col(dsl_paint_col(dsl_paint_col(dsl_paint_col(dsl_paint_col(dsl_paint_col(dsl_paint_col(dsl_paint_col(dsl_paint_col(dsl_paint_col(dsl_paint_col(dsl_paint_col(dsl_paint_col(dsl_paint_col(dsl_paint_col(dsl_paint_col(dsl_paint_col(dsl_paint_col(dsl_paint_col(dsl_paint_col(dsl_paint_col(dsl_paint_col(dsl_paint_col(dsl_paint_col(dsl_paint_col(dsl_paint_col(dsl_paint_col(dsl_paint_col(dsl_paint_col(dsl_paint_col(dsl_paint_col(dsl_paint_col(dsl_paint_col(dsl_paint_col(dsl_paint_col(dsl_paint_col(dsl_paint_col(dsl_paint_col(dsl_paint_col(dsl_paint_col(dsl_paint_col(dsl_paint_col(dsl_paint_col(dsl_paint_col(dsl_paint_col(dsl_paint_col(dsl_paint_col(dsl_paint_col(dsl_paint_col(dsl_paint_col(dsl_paint_col(dsl_paint_col(dsl_paint_col(dsl_paint_col(dsl_paint_col(dsl_paint_col(dsl_paint_col(dsl_paint_col(dsl_paint_col(dsl_paint_col(dsl_paint_col(dsl_paint_col(dsl_paint_col(dsl_paint_col(dsl_paint_col(dsl_paint_col(dsl_paint_col(dsl_paint_col(dsl_paint_col(dsl_paint_col(dsl_paint_col(dsl_paint_col(dsl_paint_col(dsl_paint_col(dsl_paint_col(dsl_paint_col(dsl_paint_col(dsl_paint_col(dsl_paint_col(dsl_paint_col(dsl_paint_col(dsl_paint_col(dsl_paint_col(dsl_paint_col(dsl_paint_col(dsl_paint_col(dsl_paint_col(dsl_paint_col(dsl_paint_col(dsl_paint_col(dsl_paint_col(dsl_paint_col(dsl_paint_col(dsl_paint_col(dsl_paint_col(dsl_paint_col(dsl_paint_col",
  "error": "SyntaxError: too many nested parentheses (<unknown>, line 4)"
}