{
  "task_id": "f8be4b64",
  "candidate_id": "6",
  "candidate_index": 6,
  "instr_json": "/content/gdrive/MyDrive/full_arc_runs/run1/outputs/training/f8be4b64.json",
  "out_py": "/content/gdrive/MyDrive/full_arc_runs/run1/debug_multi/f8be4b64_allc_out/f8be4b64.cand_6.transform.nl.py",
  "status": "ok",
  "latency_s": 26.283,
  "llm": {
    "latency_s": 26.283,
    "status_code": 200,
    "usage": {
      "prompt_tokens": 1939,
      "total_tokens": 2826,
      "completion_tokens": 887
    }
  },
  "prompt_bytes": {
    "system": 3470,
    "user": 3596,
    "n_instructions": 25,
    "shots": 0
  },
  "generated_code": "from dsl_primitives import *\n\ndef transform(grid: List[List[int]]) -> List[List[int]]:\n    center_col = dsl_iter_coords(grid).map(lambda x: x[1]).median()\n    grid = dsl_paint_col(grid, center_col, 0)\n    grid = dsl_paint_col(grid, center_col - 1, 6)\n    grid = dsl_paint_col(grid, center_col + 1, 6)\n    grid = dsl_paint_col(grid, center_col - 2, 5)\n    grid = dsl_paint_col(grid, center_col + 2, 5)\n    grid = dsl_paint_col(grid, center_col - 3, 3)\n    grid = dsl_paint_col(grid, center_col + 3, 3)\n    grid = dsl_paint_col(grid, center_col - 4, 2)\n    grid = dsl_paint_col(grid, center_col + 4, 2)\n    grid = dsl_paint_col(grid, center_col - 5, 8)\n    grid = dsl_paint_col(grid, center_col + 5, 8)\n    grid = dsl_paint_col(grid, center_col - 6, 4)\n    grid = dsl_paint_col(grid, center_col + 6, 4)\n    grid = dsl_paint_col(grid, center_col - 7, 3)\n    grid = dsl_paint_col(grid, center_col + 7, 3)\n    grid = dsl_paint_col(grid, center_col - 8, 6)\n    grid = dsl_paint_col(grid, center_col + 8, 6)\n    grid = dsl_paint_col(grid, center_col - 9, 8)\n    grid = dsl_paint_col(grid, center_col + 9, 8)\n    grid = dsl_paint_col(grid, center_col - 10, 3)\n    grid = dsl_paint_col(grid, center_col + 10, 3)\n    grid = dsl_paint_col(grid, center_col - 11, 6)\n    grid = dsl_paint_col(grid, center_col + 11, 6)\n    grid = dsl_paint_col(grid, center_col - 12, 8)\n    grid = dsl_paint_col(grid, center_col + 12, 8)\n    grid = dsl_paint_col(grid, center_col - 13, 4)\n    grid = dsl_paint_col(grid, center_col + 13, 4)\n    grid = dsl_paint_col(grid, center_col - 14, 3)\n    grid = dsl_paint_col(grid, center_col + 14, 3)\n    grid = dsl_paint_col(grid, center_col - 15, 6)\n    grid = dsl_paint_col(grid, center_col + 15, 6)\n    grid = dsl_paint_col(grid, center_col - 16, 8)\n    grid = dsl_paint_col(grid, center_col + 16, 8)\n    grid = dsl_paint_col(grid, center_col - 17, 4)\n    grid = dsl_paint_col(grid, center_col + 17, 4)\n    grid = dsl_paint_col(grid, center_col - 18, 3)\n    grid = dsl_paint_col(grid, center_col + 18, 3)\n    grid = dsl_paint_col(grid, center_col - 19, 6)\n    grid = dsl_paint_col(grid, center_col + 19, 6)\n    grid = dsl_paint_col(grid, center_col - 20, 8)\n    grid = dsl_paint_col(grid, center_col + 20, 8)\n    grid = dsl_paint_col(grid, center_col - 21, 4)\n    grid = dsl_paint_col(grid, center_col + 21, 4)\n    grid = dsl_paint_col(grid, center_col - 22, 3)\n    grid = dsl_paint_col(grid, center_col + 22, 3)\n    grid = dsl_paint_col(grid, center_col - 23, 6)\n    grid = dsl_paint_col(grid, center_col + 23, 6)\n    return grid"
}