{
  "task_id": "f8be4b64",
  "candidate_id": "0",
  "candidate_index": 0,
  "instr_json": "/content/gdrive/MyDrive/full_arc_runs/run1/outputs/training/f8be4b64.json",
  "out_py": "/content/gdrive/MyDrive/full_arc_runs/run1/debug_multi/f8be4b64_allc_out/f8be4b64.cand_0.transform.nl.py",
  "status": "invalid_code",
  "latency_s": 26.611,
  "llm": {
    "latency_s": 26.611,
    "status_code": 200,
    "usage": {
      "prompt_tokens": 1928,
      "total_tokens": 2828,
      "completion_tokens": 900
    }
  },
  "prompt_bytes": {
    "system": 3470,
    "user": 3396,
    "n_instructions": 36,
    "shots": 0
  },
  "generated_code": "from dsl_primitives import *\n\ndef transform(grid: List[List[int]]) -> List[List[int]]:\n    center_col = dsl_paint_col(grid, dsl_iter_coords(grid).index(dsl_shape(grid)[1]) // 2, 6)\n    vertical_line = dsl_full(dsl_shape(grid)[0], 1, 6)\n    center_col = dsl_copy_col(center_col, 0, dsl_shape(center_col)[1] - 1)\n    grid = dsl_copy_col(grid, dsl_iter_coords(grid).index(dsl_shape(grid)[1]) // 2, 0)\n    grid = dsl_paste(grid, center_col, 0, dsl_iter_coords(grid).index(dsl_shape(grid)[1]) // 2)\n    grid = dsl_paint_col(grid, 0, 6)\n    grid = dsl_paint_col(grid, dsl_shape(grid)[1] - 1, 6)\n    grid = dsl_paint_row(grid, 0, 5)\n    grid = dsl_paint_row(grid, dsl_shape(grid)[0] - 1, 5)\n    grid = dsl_replace_color(grid, 3, 2)\n    grid = dsl_replace_color(grid, 8, 2)\n    for r in dsl_iter_coords(grid):\n        if dsl_get_cell(grid, r[0], dsl_iter_coords(grid).index(dsl_shape(grid)[1]) // 2) != 5:\n            grid = dsl_paint_cell(grid, r[0], dsl_iter_coords(grid).index(dsl_shape(grid)[1]) // 2, 2)\n    for r in dsl_iter_coords(grid):\n        if dsl_get_cell(grid, r[0], dsl_iter_coords(grid).index(dsl_shape(grid)[1]) // 2) != 6:\n            grid = dsl_paint_cell(grid, r[0], dsl_iter_coords(grid).index(dsl_shape(grid)[1]) // 2, 3)\n    for r in dsl_iter_coords(grid):\n        if dsl_get_cell(grid, r[0], dsl_iter_coords(grid).index(dsl_shape(grid)[1]) // 2) != 4:\n            grid = dsl_paint_cell(grid, r[0], dsl_iter_coords(grid).index(dsl_shape(grid)[1]) // 2, 3)\n    for r in dsl_iter_coords(grid):\n        if dsl_get_cell(grid, r[0], dsl_iter_coords(grid).index(dsl_shape(grid)[1]) // 2) != 3:\n            grid = dsl_paint_cell(grid, r[0], dsl_iter_coords(grid).index(dsl_shape(grid)[1]) // 2, 4)\n    for r in dsl_iter_coords(grid):\n        if dsl_get_cell(grid, r[0], dsl_iter_coords(grid).index(dsl_shape(grid)[1]) // 2) != 4:\n            grid = dsl_paint_cell(grid, r[0], dsl_iter_coords(grid).index(dsl_shape(grid)[1]) // 2, 5)\n    for r in dsl_iter_coords(grid):\n        if dsl_get_cell(grid, r[0], dsl_iter_coords(grid).index(dsl_shape(grid)[1]) // 2) != 5:\n            grid = dsl_paint_cell(grid, r[0], dsl_iter_coords(grid).index(dsl_shape(grid)[1]) // 2, 6)\n    for r in dsl_iter_coords(grid):\n        if dsl_get_cell(grid, r[0], dsl_iter_coords(grid).index(dsl_shape(grid)[1]) // 2) != 6:\n            grid = dsl_paint_cell(grid, r[0], dsl_iter_coords(grid).index(dsl_shape(grid)[1]) // 2, 5)\n    for r in dsl_iter_coords(grid):\n        if dsl_get_cell(grid, r[0], dsl_iter_coords(grid).index(dsl_shape(grid)[1]) // 2) != 3:\n            grid = dsl_paint_cell(grid, r[0], dsl_iter_coords(grid).index(dsl_shape(grid)[1]) // 2, 4)\n    for r in dsl_iter_coords(grid):",
  "error": "SyntaxError: expected an indented block after 'for' statement on line 39 (<unknown>, line 39)"
}