{
  "task_id": "f8be4b64",
  "candidate_id": "3",
  "candidate_index": 3,
  "instr_json": "/content/gdrive/MyDrive/full_arc_runs/run1/outputs/training/f8be4b64.json",
  "out_py": "/content/gdrive/MyDrive/full_arc_runs/run1/debug_multi/f8be4b64_allc_out/f8be4b64.cand_3.transform.nl.py",
  "status": "invalid_code",
  "latency_s": 26.61,
  "llm": {
    "latency_s": 26.61,
    "status_code": 200,
    "usage": {
      "prompt_tokens": 1932,
      "total_tokens": 2832,
      "completion_tokens": 900
    }
  },
  "prompt_bytes": {
    "system": 3470,
    "user": 3845,
    "n_instructions": 32,
    "shots": 0
  },
  "generated_code": "from dsl_primitives import *\n\ndef transform(grid: List[List[int]]) -> List[List[int]]:\n    center_col = dsl_paint_col(grid, dsl_iter_coords(grid).index(dsl_shape(grid)[1]) // 2, dsl_get_cell(grid, dsl_iter_coords(grid).index(dsl_shape(grid)[1]) // 2, 0))\n    grid = dsl_paint_col(grid, dsl_iter_coords(grid).index(dsl_shape(grid)[1]) // 2, dsl_paint_col(dsl_clone(grid), dsl_iter_coords(grid).index(dsl_shape(grid)[1]) // 2, dsl_get_cell(grid, dsl_iter_coords(grid).index(dsl_shape(grid)[1]) // 2, 0)).index(dsl_shape(grid)[1]) // 2 + 1, dsl_get_cell(grid, dsl_iter_coords(grid).index(dsl_shape(grid)[1]) // 2, 0))\n    grid = dsl_paint_row(grid, 0, dsl_zeros_like(grid, 0))\n    grid = dsl_paint_row(grid, dsl_shape(grid)[0] - 3, dsl_zeros_like(grid, 0))\n    grid = dsl_paint_row(grid, dsl_shape(grid)[0] - 3, dsl_zeros_like(grid, 0))\n    grid = dsl_paint_row(grid, dsl_shape(grid)[0] - 6, dsl_zeros_like(grid, 0))\n    grid = dsl_paint_row(grid, 0, dsl_zeros_like(grid, 0))\n    grid = dsl_paint_col(grid, dsl_iter_coords(grid).index(dsl_shape(grid)[1]) // 2, dsl_paint_col(dsl_clone(grid), dsl_iter_coords(grid).index(dsl_shape(grid)[1]) // 2, dsl_iter_coords(grid).index(dsl_shape(grid)[1]) // 2 - 1, dsl_get_cell(grid, dsl_iter_coords(grid).index(dsl_shape(grid)[1]) // 2, 0)))\n    grid = dsl_paint_col(grid, dsl_iter_coords(grid).index(dsl_shape(grid)[1]) // 2, dsl_paint_col(dsl_clone(grid), dsl_iter_coords(grid).index(dsl_shape(grid)[1]) // 2, dsl_iter_coords(grid).index(dsl_shape(grid)[1]) // 2 + 1, dsl_get_cell(grid, dsl_iter_coords(grid).index(dsl_shape(grid)[1]) // 2, 0)))\n    grid = dsl_paint_col(grid, dsl_iter_coords(grid).index(dsl_shape(grid)[1]) // 2, dsl_paint_col(dsl_clone(grid), dsl_iter_coords(grid).index(dsl_shape(grid)[1]) // 2, dsl_iter_coords(grid).index(dsl_shape(grid)[1]) // 2 - 1, dsl_get_cell(grid, dsl_iter_coords(grid).index(dsl_shape(grid)[1]) // 2, 0)))\n    grid = dsl_paint_col(grid, dsl_iter_coords(grid).index(dsl_shape(grid)[1]) // 2, dsl_paint_col(dsl_clone(grid), dsl_iter_coords(grid).index(dsl_shape(grid)[1]) // 2, dsl_iter_coords(grid).index(dsl_shape(grid)[1]) // 2 + 1, dsl_get_cell(grid, dsl_iter_coords(grid).index(dsl_shape(grid)[1]) // 2, 0)))\n    grid = dsl_paint_col(grid, dsl_iter_coords(grid).index(dsl_shape(grid)[1]) // 2, dsl_paint_col(dsl_clone(grid), dsl_iter_coords(grid).index(dsl_shape(grid)[1]) // 2, dsl_iter_coords(grid).index(dsl_shape(grid)[1]) // 2 - 1, dsl_get_cell(grid, dsl_iter_coords(grid).index(dsl_shape(grid)[1]) // 2, 0)))\n    grid = dsl_paint_col(grid, dsl_iter_coords(grid).index(dsl_shape(grid)[1]) // 2, dsl_paint_col(dsl_clone(grid), dsl_iter_coords(grid).index(dsl_shape(grid)[1]) // 2, dsl_iter_coords(grid).index(dsl",
  "error": "SyntaxError: '(' was never closed (<unknown>, line 16)"
}