{
  "task_id": "f8be4b64",
  "candidate_key": "7",
  "candidate_path": "/content/gdrive/MyDrive/full_arc_runs/run1/debug_multi/f8be4b64_allc_out/f8be4b64.cand_7.transform.nl.py",
  "exact_total": 0,
  "exact_rate": 0.0,
  "mean_per_cell_acc": 0.0,
  "elapsed_sec": 0.423,
  "pairs": [
    {
      "pair": 0,
      "status": "error",
      "error": "TypeError: dsl_get_cell() missing 1 required positional argument: 'c'"
    },
    {
      "pair": 1,
      "status": "error",
      "error": "TypeError: dsl_get_cell() missing 1 required positional argument: 'c'"
    },
    {
      "pair": 2,
      "status": "error",
      "error": "TypeError: dsl_get_cell() missing 1 required positional argument: 'c'"
    },
    {
      "pair": 3,
      "status": "error",
      "error": "TypeError: dsl_get_cell() missing 1 required positional argument: 'c'"
    }
  ]
}