{
  "task_id": "f21745ec",
  "candidate_id": "5",
  "candidate_index": 5,
  "instr_json": "/content/gdrive/MyDrive/full_arc_runs/run1/outputs/training/f21745ec.json",
  "out_py": "/content/gdrive/MyDrive/full_arc_runs/run1/debug_multi/f21745ec_allc_out/f21745ec.cand_5.transform.nl.py",
  "status": "ok",
  "latency_s": 6.593,
  "llm": {
    "latency_s": 6.593,
    "status_code": 200,
    "usage": {
      "prompt_tokens": 1372,
      "total_tokens": 1576,
      "completion_tokens": 204
    }
  },
  "prompt_bytes": {
    "system": 3470,
    "user": 1132,
    "n_instructions": 11,
    "shots": 0
  },
  "generated_code": "from dsl_primitives import *\n\ndef transform(grid: List[List[int]]) -> List[List[int]]:\n    outer_frame = dsl_mask_eq(dsl_mask_eq(grid, 4), 8)\n    inner_frame = dsl_mask_eq(dsl_mask_eq(grid, 3), outer_frame)\n    sub_frame = dsl_mask_eq(dsl_mask_eq(grid, 2), inner_frame)\n    grid = dsl_replace_color(dsl_replace_color(dsl_replace_color(dsl_replace_color(grid, 2, 1), 3, 2), 4, 0), 8, 0)\n    grid = dsl_replace_color(grid, 5, 1)\n    grid = dsl_replace_color(grid, 6, 2)\n    grid = dsl_replace_color(grid, 7, 1)\n    grid = dsl_replace_color(grid, 8, 8)\n    grid = dsl_replace_color(grid, 0, 0)\n    return grid"
}