{
  "task_id": "f21745ec",
  "candidate_id": "8",
  "candidate_index": 8,
  "instr_json": "/content/gdrive/MyDrive/full_arc_runs/run1/outputs/training/f21745ec.json",
  "out_py": "/content/gdrive/MyDrive/full_arc_runs/run1/debug_multi/f21745ec_allc_out/f21745ec.cand_8.transform.nl.py",
  "status": "invalid_code",
  "latency_s": 23.319,
  "llm": {
    "latency_s": 23.319,
    "status_code": 200,
    "usage": {
      "prompt_tokens": 1929,
      "total_tokens": 2829,
      "completion_tokens": 900
    }
  },
  "prompt_bytes": {
    "system": 3470,
    "user": 3431,
    "n_instructions": 33,
    "shots": 0
  },
  "generated_code": "from dsl_primitives import *\n\ndef transform(grid: List[List[int]]) -> List[List[int]]:\n    central_square = dsl_crop(grid, 2, 2, 4, 4)\n    grid = dsl_replace_color(dsl_paint_row(dsl_paint_col(dsl_paint_row(dsl_paint_col(grid, 2, 0), 0, 4), 2, 0), 0, 4), 0, 0)\n    outermost_ring = dsl_mask_eq(dsl_paint_row(dsl_paint_col(dsl_paint_row(dsl_paint_col(grid, 2, 0), 0, 4), 2, 0), 0, 4), 0)\n    grid = dsl_replace_color(dsl_paint_row(dsl_paint_col(dsl_paint_row(dsl_paint_col(grid, 2, 0), 0, 4), 2, 0), 0, 4), 0, 0)\n    inner_ring = dsl_mask_eq(dsl_paint_row(dsl_paint_col(dsl_paint_row(dsl_paint_col(dsl_paint_row(dsl_paint_col(grid, 2, 0), 0, 4), 2, 0), 0, 4), 0, 4), 2, 0), 0)\n    grid = dsl_replace_color(dsl_paint_row(dsl_paint_col(dsl_paint_row(dsl_paint_col(grid, 2, 0), 0, 4), 2, 0), 0, 4), 0, 0)\n    innermost_ring = dsl_mask_eq(dsl_paint_row(dsl_paint_col(dsl_paint_row(dsl_paint_col(dsl_paint_row(dsl_paint_col(dsl_paint_row(dsl_paint_col(grid, 2, 0), 0, 4), 2, 0), 0, 4), 2, 0), 0, 4), 2, 0), 0, 4), 0)\n    grid = dsl_replace_color(dsl_paint_row(dsl_paint_col(dsl_paint_row(dsl_paint_col(grid, 2, 0), 0, 4), 2, 0), 0, 4), 0, 0)\n    grid = dsl_replace_color(grid, 0, 0)\n    grid = dsl_replace_color(grid, 0, 0)\n    grid = dsl_replace_color(grid, 0, 0)\n    grid = dsl_replace_color(grid, 0, 0)\n    grid = dsl_replace_color(grid, 0, 0)\n    grid = dsl_replace_color(grid, 0, 0)\n    grid = dsl_replace_color(grid, 0, 0)\n    grid = dsl_replace_color(grid, 0, 0)\n    grid = dsl_replace_color(grid, 0, 0)\n    grid = dsl_replace_color(grid, 0, 0)\n    grid = dsl_replace_color(grid, 0, 0)\n    grid = dsl_replace_color(grid, 0, 0)\n    grid = dsl_replace_color(grid, 0, 0)\n    grid = dsl_replace_color(grid, 0, 0)\n    grid = dsl_replace_color(grid, 0, 0)\n    grid = dsl_replace_color(grid, 0, 0)\n    grid = dsl_replace_color(grid, 0, 0)\n    grid = dsl_replace_color(grid, 0, 0)\n    grid = dsl_replace_color(grid, 0, 0)\n    grid = dsl_replace_color(grid, 0, 0)\n    grid = dsl_replace_color(grid, 0, 0)\n    grid = dsl_replace_color(grid, 0, 0)\n    grid = dsl_replace_color(grid, 0, 0)\n    grid = dsl_replace_color(grid, 0, 0)\n    grid = dsl_replace_color(grid, 0, 0)\n    grid = dsl_replace_color(grid, 0, 0)\n    grid = dsl_replace_color(grid, 0, 0)\n    grid = dsl_replace_color(grid, 0,",
  "error": "SyntaxError: '(' was never closed (<unknown>, line 39)"
}