{
  "task_id": "f21745ec",
  "candidate_id": "2",
  "candidate_index": 2,
  "instr_json": "/content/gdrive/MyDrive/full_arc_runs/run1/outputs/training/f21745ec.json",
  "out_py": "/content/gdrive/MyDrive/full_arc_runs/run1/debug_multi/f21745ec_allc_out/f21745ec.cand_2.transform.nl.py",
  "status": "ok",
  "latency_s": 12.314,
  "llm": {
    "latency_s": 12.314,
    "status_code": 200,
    "usage": {
      "prompt_tokens": 1561,
      "total_tokens": 1980,
      "completion_tokens": 419
    }
  },
  "prompt_bytes": {
    "system": 3470,
    "user": 1766,
    "n_instructions": 17,
    "shots": 0
  },
  "generated_code": "from dsl_primitives import *\n\ndef transform(grid: List[List[int]]) -> List[List[int]]:\n    def replace_square(grid: List[List[int]], value: int, new_value: int) -> List[List[int]]:\n        mask = dsl_mask_eq(grid, value)\n        new_grid = dsl_paint_masked(grid, dsl_full(4, 4, new_value), 0, 0, mask)\n        return new_grid\n\n    def replace_square_3x3(grid: List[List[int]], value: int, new_value: int) -> List[List[int]]:\n        mask = dsl_mask_eq(grid, value)\n        new_grid = dsl_paint_masked(grid, dsl_full(3, 3, new_value), 0, 0, mask)\n        return new_grid\n\n    grid = replace_square(grid, 4, 5)\n    while True:\n        new_grid = dsl_paint_masked(grid, dsl_full(4, 4, 5), 0, 0, dsl_mask_eq(grid, 4))\n        if new_grid == grid:\n            break\n        grid = new_grid\n\n    grid = replace_square_3x3(grid, 3, 2)\n    while True:\n        new_grid = dsl_paint_masked(grid, dsl_full(3, 3, 2), 0, 0, dsl_mask_eq(grid, 3))\n        if new_grid == grid:\n            break\n        grid = new_grid\n\n    grid = dsl_replace_color(grid, 8, 0)\n    grid = dsl_replace_color(grid, 7, 0)\n    grid = dsl_replace_color(grid, 6, 0)\n    grid = dsl_replace_color(grid, 2, 0)\n    grid = replace_square(grid, 2, 2)\n    grid = dsl_replace_color(grid, 1, 0)\n    grid = dsl_replace_color(grid, 0, 0)\n    return grid"
}