{
  "task_id": "f21745ec",
  "candidate_id": "7",
  "candidate_index": 7,
  "instr_json": "/content/gdrive/MyDrive/full_arc_runs/run1/outputs/training/f21745ec.json",
  "out_py": "/content/gdrive/MyDrive/full_arc_runs/run1/debug_multi/f21745ec_allc_out/f21745ec.cand_7.transform.nl.py",
  "status": "ok",
  "latency_s": 22.426,
  "llm": {
    "latency_s": 22.426,
    "status_code": 200,
    "usage": {
      "prompt_tokens": 1435,
      "total_tokens": 2295,
      "completion_tokens": 860
    }
  },
  "prompt_bytes": {
    "system": 3470,
    "user": 1194,
    "n_instructions": 9,
    "shots": 0
  },
  "generated_code": "from dsl_primitives import *\n\ndef transform(grid: List[List[int]]) -> List[List[int]]:\n    def process_subgrid(G: List[List[int]]) -> List[List[int]]:\n        mask = dsl_mask_eq(G, 4)\n        G = dsl_paint_masked(G, dsl_full(3, 3, 5), 0, 0, mask)\n        mask = dsl_mask_eq(G, 7)\n        G = dsl_paint_masked(G, dsl_full(3, 3, 0), 0, 0, mask)\n        mask = dsl_mask_eq(G, 2)\n        G = dsl_paint_masked(G, dsl_full(3, 3, 2), 0, 0, mask)\n        mask = dsl_mask_eq(G, 2)\n        G = dsl_paint_masked(G, dsl_full(3, 3, 0), 0, 1, mask)\n        mask = dsl_mask_eq(G, 2)\n        G = dsl_paint_masked(G, dsl_full(3, 3, 0), 1, 0, mask)\n        mask = dsl_mask_eq(G, 2)\n        G = dsl_paint_masked(G, dsl_full(3, 3, 0), 1, 1, mask)\n        mask = dsl_mask_eq(G, 8)\n        G = dsl_paint_masked(G, dsl_full(3, 3, 8), 0, 2, mask)\n        mask = dsl_mask_eq(G, 8)\n        G = dsl_paint_masked(G, dsl_full(3, 3, 0), 1, 2, mask)\n        mask = dsl_mask_eq(G, 8)\n        G = dsl_paint_masked(G, dsl_full(3, 3, 0), 2, 0, mask)\n        mask = dsl_mask_eq(G, 8)\n        G = dsl_paint_masked(G, dsl_full(3, 3, 0), 2, 1, mask)\n        mask = dsl_mask_eq(G, 3)\n        G = dsl_paint_masked(G, dsl_full(3, 3, 3), 1, 0, mask)\n        mask = dsl_mask_eq(G, 3)\n        G = dsl_paint_masked(G, dsl_full(3, 3, 0), 1, 1, mask)\n        mask = dsl_mask_eq(G, 3)\n        G = dsl_paint_masked(G, dsl_full(3, 3, 0), 1, 2, mask)\n        mask = dsl_mask_eq(G, 6)\n        G = dsl_paint_masked(G, dsl_full(3, 3, 6), 0, 1, mask)\n        mask = dsl_mask_eq(G, 6)\n        G = dsl_paint_masked(G, dsl_full(3, 3, 0), 0, 2, mask)\n        mask = dsl_mask_eq(G, 6)\n        G = dsl_paint_masked(G, dsl_full(3, 3, 0), 2, 1, mask)\n        mask = dsl_mask_eq(G, 1)\n        G = dsl_paint_masked(G, dsl_full(3, 3, 1), 1, 1, mask)\n        mask = dsl_mask_eq(G, 1)\n        G = dsl_paint_masked(G, dsl_full(3, 3, 0), 1, 0, mask)\n        mask = dsl_mask_eq(G, 1)\n        G = dsl_paint_masked(G, dsl_full(3, 3, 0), 1, 2, mask)\n        return dsl_replace_color(G, 1, 0)\n    return dsl_zeros_like(grid, 0)"
}