{
  "task_id": "f21745ec",
  "candidate_id": "0",
  "candidate_index": 0,
  "instr_json": "/content/gdrive/MyDrive/full_arc_runs/run1/outputs/training/f21745ec.json",
  "out_py": "/content/gdrive/MyDrive/full_arc_runs/run1/debug_multi/f21745ec_allc_out/f21745ec.cand_0.transform.nl.py",
  "status": "ok",
  "latency_s": 4.608,
  "llm": {
    "latency_s": 4.608,
    "status_code": 200,
    "usage": {
      "prompt_tokens": 1233,
      "total_tokens": 1352,
      "completion_tokens": 119
    }
  },
  "prompt_bytes": {
    "system": 3470,
    "user": 705,
    "n_instructions": 5,
    "shots": 0
  },
  "generated_code": "from dsl_primitives import *\n\ndef transform(grid: List[List[int]]) -> List[List[int]]:\n    central_square = dsl_crop(grid, *dsl_bbox_of_mask(dsl_mask_eq(grid, dsl_get_cell(grid, *next(dsl_iter_coords(grid))))))\n    rotated_region = dsl_rot90(central_square)\n    new_grid = dsl_paste(grid, rotated_region, *dsl_bbox_of_mask(dsl_mask_eq(grid, dsl_get_cell(grid, *next(dsl_iter_coords(grid))))))\n    return dsl_zeros_like(new_grid, 0)"
}