{
  "task_id": "f21745ec",
  "candidate_id": "3",
  "candidate_index": 3,
  "instr_json": "/content/gdrive/MyDrive/full_arc_runs/run1/outputs/training/f21745ec.json",
  "out_py": "/content/gdrive/MyDrive/full_arc_runs/run1/debug_multi/f21745ec_allc_out/f21745ec.cand_3.transform.nl.py",
  "status": "ok",
  "latency_s": 7.253,
  "llm": {
    "latency_s": 7.253,
    "status_code": 200,
    "usage": {
      "prompt_tokens": 1331,
      "total_tokens": 1563,
      "completion_tokens": 232
    }
  },
  "prompt_bytes": {
    "system": 3470,
    "user": 877,
    "n_instructions": 9,
    "shots": 0
  },
  "generated_code": "from dsl_primitives import *\n\ndef transform(grid: List[List[int]]) -> List[List[int]]:\n    top_bottom = dsl_mask_eq(dsl_bbox_of_mask(dsl_mask_eq(grid, 3)), 0)\n    grid = dsl_paint_row(dsl_paint_col(grid, 3, 2 if dsl_in_bounds(grid, r, c) and top_bottom else 3), 3, 2 if top_bottom else 3)\n    grid = dsl_replace_color(grid, 4, 0)\n    grid = dsl_replace_color(grid, 7, 0)\n    grid = dsl_replace_color(grid, 5, 0)\n    grid = dsl_replace_color(grid, 6, 0)\n    grid = dsl_replace_color(grid, 1, 0)\n    grid = dsl_replace_color(grid, 0, 0)\n    grid = dsl_replace_color(grid, 2, 0)\n    grid = dsl_replace_color(grid, 3, 0)\n    grid = dsl_replace_color(grid, 8, 0)\n    return grid"
}