{
  "task_id": "f21745ec",
  "candidate_key": "9",
  "candidate_path": "/content/gdrive/MyDrive/full_arc_runs/run1/debug_multi/f21745ec_allc_out/f21745ec.cand_9.transform.nl.py",
  "exact_total": 0,
  "exact_rate": 0.0,
  "mean_per_cell_acc": 0.0,
  "elapsed_sec": 12.019,
  "pairs": [
    {
      "pair": 0,
      "status": "error",
      "error": "Timeout(4.00s)"
    },
    {
      "pair": 1,
      "status": "error",
      "error": "Timeout(4.00s)"
    },
    {
      "pair": 2,
      "status": "error",
      "error": "Timeout(4.00s)"
    }
  ]
}