{
  "task_id": "f21745ec",
  "candidate_id": "4",
  "candidate_index": 4,
  "instr_json": "/content/gdrive/MyDrive/full_arc_runs/run1/outputs/training/f21745ec.json",
  "out_py": "/content/gdrive/MyDrive/full_arc_runs/run1/debug_multi/f21745ec_allc_out/f21745ec.cand_4.transform.nl.py",
  "status": "ok",
  "latency_s": 7.773,
  "llm": {
    "latency_s": 7.773,
    "status_code": 200,
    "usage": {
      "prompt_tokens": 1554,
      "total_tokens": 1810,
      "completion_tokens": 256
    }
  },
  "prompt_bytes": {
    "system": 3470,
    "user": 2034,
    "n_instructions": 17,
    "shots": 0
  },
  "generated_code": "from dsl_primitives import *\n\ndef transform(grid: List[List[int]]) -> List[List[int]]:\n    outer = dsl_bbox_of_mask(dsl_mask_eq(grid, 8))\n    h, w = dsl_shape(grid)\n    color = 2\n    while True:\n        inner = dsl_bbox_of_mask(dsl_mask_eq(dsl_crop(grid, *outer, w // 3, w // 3), 8))\n        dsl_fill_rect(grid, *inner, w // 3, 2, color)\n        outer = dsl_bbox_of_mask(dsl_mask_eq(dsl_crop(grid, *outer, w // 3, w // 3), 8))\n        if outer is None:\n            break\n        color = 3 - color\n    for width in [3, 2, 1, 7, 4, 5, 6]:\n        inner = dsl_bbox_of_mask(dsl_mask_eq(dsl_crop(grid, *outer, width, width), 8))\n        dsl_set_cell(grid, *inner, 0)\n        outer = dsl_bbox_of_mask(dsl_mask_eq(dsl_crop(grid, *outer, width, width), 8))\n    return grid"
}