{
  "task_id": "f21745ec",
  "candidate_key": "6",
  "candidate_path": "/content/gdrive/MyDrive/full_arc_runs/run1/debug_multi/f21745ec_allc_out/f21745ec.cand_6.transform.nl.py",
  "exact_total": 0,
  "exact_rate": 0.0,
  "mean_per_cell_acc": 0.8925360706668043,
  "elapsed_sec": 0.313,
  "pairs": [
    {
      "pair": 0,
      "status": "ok",
      "exact": false,
      "per_cell_acc": 0.913832
    },
    {
      "pair": 1,
      "status": "ok",
      "exact": false,
      "per_cell_acc": 0.875346
    },
    {
      "pair": 2,
      "status": "ok",
      "exact": false,
      "per_cell_acc": 0.88843
    }
  ]
}