{
  "task_id": "f21745ec",
  "candidate_id": "1",
  "candidate_index": 1,
  "instr_json": "/content/gdrive/MyDrive/full_arc_runs/run1/outputs/training/f21745ec.json",
  "out_py": "/content/gdrive/MyDrive/full_arc_runs/run1/debug_multi/f21745ec_allc_out/f21745ec.cand_1.transform.nl.py",
  "status": "invalid_code",
  "latency_s": 23.328,
  "llm": {
    "latency_s": 23.328,
    "status_code": 200,
    "usage": {
      "prompt_tokens": 1937,
      "total_tokens": 2837,
      "completion_tokens": 900
    }
  },
  "prompt_bytes": {
    "system": 3470,
    "user": 3285,
    "n_instructions": 25,
    "shots": 0
  },
  "generated_code": "from dsl_primitives import *\n\ndef transform(grid: List[List[int]]) -> List[List[int]]:\n    central_square = dsl_crop(grid, *dsl_bbox_of_mask(dsl_mask_eq(grid, dsl_get_cell(grid, *next(dsl_iter_coords(grid))))), 1, 1)\n    mirrored_square = dsl_flip_v(dsl_flip_h(dsl_clone(central_square)))\n    filled_square = dsl_fill_rect(mirrored_square, 0, 0, dsl_shape(mirrored_square)[0], dsl_shape(mirrored_square)[1], dsl_get_cell(central_square, *next(dsl_iter_coords(central_square))))\n    grid = dsl_replace_color(grid, dsl_get_cell(central_square, *next(dsl_iter_coords(central_square))), dsl_get_cell(filled_square, *next(dsl_iter_coords(filled_square))))\n    grid = dsl_replace_color(grid, dsl_get_cell(grid, *next(dsl_iter_coords(grid))), dsl_get_cell(filled_square, *next(dsl_iter_coords(filled_square))))\n    if dsl_shape(grid) == (4, 4) and dsl_mask_eq(grid, 0).count(True) == 16:\n        grid = dsl_replace_color(grid, 0, 7)\n    elif dsl_shape(grid) == (3, 3) and dsl_mask_eq(grid, 0).count(True) == 9:\n        grid = dsl_replace_color(grid, 0, 4)\n    elif dsl_shape(grid) == (2, 2) and dsl_mask_eq(grid, 0).count(True) == 4:\n        grid = dsl_replace_color(grid, 0, 2)\n    elif dsl_shape(grid) == (1, 1) and dsl_get_cell(grid, *next(dsl_iter_coords(grid))) == 7:\n        grid = dsl_replace_color(grid, 7, 8)\n    elif dsl_shape(grid) == (1, 1) and dsl_get_cell(grid, *next(dsl_iter_coords(grid))) == 8:\n        grid = dsl_replace_color(grid, 8, 9)\n    elif dsl_shape(grid) == (1, 1) and dsl_get_cell(grid, *next(dsl_iter_coords(grid))) == 5:\n        grid = dsl_replace_color(grid, 5, 6)\n    elif dsl_shape(grid) == (1, 1) and dsl_get_cell(grid, *next(dsl_iter_coords(grid))) == 6:\n        grid = dsl_replace_color(grid, 6, 7)\n    elif dsl_shape(grid) == (1, 1) and dsl_get_cell(grid, *next(dsl_iter_coords(grid))) == 4:\n        grid = dsl_replace_color(grid, 4, 5)\n    elif dsl_shape(grid) == (1, 1) and dsl_get_cell(grid, *next(dsl_iter_coords(grid))) == 2:\n        grid = dsl_replace_color(grid, 2, 3)\n    elif dsl_shape(grid) == (1, 1) and dsl_get_cell(grid, *next(dsl_iter_coords(grid))) == 3:\n        grid = dsl_replace_color(grid, 3, 4)\n    elif dsl_shape(grid) == (1, 1) and dsl_get_cell(grid, *next(dsl_iter_coords(grid))) == 1:\n        grid = dsl_replace_color(grid, 1, 2)\n    elif dsl_shape(grid) == (1, 1) and dsl_get_cell(grid, *next(dsl_iter_coords(grid))) == 0:\n        grid = dsl_replace_color(grid, 0, 1)\n    elif dsl_shape(grid) == (1, 1) and dsl_get_cell(grid, *next(dsl_iter_coords(grid))) == 5 and dsl_mask_eq(grid, 1).count(True) == 4:\n        grid = dsl_replace_color(grid, 5, 6)\n    elif dsl_shape(grid) == (1, 1) and dsl_get_cell(grid, *next(dsl_iter_coords(grid))) == 6 and dsl_mask_eq(grid, 6).count",
  "error": "SyntaxError: expected ':' (<unknown>, line 35)"
}