{
  "task_id": "f21745ec",
  "candidate_key": "3",
  "candidate_path": "/content/gdrive/MyDrive/full_arc_runs/run1/debug_multi/f21745ec_allc_out/f21745ec.cand_3.transform.nl.py",
  "exact_total": 0,
  "exact_rate": 0.0,
  "mean_per_cell_acc": 0.0,
  "elapsed_sec": 0.302,
  "pairs": [
    {
      "pair": 0,
      "status": "error",
      "error": "TypeError: object of type 'int' has no len()"
    },
    {
      "pair": 1,
      "status": "error",
      "error": "TypeError: object of type 'NoneType' has no len()"
    },
    {
      "pair": 2,
      "status": "error",
      "error": "TypeError: object of type 'int' has no len()"
    }
  ]
}