{
  "task_id": "f21745ec",
  "candidate_id": "6",
  "candidate_index": 6,
  "instr_json": "/content/gdrive/MyDrive/full_arc_runs/run1/outputs/training/f21745ec.json",
  "out_py": "/content/gdrive/MyDrive/full_arc_runs/run1/debug_multi/f21745ec_allc_out/f21745ec.cand_6.transform.nl.py",
  "status": "ok",
  "latency_s": 13.851,
  "llm": {
    "latency_s": 13.851,
    "status_code": 200,
    "usage": {
      "prompt_tokens": 1372,
      "total_tokens": 1864,
      "completion_tokens": 492
    }
  },
  "prompt_bytes": {
    "system": 3470,
    "user": 1099,
    "n_instructions": 13,
    "shots": 0
  },
  "generated_code": "from dsl_primitives import *\n\ndef transform(grid: List[List[int]]) -> List[List[int]]:\n    mask = dsl_mask_eq(grid, 0)\n    grid = dsl_replace_color(dsl_clone(grid), 0, 0)\n    inner_grid = dsl_crop(grid, 1, 1, dsl_shape(grid)[0] - 2, dsl_shape(grid)[1] - 2)\n    grid = dsl_paint_row(grid, 0, 0)\n    grid = dsl_paint_row(grid, dsl_shape(grid)[0] - 1, 0)\n    grid = dsl_paint_col(grid, 0, 0)\n    grid = dsl_paint_col(grid, dsl_shape(grid)[1] - 1, 0)\n    for r, c in dsl_iter_coords(inner_grid):\n        if dsl_get_cell(inner_grid, r, c) == 3:\n            grid = dsl_paint_cell(grid, r + 1, c + 1, 3)\n        elif dsl_get_cell(inner_grid, r, c) == 2:\n            grid = dsl_paint_cell(grid, r + 1, c + 1, 2)\n        elif dsl_get_cell(inner_grid, r, c) == 8:\n            grid = dsl_paint_cell(grid, r + 1, c + 1, 8)\n        elif dsl_get_cell(inner_grid, r, c) == 4:\n            grid = dsl_paint_cell(grid, r + 1, c + 1, 4)\n        elif dsl_get_cell(inner_grid, r, c) == 5:\n            grid = dsl_paint_cell(grid, r + 1, c + 1, 5)\n        elif dsl_get_cell(inner_grid, r, c) == 6:\n            grid = dsl_paint_cell(grid, r + 1, c + 1, 6)\n        elif dsl_get_cell(inner_grid, r, c) == 7:\n            grid = dsl_paint_cell(grid, r + 1, c + 1, 7)\n        elif dsl_get_cell(inner_grid, r, c) == 1:\n            grid = dsl_paint_cell(grid, r + 1, c + 1, 1)\n    return grid"
}