{
  "task_id": "f21745ec",
  "candidate_id": "9",
  "candidate_index": 9,
  "instr_json": "/content/gdrive/MyDrive/full_arc_runs/run1/outputs/training/f21745ec.json",
  "out_py": "/content/gdrive/MyDrive/full_arc_runs/run1/debug_multi/f21745ec_allc_out/f21745ec.cand_9.transform.nl.py",
  "status": "ok",
  "latency_s": 23.318,
  "llm": {
    "latency_s": 23.318,
    "status_code": 200,
    "usage": {
      "prompt_tokens": 1559,
      "total_tokens": 2459,
      "completion_tokens": 900
    }
  },
  "prompt_bytes": {
    "system": 3470,
    "user": 2146,
    "n_instructions": 26,
    "shots": 0
  },
  "generated_code": "from dsl_primitives import *\n\ndef transform(grid: List[List[int]]) -> List[List[int]]:\n    grid = dsl_replace_color(dsl_replace_color(dsl_replace_color(dsl_replace_color(dsl_replace_color(dsl_replace_color(grid, 4, 5), 7, 0), 8, 6), 2, 3), 3, 2), 6, 8)\n    while True:\n        topmost = dsl_bbox_of_mask(dsl_mask_eq(grid, 0))\n        if topmost is None:\n            break\n        r0, c0, r1, c1 = topmost\n        grid = dsl_copy_row(grid, r0, r0)\n        grid = dsl_paint_row(grid, r0, 0)\n        grid = dsl_copy_row(grid, r1, r0)\n        grid = dsl_paint_row(grid, r1, 0)\n        grid = dsl_paint_row(grid, r0, 0)\n        grid = dsl_paint_row(grid, r1, 0)\n        grid = dsl_paint_row(grid, r0, 0)\n        grid = dsl_paint_row(grid, r1, 0)\n        grid = dsl_paint_row(grid, r0, 0)\n        grid = dsl_paint_row(grid, r1, 0)\n        grid = dsl_paint_row(grid, r0, 0)\n        grid = dsl_paint_row(grid, r1, 0)\n        grid = dsl_paint_row(grid, r0, 0)\n        grid = dsl_paint_row(grid, r1, 0)\n        grid = dsl_paint_row(grid, r0, 0)\n        grid = dsl_paint_row(grid, r1, 0)\n        grid = dsl_paint_row(grid, r0, 0)\n        grid = dsl_paint_row(grid, r1, 0)\n        grid = dsl_paint_row(grid, r0, 0)\n        grid = dsl_paint_row(grid, r1, 0)\n        grid = dsl_paint_row(grid, r0, 0)\n        grid = dsl_paint_row(grid, r1, 0)\n        grid = dsl_paint_row(grid, r0, 0)\n        grid = dsl_paint_row(grid, r1, 0)\n        grid = dsl_paint_row(grid, r0, 0)\n        grid = dsl_paint_row(grid, r1, 0)\n        grid = dsl_paint_row(grid, r0, 0)\n        grid = dsl_paint_row(grid, r1, 0)\n        grid = dsl_paint_row(grid, r0, 0)\n        grid = dsl_paint_row(grid, r1, 0)\n        grid = dsl_paint_row(grid, r0, 0)\n        grid = dsl_paint_row(grid, r1, 0)\n        grid = dsl_paint_row(grid, r0, 0)\n        grid = dsl_paint_row(grid, r1, 0)\n        grid = dsl_paint_row(grid, r0, 0)\n        grid = dsl_paint_row(grid, r1, 0)\n        grid = dsl_paint_row(grid, r0, 0)\n        grid = dsl_paint_row(grid, r1, 0)\n        grid = dsl_paint_row(grid, r0, 0)\n        grid = dsl_paint_row(grid, r1, 0)\n        grid = dsl_paint_row(grid, r0, 0)\n        grid = dsl_paint_row(grid, r1, 0)\n        grid = dsl_paint_row(grid, r0, 0)\n        grid = dsl_paint_row(grid, r1, 0)\n        grid = dsl_paint_row(grid, r0, 0)\n        grid = dsl_paint_row(grid, r1, 0)\n        grid = dsl_paint_row(grid, r0, 0)\n        grid = dsl_paint_row(grid, r1, 0)\n        grid = dsl_paint_row(grid, r0, 0)\n        grid = dsl_paint_row(grid, r1, 0)\n        grid = dsl_paint_row(grid, r0, 0)\n        grid"
}