{
  "task_id": "ff28f65a",
  "candidate_id": "8",
  "candidate_index": 8,
  "instr_json": "/content/gdrive/MyDrive/full_arc_runs/run1/outputs/training/ff28f65a.json",
  "out_py": "/content/gdrive/MyDrive/full_arc_runs/run1/debug_multi/ff28f65a_allc_out/ff28f65a.cand_8.transform.nl.py",
  "status": "ok",
  "latency_s": 7.471,
  "llm": {
    "latency_s": 7.471,
    "status_code": 200,
    "usage": {
      "prompt_tokens": 1259,
      "total_tokens": 1522,
      "completion_tokens": 263
    }
  },
  "prompt_bytes": {
    "system": 3470,
    "user": 687,
    "n_instructions": 5,
    "shots": 0
  },
  "generated_code": "from dsl_primitives import *\n\ndef transform(grid: List[List[int]]) -> List[List[int]]:\n    top_row = dsl_mask_eq(dsl_clone(grid), 2)[0]\n    bottom_row = dsl_mask_eq(dsl_clone(grid), 2)[-1]\n    if dsl_get_cell(top_row, 0):\n        mid_col = dsl_mask_eq(dsl_clone(grid), 2)[0][dsl_shape(dsl_mask_eq(dsl_clone(grid), 2))[1] // 2]\n    else:\n        mid_col = dsl_mask_eq(dsl_clone(grid), 2)[-1][dsl_shape(dsl_mask_eq(dsl_clone(grid), 2))[1] // 2]\n    new_grid = dsl_zeros_like(grid, 1)\n    dsl_paint_col(new_grid, 0, 1)\n    dsl_paint_col(new_grid, dsl_shape(new_grid)[1] - 1, 1)\n    if dsl_get_cell(mid_col, 0):\n        dsl_paint_col(new_grid, dsl_shape(new_grid)[1] // 2, 0)\n    else:\n        dsl_paint_col(new_grid, dsl_shape(new_grid)[1] // 2, 1)\n    return new_grid"
}