{
  "task_id": "ff28f65a",
  "candidate_id": "4",
  "candidate_index": 4,
  "instr_json": "/content/gdrive/MyDrive/full_arc_runs/run1/outputs/training/ff28f65a.json",
  "out_py": "/content/gdrive/MyDrive/full_arc_runs/run1/debug_multi/ff28f65a_allc_out/ff28f65a.cand_4.transform.nl.py",
  "status": "ok",
  "latency_s": 8.61,
  "llm": {
    "latency_s": 8.61,
    "status_code": 200,
    "usage": {
      "prompt_tokens": 1232,
      "total_tokens": 1557,
      "completion_tokens": 325
    }
  },
  "prompt_bytes": {
    "system": 3470,
    "user": 589,
    "n_instructions": 4,
    "shots": 0
  },
  "generated_code": "from dsl_primitives import *\n\ndef transform(grid: List[List[int]]) -> List[List[int]]:\n    top_row = dsl_mask_eq(dsl_clone(grid), 2)\n    bottom_row = dsl_mask_eq(dsl_clone(grid), 2)\n    top_row_coords = dsl_iter_coords(top_row)\n    bottom_row_coords = dsl_iter_coords(bottom_row)\n    top_row_coords = [coord for coord in top_row_coords if dsl_get_cell(grid, coord[0], coord[1]) == 2]\n    bottom_row_coords = [coord for coord in bottom_row_coords if dsl_get_cell(grid, coord[0], coord[1]) == 2]\n    top_row = dsl_mask_eq(dsl_clone(grid), 2)\n    bottom_row = dsl_mask_eq(dsl_clone(grid), 2)\n    top_row = dsl_paint_row(top_row, top_row_coords[0][0], 1)\n    bottom_row = dsl_paint_row(bottom_row, bottom_row_coords[0][0], 1)\n    middle_rows = dsl_mask_eq(dsl_clone(grid), 0)\n    output_grid = dsl_zeros_like(grid)\n    for row in dsl_iter_coords(grid):\n        if row[0] == top_row_coords[0][0] or row[0] == bottom_row_coords[0][0]:\n            output_grid = dsl_paint_row(output_grid, row[0], 1)\n        else:\n            output_grid = dsl_paint_row(output_grid, row[0], 0)\n    return output_grid"
}