{
  "task_id": "ff28f65a",
  "candidate_id": "7",
  "candidate_index": 7,
  "instr_json": "/content/gdrive/MyDrive/full_arc_runs/run1/outputs/training/ff28f65a.json",
  "out_py": "/content/gdrive/MyDrive/full_arc_runs/run1/debug_multi/ff28f65a_allc_out/ff28f65a.cand_7.transform.nl.py",
  "status": "ok",
  "latency_s": 5.564,
  "llm": {
    "latency_s": 5.564,
    "status_code": 200,
    "usage": {
      "prompt_tokens": 1348,
      "total_tokens": 1519,
      "completion_tokens": 171
    }
  },
  "prompt_bytes": {
    "system": 3470,
    "user": 1094,
    "n_instructions": 10,
    "shots": 0
  },
  "generated_code": "from dsl_primitives import *\n\ndef transform(grid: List[List[int]]) -> List[List[int]]:\n    non_zero_values = dsl_iter_coords(dsl_mask_eq(grid, 0))\n    topmost = max(r for r, c in non_zero_values)\n    leftmost = min(c for r, c in non_zero_values)\n    new_grid = dsl_zeros_like(grid)\n    for r, c in non_zero_values:\n        distance_from_top = r - topmost\n        distance_from_left = c - leftmost\n        new_grid = dsl_paint_row(new_grid, distance_from_top, 1)\n        new_grid = dsl_paint_col(new_grid, distance_from_left, 1)\n        new_grid = dsl_paint_cell(new_grid, distance_from_top, distance_from_left, 1)\n    return new_grid"
}