{
  "task_id": "ff28f65a",
  "candidate_key": "2",
  "candidate_path": "/content/gdrive/MyDrive/full_arc_runs/run1/debug_multi/ff28f65a_allc_out/ff28f65a.cand_2.transform.nl.py",
  "exact_total": 0,
  "exact_rate": 0.0,
  "mean_per_cell_acc": 0.1111111111111111,
  "elapsed_sec": 0.83,
  "pairs": [
    {
      "pair": 0,
      "status": "ok",
      "exact": false,
      "per_cell_acc": 0.0
    },
    {
      "pair": 1,
      "status": "ok",
      "exact": false,
      "per_cell_acc": 0.0
    },
    {
      "pair": 2,
      "status": "ok",
      "exact": false,
      "per_cell_acc": 0.0
    },
    {
      "pair": 3,
      "status": "ok",
      "exact": false,
      "per_cell_acc": 0.888889
    },
    {
      "pair": 4,
      "status": "ok",
      "exact": false,
      "per_cell_acc": 0.0
    },
    {
      "pair": 5,
      "status": "ok",
      "exact": false,
      "per_cell_acc": 0.0
    },
    {
      "pair": 6,
      "status": "ok",
      "exact": false,
      "per_cell_acc": 0.0
    },
    {
      "pair": 7,
      "status": "ok",
      "exact": false,
      "per_cell_acc": 0.0
    }
  ]
}