{
  "task_id": "ff28f65a",
  "candidate_key": "0",
  "candidate_path": "/content/gdrive/MyDrive/full_arc_runs/run1/debug_multi/ff28f65a_allc_out/ff28f65a.cand_0.transform.nl.py",
  "exact_total": 0,
  "exact_rate": 0.0,
  "mean_per_cell_acc": 0.0,
  "elapsed_sec": 0.781,
  "pairs": [
    {
      "pair": 0,
      "status": "error",
      "error": "NameError: name 'dsl_and' is not defined"
    },
    {
      "pair": 1,
      "status": "error",
      "error": "NameError: name 'dsl_and' is not defined"
    },
    {
      "pair": 2,
      "status": "error",
      "error": "NameError: name 'dsl_and' is not defined"
    },
    {
      "pair": 3,
      "status": "error",
      "error": "NameError: name 'dsl_and' is not defined"
    },
    {
      "pair": 4,
      "status": "error",
      "error": "NameError: name 'dsl_and' is not defined"
    },
    {
      "pair": 5,
      "status": "error",
      "error": "NameError: name 'dsl_and' is not defined"
    },
    {
      "pair": 6,
      "status": "error",
      "error": "NameError: name 'dsl_and' is not defined"
    },
    {
      "pair": 7,
      "status": "error",
      "error": "NameError: name 'dsl_and' is not defined"
    }
  ]
}