{
  "task_id": "ff28f65a",
  "candidate_id": "2",
  "candidate_index": 2,
  "instr_json": "/content/gdrive/MyDrive/full_arc_runs/run1/outputs/training/ff28f65a.json",
  "out_py": "/content/gdrive/MyDrive/full_arc_runs/run1/debug_multi/ff28f65a_allc_out/ff28f65a.cand_2.transform.nl.py",
  "status": "ok",
  "latency_s": 8.613,
  "llm": {
    "latency_s": 8.613,
    "status_code": 200,
    "usage": {
      "prompt_tokens": 1351,
      "total_tokens": 1676,
      "completion_tokens": 325
    }
  },
  "prompt_bytes": {
    "system": 3470,
    "user": 1121,
    "n_instructions": 7,
    "shots": 0
  },
  "generated_code": "from dsl_primitives import *\n\ndef transform(grid: List[List[int]]) -> List[List[int]]:\n    top_row = next((r for r in grid if sum(r) == 1), None)\n    bottom_row = next((r for r in reversed(grid) if sum(r) == 1), None)\n    new_grid = dsl_full(dsl_shape(grid)[0], dsl_shape(grid)[1], 0)\n    dsl_paint_cell(new_grid, 0, 0, 1)\n    dsl_paint_cell(new_grid, dsl_shape(new_grid)[0] - 1, dsl_shape(new_grid)[1] - 1, 1)\n    for r, row in enumerate(grid):\n        if sum(row) > 0:\n            dsl_paint_cell(new_grid, r, dsl_shape(new_grid)[1] - 1, 0)\n            leftmost = next((c for c, val in enumerate(row) if val != 0), None)\n            if leftmost is not None:\n                dsl_paint_cell(new_grid, r, leftmost, 1)\n            rightmost = next((c for c, val in enumerate(reversed(row)) if val != 0), None)\n            if rightmost is not None:\n                dsl_paint_cell(new_grid, r, dsl_shape(new_grid)[1] - 1 - rightmost, 0)\n            mid = (leftmost + rightmost) // 2\n            dsl_paint_cell(new_grid, r, mid, 0)\n    return new_grid"
}