{
  "task_id": "ff28f65a",
  "candidate_id": "0",
  "candidate_index": 0,
  "instr_json": "/content/gdrive/MyDrive/full_arc_runs/run1/outputs/training/ff28f65a.json",
  "out_py": "/content/gdrive/MyDrive/full_arc_runs/run1/debug_multi/ff28f65a_allc_out/ff28f65a.cand_0.transform.nl.py",
  "status": "ok",
  "latency_s": 6.219,
  "llm": {
    "latency_s": 6.219,
    "status_code": 200,
    "usage": {
      "prompt_tokens": 1258,
      "total_tokens": 1459,
      "completion_tokens": 201
    }
  },
  "prompt_bytes": {
    "system": 3470,
    "user": 729,
    "n_instructions": 4,
    "shots": 0
  },
  "generated_code": "from dsl_primitives import *\n\ndef transform(grid: List[List[int]]) -> List[List[int]]:\n    top_row = dsl_mask_eq(dsl_clone(grid), 1)\n    bottom_row = dsl_mask_eq(dsl_clone(grid), 1)\n    bottom_row = dsl_flip_v(bottom_row)\n    non_zero_coords = dsl_iter_coords(dsl_and(top_row, bottom_row))\n    non_zero_coords = [coord for coord in non_zero_coords if dsl_get_cell(grid, coord[0], coord[1]) != 0]\n    new_grid = dsl_full(3, 3, 0)\n    for i in range(3):\n        for j in range(3):\n            if i < len(non_zero_coords) and j < len(non_zero_coords[i]):\n                dsl_set_cell(new_grid, i, j, 1)\n            else:\n                dsl_set_cell(new_grid, i, j, 0)\n    return new_grid"
}