{
  "task_id": "ff28f65a",
  "candidate_id": "5",
  "candidate_index": 5,
  "instr_json": "/content/gdrive/MyDrive/full_arc_runs/run1/outputs/training/ff28f65a.json",
  "out_py": "/content/gdrive/MyDrive/full_arc_runs/run1/debug_multi/ff28f65a_allc_out/ff28f65a.cand_5.transform.nl.py",
  "status": "ok",
  "latency_s": 6.04,
  "llm": {
    "latency_s": 6.04,
    "status_code": 200,
    "usage": {
      "prompt_tokens": 1256,
      "total_tokens": 1449,
      "completion_tokens": 193
    }
  },
  "prompt_bytes": {
    "system": 3470,
    "user": 730,
    "n_instructions": 6,
    "shots": 0
  },
  "generated_code": "from dsl_primitives import *\n\ndef transform(grid: List[List[int]]) -> List[List[int]]:\n    top_row = dsl_mask_eq(dsl_copy_row(grid, 0, 0), 0)\n    bottom_row = dsl_mask_eq(dsl_copy_row(grid, dsl_shape(grid)[0] - 1, 0), 0)\n    mask = dsl_mask_eq(dsl_mask_or(top_row, bottom_row), 0)\n    new_grid = dsl_zeros_like(grid)\n    dsl_paint_col(new_grid, dsl_shape(grid)[1] // 2, 1)\n    for r, c in dsl_iter_coords(grid):\n        if not dsl_mask_eq(mask, r, c):\n            dsl_paint_col(new_grid, c, 1)\n    new_grid = dsl_filter_rows(new_grid, lambda row: not dsl_mask_eq(row, 0))\n    return new_grid"
}