{
  "task_id": "ff28f65a",
  "candidate_id": "3",
  "candidate_index": 3,
  "instr_json": "/content/gdrive/MyDrive/full_arc_runs/run1/outputs/training/ff28f65a.json",
  "out_py": "/content/gdrive/MyDrive/full_arc_runs/run1/debug_multi/ff28f65a_allc_out/ff28f65a.cand_3.transform.nl.py",
  "status": "ok",
  "latency_s": 5.506,
  "llm": {
    "latency_s": 5.506,
    "status_code": 200,
    "usage": {
      "prompt_tokens": 1310,
      "total_tokens": 1478,
      "completion_tokens": 168
    }
  },
  "prompt_bytes": {
    "system": 3470,
    "user": 970,
    "n_instructions": 7,
    "shots": 0
  },
  "generated_code": "from dsl_primitives import *\n\ndef transform(grid: List[List[int]]) -> List[List[int]]:\n    top_row = dsl_mask_eq(dsl_get_cell(grid, 0, 0), 0)\n    bottom_row = dsl_mask_eq(dsl_get_cell(grid, dsl_shape(grid)[0] - 1, 0), 0)\n    mask = dsl_not(dsl_or(top_row, bottom_row))\n    new_grid = dsl_zeros_like(grid)\n    for r, c in dsl_iter_coords(grid):\n        if dsl_get_cell(top_row, c):\n            dsl_set_cell(new_grid, r, c, 1)\n        elif dsl_get_cell(bottom_row, c):\n            dsl_set_cell(new_grid, r, c, 0)\n    return new_grid"
}