{
  "task_id": "ff28f65a",
  "candidate_id": "1",
  "candidate_index": 1,
  "instr_json": "/content/gdrive/MyDrive/full_arc_runs/run1/outputs/training/ff28f65a.json",
  "out_py": "/content/gdrive/MyDrive/full_arc_runs/run1/debug_multi/ff28f65a_allc_out/ff28f65a.cand_1.transform.nl.py",
  "status": "ok",
  "latency_s": 6.767,
  "llm": {
    "latency_s": 6.767,
    "status_code": 200,
    "usage": {
      "prompt_tokens": 1321,
      "total_tokens": 1548,
      "completion_tokens": 227
    }
  },
  "prompt_bytes": {
    "system": 3470,
    "user": 985,
    "n_instructions": 7,
    "shots": 0
  },
  "generated_code": "from dsl_primitives import *\n\ndef transform(grid: List[List[int]]) -> List[List[int]]:\n    mask = dsl_mask_eq(grid, 0)\n    mask = dsl_not(mask)\n    top_row = dsl_bbox_of_mask(mask)\n    if top_row is None:\n        return dsl_zeros_like(grid)\n    top_row = top_row[0]\n    bottom_row = dsl_bbox_of_mask(dsl_not(mask))\n    if bottom_row is None:\n        return dsl_zeros_like(grid)\n    bottom_row = bottom_row[1]\n    new_grid = dsl_full(grid[bottom_row][0], grid[0].__len__(), 0)\n    for r in dsl_iter_coords(grid):\n        if r[0] >= top_row and r[0] <= bottom_row:\n            new_grid = dsl_paint_col(new_grid, r[1], 1)\n            if dsl_get_cell(grid, r[0], r[1]) != 0:\n                new_grid = dsl_paint_col(new_grid, r[1], 0)\n    return new_grid"
}