{
  "task_id": "ff28f65a",
  "candidate_id": "9",
  "candidate_index": 9,
  "instr_json": "/content/gdrive/MyDrive/full_arc_runs/run1/outputs/training/ff28f65a.json",
  "out_py": "/content/gdrive/MyDrive/full_arc_runs/run1/debug_multi/ff28f65a_allc_out/ff28f65a.cand_9.transform.nl.py",
  "status": "ok",
  "latency_s": 5.047,
  "llm": {
    "latency_s": 5.047,
    "status_code": 200,
    "usage": {
      "prompt_tokens": 1282,
      "total_tokens": 1430,
      "completion_tokens": 148
    }
  },
  "prompt_bytes": {
    "system": 3470,
    "user": 810,
    "n_instructions": 7,
    "shots": 0
  },
  "generated_code": "from dsl_primitives import *\n\ndef transform(grid: List[List[int]]) -> List[List[int]]:\n    top_row = dsl_mask_eq(grid, 1)[0]\n    bottom_row = dsl_mask_eq(grid, 1)[-1]\n    new_grid = dsl_zeros_like(grid)\n    new_grid = dsl_paint_row(new_grid, 0, [1, 0, 1])\n    new_grid = dsl_paint_row(new_grid, len(top_row), [1, 0, 1])\n    for r in range(1, len(top_row) - 1):\n        new_grid = dsl_paint_row(new_grid, r, [0] * 3)\n    return new_grid"
}