{
  "task_id": "ff28f65a",
  "candidate_id": "6",
  "candidate_index": 6,
  "instr_json": "/content/gdrive/MyDrive/full_arc_runs/run1/outputs/training/ff28f65a.json",
  "out_py": "/content/gdrive/MyDrive/full_arc_runs/run1/debug_multi/ff28f65a_allc_out/ff28f65a.cand_6.transform.nl.py",
  "status": "ok",
  "latency_s": 6.188,
  "llm": {
    "latency_s": 6.188,
    "status_code": 200,
    "usage": {
      "prompt_tokens": 1256,
      "total_tokens": 1456,
      "completion_tokens": 200
    }
  },
  "prompt_bytes": {
    "system": 3470,
    "user": 711,
    "n_instructions": 4,
    "shots": 0
  },
  "generated_code": "from dsl_primitives import *\n\ndef transform(grid: List[List[int]]) -> List[List[int]]:\n    top_row = dsl_mask_eq(dsl_copy_row(grid, 0, 0), 2)\n    bottom_row = dsl_mask_eq(dsl_copy_row(grid, len(grid) - 1, 0), 2)\n    new_grid = dsl_zeros_like(grid, 0)\n    for r in dsl_iter_coords(new_grid):\n        for c in dsl_iter_coords(new_grid):\n            if dsl_in_bounds(top_row, r, c) and dsl_in_bounds(bottom_row, r, c):\n                if dsl_get_cell(top_row, r, c) and dsl_get_cell(bottom_row, r, c):\n                    if r == 0:\n                        dsl_set_cell(new_grid, r, c, 1)\n                    else:\n                        dsl_set_cell(new_grid, r, c, 0)\n    return new_grid"
}