{
  "task_id": "fb791726",
  "candidate_id": "3",
  "candidate_index": 3,
  "instr_json": "/content/gdrive/MyDrive/full_arc_runs/run1/outputs/training/fb791726.json",
  "out_py": "/content/gdrive/MyDrive/full_arc_runs/run1/debug_multi/fb791726_allc_out/fb791726.cand_3.transform.nl.py",
  "status": "ok",
  "latency_s": 7.759,
  "llm": {
    "latency_s": 7.759,
    "status_code": 200,
    "usage": {
      "prompt_tokens": 1305,
      "total_tokens": 1618,
      "completion_tokens": 313
    }
  },
  "prompt_bytes": {
    "system": 3470,
    "user": 935,
    "n_instructions": 5,
    "shots": 0
  },
  "generated_code": "from dsl_primitives import *\n\ndef transform(grid: List[List[int]]) -> List[List[int]]:\n    while True:\n        center_r, center_c = next(dsl_iter_coords(grid))\n        if dsl_get_cell(grid, center_r, center_c) != 0:\n            if dsl_get_cell(grid, center_r - 1, center_c) == 0:\n                grid = dsl_paint_row(grid, center_r - 1, 3)\n            if dsl_get_cell(grid, center_r + 1, center_c) == 0:\n                grid = dsl_paint_row(grid, center_r + 1, 3)\n        else:\n            if dsl_get_cell(grid, center_r - 1, center_c) == 0 or dsl_get_cell(grid, center_r + 1, center_c) == 0:\n                grid = dsl_paint_row(grid, center_r - 1, 3)\n                grid = dsl_paint_row(grid, center_r + 1, 3)\n            else:\n                grid = dsl_paint_row(grid, center_r - 1, 3)\n                grid = dsl_paint_row(grid, center_r, 8)\n                grid = dsl_paint_row(grid, center_r + 1, 3)\n                grid = dsl_paint_row(grid, center_r + 2, 3)\n        if dsl_shape(grid) == (center_r + 3, center_c + 1):\n            break\n    return grid"
}