{
  "task_id": "fb791726",
  "candidate_id": "1",
  "candidate_index": 1,
  "instr_json": "/content/gdrive/MyDrive/full_arc_runs/run1/outputs/training/fb791726.json",
  "out_py": "/content/gdrive/MyDrive/full_arc_runs/run1/debug_multi/fb791726_allc_out/fb791726.cand_1.transform.nl.py",
  "status": "ok",
  "latency_s": 11.47,
  "llm": {
    "latency_s": 11.47,
    "status_code": 200,
    "usage": {
      "prompt_tokens": 1424,
      "total_tokens": 1907,
      "completion_tokens": 483
    }
  },
  "prompt_bytes": {
    "system": 3470,
    "user": 1485,
    "n_instructions": 11,
    "shots": 0
  },
  "generated_code": "from dsl_primitives import *\n\ndef transform(grid: List[List[int]]) -> List[List[int]]:\n    target = dsl_get_cell(grid, 0, 0)\n    new_grid = dsl_full(3, dsl_shape(grid)[1], target)\n    new_grid = dsl_paste(new_grid, grid, 1, 0)\n    new_grid = dsl_paste(new_grid, dsl_full(3, dsl_shape(grid)[1], target), dsl_shape(grid)[0] + 2, 0)\n    new_grid = dsl_paste(new_grid, dsl_full(dsl_shape(grid)[0], 3, target), 0, 1)\n    new_grid = dsl_paste(new_grid, dsl_full(dsl_shape(grid)[0], 3, target), 0, dsl_shape(grid)[1] + 2)\n    if target == 8:\n        new_grid = dsl_paste(new_grid, dsl_full(3, dsl_shape(grid)[1], target), dsl_shape(grid)[0] + 4, 1)\n        new_grid = dsl_paste(new_grid, dsl_full(3, dsl_shape(grid)[1], target), dsl_shape(grid)[0] + 2, dsl_shape(grid)[1] + 3)\n    elif target == 4:\n        new_grid = dsl_paste(new_grid, dsl_full(3, dsl_shape(grid)[1], target), dsl_shape(grid)[0] + 4, dsl_shape(grid)[1] + 3)\n        new_grid = dsl_paste(new_grid, dsl_full(3, dsl_shape(grid)[1], target), dsl_shape(grid)[0] + 2, 1)\n    if target == 7:\n        new_grid = dsl_paste(new_grid, dsl_full(dsl_shape(grid)[0], 1, target), dsl_shape(grid)[0] + 5, dsl_shape(grid)[1] + 3)\n        new_grid = dsl_paste(new_grid, dsl_full(dsl_shape(grid)[0], 1, target), dsl_shape(grid)[0] + 1, dsl_shape(grid)[1] + 3)\n    return new_grid"
}