{
  "task_id": "fb791726",
  "candidate_id": "5",
  "candidate_index": 5,
  "instr_json": "/content/gdrive/MyDrive/full_arc_runs/run1/outputs/training/fb791726.json",
  "out_py": "/content/gdrive/MyDrive/full_arc_runs/run1/debug_multi/fb791726_allc_out/fb791726.cand_5.transform.nl.py",
  "status": "ok",
  "latency_s": 8.702,
  "llm": {
    "latency_s": 8.702,
    "status_code": 200,
    "usage": {
      "prompt_tokens": 1256,
      "total_tokens": 1621,
      "completion_tokens": 365
    }
  },
  "prompt_bytes": {
    "system": 3470,
    "user": 790,
    "n_instructions": 6,
    "shots": 0
  },
  "generated_code": "from dsl_primitives import *\n\ndef transform(grid: List[List[int]]) -> List[List[int]]:\n    target = dsl_get_cell(grid, 0, 0)\n    new_grid = dsl_full(3, dsl_shape(grid)[1], target)\n    new_grid = dsl_copy_row(new_grid, 0, 0)\n    new_grid = dsl_copy_row(new_grid, 0, 1)\n    new_grid = dsl_copy_row(new_grid, 0, 2)\n    new_grid = dsl_copy_col(new_grid, 0, 0)\n    new_grid = dsl_copy_col(new_grid, 0, 1)\n    new_grid = dsl_copy_col(new_grid, 0, 2)\n    new_grid = dsl_paste_masked(new_grid, grid, 3, 0, dsl_component_mask(new_grid, 3, 0))\n    new_grid = dsl_paste_masked(new_grid, grid, 3, 1, dsl_component_mask(new_grid, 3, 1))\n    new_grid = dsl_paste_masked(new_grid, grid, 3, 2, dsl_component_mask(new_grid, 3, 2))\n    new_grid = dsl_paste_masked(new_grid, grid, 4, 0, dsl_component_mask(new_grid, 4, 0))\n    new_grid = dsl_paste_masked(new_grid, grid, 4, 1, dsl_component_mask(new_grid, 4, 1))\n    new_grid = dsl_paste_masked(new_grid, grid, 4, 2, dsl_component_mask(new_grid, 4, 2))\n    return new_grid"
}