{
  "task_id": "fb791726",
  "candidate_id": "7",
  "candidate_index": 7,
  "instr_json": "/content/gdrive/MyDrive/full_arc_runs/run1/outputs/training/fb791726.json",
  "out_py": "/content/gdrive/MyDrive/full_arc_runs/run1/debug_multi/fb791726_allc_out/fb791726.cand_7.transform.nl.py",
  "status": "ok",
  "latency_s": 4.529,
  "llm": {
    "latency_s": 4.529,
    "status_code": 200,
    "usage": {
      "prompt_tokens": 1292,
      "total_tokens": 1442,
      "completion_tokens": 150
    }
  },
  "prompt_bytes": {
    "system": 3470,
    "user": 886,
    "n_instructions": 5,
    "shots": 0
  },
  "generated_code": "from dsl_primitives import *\n\ndef transform(grid: List[List[int]]) -> List[List[int]]:\n    center_r, center_c = next((r, c) for r, row in enumerate(grid) for c, val in enumerate(row) if val != 0)\n    center_val = dsl_get_cell(grid, center_r, center_c)\n    output = dsl_full(6, 12, 3)\n    for _ in range(6):\n        dsl_paint_row(output, 0, center_val)\n        dsl_paint_row(output, 5, center_val)\n        dsl_paint_col(output, 0, center_val)\n        dsl_paint_col(output, 11, center_val)\n    return output"
}