{
  "task_id": "fb791726",
  "candidate_id": "6",
  "candidate_index": 6,
  "instr_json": "/content/gdrive/MyDrive/full_arc_runs/run1/outputs/training/fb791726.json",
  "out_py": "/content/gdrive/MyDrive/full_arc_runs/run1/debug_multi/fb791726_allc_out/fb791726.cand_6.transform.nl.py",
  "status": "ok",
  "latency_s": 7.182,
  "llm": {
    "latency_s": 7.182,
    "status_code": 200,
    "usage": {
      "prompt_tokens": 1254,
      "total_tokens": 1536,
      "completion_tokens": 282
    }
  },
  "prompt_bytes": {
    "system": 3470,
    "user": 724,
    "n_instructions": 5,
    "shots": 0
  },
  "generated_code": "from dsl_primitives import *\n\ndef transform(grid: List[List[int]]) -> List[List[int]]:\n    center_r, center_c = next(dsl_iter_coords(grid))\n    if dsl_get_cell(grid, center_r, center_c) != 0:\n        new_grid = dsl_zeros_like(grid, 0)\n        new_grid = dsl_paint_row(new_grid, 0, 0)\n        new_grid = dsl_paint_row(new_grid, len(grid), 0)\n        new_grid = dsl_paint_col(new_grid, 0, 0)\n        new_grid = dsl_paint_col(new_grid, 0, len(grid[0]))\n        for r in range(len(grid)):\n            for c in range(len(grid[0])):\n                if r == center_r or c == center_c:\n                    new_grid = dsl_set_cell(new_grid, r, c, dsl_get_cell(grid, center_r, center_c))\n                elif r == 0 or r == len(grid) - 1 or c == 0 or c == len(grid[0]) - 1:\n                    new_grid = dsl_set_cell(new_grid, r, c, 3)\n                else:\n                    new_grid = dsl_set_cell(new_grid, r, c, dsl_get_cell(grid, r, c))\n        return new_grid\n    else:\n        return grid"
}