{
  "task_id": "fb791726",
  "candidate_id": "2",
  "candidate_index": 2,
  "instr_json": "/content/gdrive/MyDrive/full_arc_runs/run1/outputs/training/fb791726.json",
  "out_py": "/content/gdrive/MyDrive/full_arc_runs/run1/debug_multi/fb791726_allc_out/fb791726.cand_2.transform.nl.py",
  "status": "ok",
  "latency_s": 3.592,
  "llm": {
    "latency_s": 3.592,
    "status_code": 200,
    "usage": {
      "prompt_tokens": 1261,
      "total_tokens": 1368,
      "completion_tokens": 107
    }
  },
  "prompt_bytes": {
    "system": 3470,
    "user": 778,
    "n_instructions": 6,
    "shots": 0
  },
  "generated_code": "from dsl_primitives import *\n\ndef transform(grid: List[List[int]]) -> List[List[int]]:\n    target = 8\n    grid = dsl_paint_row(dsl_paint_row(dsl_paint_col(dsl_paint_col(dsl_paint_row(dsl_paint_row(grid, target, 0, 0), target, 0, 0), target, 0, 0), target, 0, 0), target, 0, 0), target, 0, 0)\n    return grid"
}