{
  "task_id": "fb791726",
  "candidate_id": "9",
  "candidate_index": 9,
  "instr_json": "/content/gdrive/MyDrive/full_arc_runs/run1/outputs/training/fb791726.json",
  "out_py": "/content/gdrive/MyDrive/full_arc_runs/run1/debug_multi/fb791726_allc_out/fb791726.cand_9.transform.nl.py",
  "status": "ok",
  "latency_s": 5.076,
  "llm": {
    "latency_s": 5.076,
    "status_code": 200,
    "usage": {
      "prompt_tokens": 1356,
      "total_tokens": 1532,
      "completion_tokens": 176
    }
  },
  "prompt_bytes": {
    "system": 3470,
    "user": 1254,
    "n_instructions": 7,
    "shots": 0
  },
  "generated_code": "from dsl_primitives import *\n\ndef transform(grid: List[List[int]]) -> List[List[int]]:\n    target = dsl_get_cell(grid, *dsl_bbox_of_mask(dsl_mask_eq(grid, dsl_get_cell(grid, 0, 0)))[0])\n    output = dsl_zeros_like(grid)\n    for r, c in dsl_iter_coords(grid):\n        if dsl_get_cell(grid, r, c) == target:\n            output = dsl_paint_row(output, r, target)\n            output = dsl_paint_row(output, r + 1, target)\n            if r > 0 and r < dsl_shape(grid)[0] - 1:\n                output = dsl_paint_row(output, r - 1, target)\n                output = dsl_paint_row(output, r + 2, target)\n    return output"
}