{
  "task_id": "fb791726",
  "candidate_key": "2",
  "candidate_path": "/content/gdrive/MyDrive/full_arc_runs/run1/debug_multi/fb791726_allc_out/fb791726.cand_2.transform.nl.py",
  "exact_total": 0,
  "exact_rate": 0.0,
  "mean_per_cell_acc": 0.0,
  "elapsed_sec": 0.292,
  "pairs": [
    {
      "pair": 0,
      "status": "error",
      "error": "TypeError: dsl_paint_row() takes 3 positional arguments but 4 were given"
    },
    {
      "pair": 1,
      "status": "error",
      "error": "TypeError: dsl_paint_row() takes 3 positional arguments but 4 were given"
    },
    {
      "pair": 2,
      "status": "error",
      "error": "TypeError: dsl_paint_row() takes 3 positional arguments but 4 were given"
    }
  ]
}