{
  "task_id": "fb791726",
  "candidate_id": "0",
  "candidate_index": 0,
  "instr_json": "/content/gdrive/MyDrive/full_arc_runs/run1/outputs/training/fb791726.json",
  "out_py": "/content/gdrive/MyDrive/full_arc_runs/run1/debug_multi/fb791726_allc_out/fb791726.cand_0.transform.nl.py",
  "status": "ok",
  "latency_s": 8.725,
  "llm": {
    "latency_s": 8.725,
    "status_code": 200,
    "usage": {
      "prompt_tokens": 1427,
      "total_tokens": 1793,
      "completion_tokens": 366
    }
  },
  "prompt_bytes": {
    "system": 3470,
    "user": 1495,
    "n_instructions": 14,
    "shots": 0
  },
  "generated_code": "from dsl_primitives import *\n\ndef transform(grid: List[List[int]]) -> List[List[int]]:\n    center_r, center_c = next(dsl_iter_coords(grid))\n    center_val = dsl_get_cell(grid, center_r, center_c)\n    new_grid = dsl_zeros_like(grid, 0)\n    new_grid = dsl_paint_row(new_grid, 0, 3)\n    new_grid = dsl_paint_row(new_grid, len(grid) - 1, 3)\n    new_grid = dsl_paint_col(new_grid, center_c, center_val)\n    new_grid = dsl_paint_row(new_grid, 0, 0)\n    new_grid = dsl_paint_row(new_grid, len(grid) - 1, 0)\n    new_grid = dsl_paint_row(new_grid, 0, 3)\n    new_grid = dsl_paint_row(new_grid, 0, center_val)\n    new_grid = dsl_paint_row(new_grid, 0, 0)\n    new_grid = dsl_paint_row(new_grid, len(grid) - 1, 3)\n    new_grid = dsl_paint_row(new_grid, len(grid) - 1, center_val)\n    new_grid = dsl_paint_row(new_grid, len(grid) - 1, 0)\n    new_grid = dsl_paste(new_grid, grid, 1, 0)\n    new_grid = dsl_paste(new_grid, grid, 1, len(grid[0]))\n    new_grid = dsl_paint_row(new_grid, 1, 3)\n    new_grid = dsl_paint_row(new_grid, 1, center_val)\n    new_grid = dsl_paint_row(new_grid, 1, 0)\n    return new_grid"
}