{
  "task_id": "fb791726",
  "candidate_id": "8",
  "candidate_index": 8,
  "instr_json": "/content/gdrive/MyDrive/full_arc_runs/run1/outputs/training/fb791726.json",
  "out_py": "/content/gdrive/MyDrive/full_arc_runs/run1/debug_multi/fb791726_allc_out/fb791726.cand_8.transform.nl.py",
  "status": "ok",
  "latency_s": 7.07,
  "llm": {
    "latency_s": 7.07,
    "status_code": 200,
    "usage": {
      "prompt_tokens": 1257,
      "total_tokens": 1533,
      "completion_tokens": 276
    }
  },
  "prompt_bytes": {
    "system": 3470,
    "user": 788,
    "n_instructions": 6,
    "shots": 0
  },
  "generated_code": "from dsl_primitives import *\n\ndef transform(grid: List[List[int]]) -> List[List[int]]:\n    target = dsl_get_cell(grid, 0, 0)\n    new_grid = dsl_full(3, dsl_shape(grid)[1], val=0)\n    new_grid = dsl_paint_row(new_grid, 0, target)\n    new_grid = dsl_paint_row(new_grid, dsl_shape(new_grid)[0] - 1, target)\n    new_grid = dsl_paint_col(new_grid, 0, target)\n    new_grid = dsl_paint_col(new_grid, dsl_shape(new_grid)[1] - 1, target)\n    new_grid = dsl_copy_row(grid, 0, 1)\n    new_grid = dsl_copy_row(new_grid, dsl_shape(grid)[0] - 1, dsl_shape(new_grid) - 1)\n    new_grid = dsl_copy_col(grid, 0, 1)\n    new_grid = dsl_copy_col(new_grid, dsl_shape(grid)[1] - 1, dsl_shape(new_grid)[1] - 1)\n    new_grid = dsl_replace_color(new_grid, target, 0)\n    new_grid = dsl_paste(new_grid, grid, 1, 1)\n    return new_grid"
}