{
  "task_id": "fb791726",
  "candidate_key": "3",
  "candidate_path": "/content/gdrive/MyDrive/full_arc_runs/run1/debug_multi/fb791726_allc_out/fb791726.cand_3.transform.nl.py",
  "exact_total": 0,
  "exact_rate": 0.0,
  "mean_per_cell_acc": 0.0,
  "elapsed_sec": 12.022,
  "pairs": [
    {
      "pair": 0,
      "status": "error",
      "error": "Timeout(4.00s)"
    },
    {
      "pair": 1,
      "status": "error",
      "error": "Timeout(4.00s)"
    },
    {
      "pair": 2,
      "status": "error",
      "error": "Timeout(4.00s)"
    }
  ]
}