{
  "task_id": "fb791726",
  "candidate_id": "4",
  "candidate_index": 4,
  "instr_json": "/content/gdrive/MyDrive/full_arc_runs/run1/outputs/training/fb791726.json",
  "out_py": "/content/gdrive/MyDrive/full_arc_runs/run1/debug_multi/fb791726_allc_out/fb791726.cand_4.transform.nl.py",
  "status": "ok",
  "latency_s": 4.553,
  "llm": {
    "latency_s": 4.553,
    "status_code": 200,
    "usage": {
      "prompt_tokens": 1266,
      "total_tokens": 1417,
      "completion_tokens": 151
    }
  },
  "prompt_bytes": {
    "system": 3470,
    "user": 839,
    "n_instructions": 6,
    "shots": 0
  },
  "generated_code": "from dsl_primitives import *\n\ndef transform(grid: List[List[int]]) -> List[List[int]]:\n    target = dsl_get_cell(grid, 0, 0)\n    new_grid = dsl_full(dsl_shape(grid)[0] + 2, dsl_shape(grid)[1] + 2, target)\n    new_grid = dsl_paint_row(new_grid, 0, target)\n    new_grid = dsl_paint_row(new_grid, dsl_shape(grid)[0] + 1, target)\n    new_grid = dsl_paint_col(new_grid, 0, target)\n    new_grid = dsl_paint_col(new_grid, dsl_shape(grid)[1] + 1, target)\n    return new_grid"
}