{
  "task_id": "f28a3cbb",
  "candidate_key": "7",
  "candidate_path": "/content/gdrive/MyDrive/full_arc_runs/run1/debug_multi/f28a3cbb_allc_out/f28a3cbb.cand_7.transform.nl.py",
  "exact_total": 0,
  "exact_rate": 0.0,
  "mean_per_cell_acc": 0.5185185185185185,
  "elapsed_sec": 0.208,
  "pairs": [
    {
      "pair": 0,
      "status": "ok",
      "exact": false,
      "per_cell_acc": 0.407407
    },
    {
      "pair": 1,
      "status": "ok",
      "exact": false,
      "per_cell_acc": 0.62963
    }
  ]
}