{
  "task_id": "f28a3cbb",
  "candidate_key": "8",
  "candidate_path": "/content/gdrive/MyDrive/full_arc_runs/run1/debug_multi/f28a3cbb_allc_out/f28a3cbb.cand_8.transform.nl.py",
  "exact_total": 0,
  "exact_rate": 0.0,
  "mean_per_cell_acc": 0.0,
  "elapsed_sec": 0.203,
  "pairs": [
    {
      "pair": 0,
      "status": "error",
      "error": "TypeError: '>' not supported between instances of 'tuple' and 'int'"
    },
    {
      "pair": 1,
      "status": "error",
      "error": "TypeError: '>' not supported between instances of 'tuple' and 'int'"
    }
  ]
}