{
  "task_id": "f28a3cbb",
  "candidate_id": "3",
  "candidate_index": 3,
  "instr_json": "/content/gdrive/MyDrive/full_arc_runs/run1/outputs/training/f28a3cbb.json",
  "out_py": "/content/gdrive/MyDrive/full_arc_runs/run1/debug_multi/f28a3cbb_allc_out/f28a3cbb.cand_3.transform.nl.py",
  "status": "ok",
  "latency_s": 6.703,
  "llm": {
    "latency_s": 6.703,
    "status_code": 200,
    "usage": {
      "prompt_tokens": 1345,
      "total_tokens": 1593,
      "completion_tokens": 248
    }
  },
  "prompt_bytes": {
    "system": 3470,
    "user": 1074,
    "n_instructions": 8,
    "shots": 0
  },
  "generated_code": "from dsl_primitives import *\n\ndef transform(grid: List[List[int]]) -> List[List[int]]:\n    top_row = dsl_get_cell(grid, 0, 0)\n    if top_row == 9:\n        return dsl_paint_row(dsl_zeros_like(grid), 0, 9)\n    elif top_row == 6:\n        return dsl_paint_row(dsl_zeros_like(grid), 0, 6)\n    elif top_row == 2:\n        return dsl_paint_row(dsl_zeros_like(grid), 0, 2)\n    elif top_row == 5:\n        return dsl_paint_row(dsl_zeros_like(grid), 0, 5)\n    else:\n        first_9_row = next((r for r in dsl_iter_coords(grid) if dsl_get_cell(grid, r[0], 0) == 9), None)\n        if first_9_row is not None:\n            return dsl_paint_row(dsl_zeros_like(grid), first_9_row[0], dsl_get_cell(grid, first_9_row[0], 0))\n        else:\n            return dsl_paint_row(dsl_zeros_like(grid), 0, 6)"
}