{
  "task_id": "f28a3cbb",
  "candidate_id": "5",
  "candidate_index": 5,
  "instr_json": "/content/gdrive/MyDrive/full_arc_runs/run1/outputs/training/f28a3cbb.json",
  "out_py": "/content/gdrive/MyDrive/full_arc_runs/run1/debug_multi/f28a3cbb_allc_out/f28a3cbb.cand_5.transform.nl.py",
  "status": "ok",
  "latency_s": 3.726,
  "llm": {
    "latency_s": 3.726,
    "status_code": 200,
    "usage": {
      "prompt_tokens": 1256,
      "total_tokens": 1351,
      "completion_tokens": 95
    }
  },
  "prompt_bytes": {
    "system": 3470,
    "user": 712,
    "n_instructions": 7,
    "shots": 0
  },
  "generated_code": "from dsl_primitives import *\n\ndef transform(grid: List[List[int]]) -> List[List[int]]:\n    top_row = dsl_paint_row(grid, 0, 9)\n    second_row = dsl_paint_row(top_row, 1, 6)\n    third_row = dsl_paint_row(second_row, 2, 4)\n    return dsl_paint_masked(third_row, dsl_mask_eq(second_row, 4), 6)"
}