{
  "task_id": "f28a3cbb",
  "candidate_id": "1",
  "candidate_index": 1,
  "instr_json": "/content/gdrive/MyDrive/full_arc_runs/run1/outputs/training/f28a3cbb.json",
  "out_py": "/content/gdrive/MyDrive/full_arc_runs/run1/debug_multi/f28a3cbb_allc_out/f28a3cbb.cand_1.transform.nl.py",
  "status": "ok",
  "latency_s": 4.403,
  "llm": {
    "latency_s": 4.403,
    "status_code": 200,
    "usage": {
      "prompt_tokens": 1344,
      "total_tokens": 1471,
      "completion_tokens": 127
    }
  },
  "prompt_bytes": {
    "system": 3470,
    "user": 1101,
    "n_instructions": 5,
    "shots": 0
  },
  "generated_code": "from dsl_primitives import *\n\ndef transform(grid: List[List[int]]) -> List[List[int]]:\n    def transform_row(row: List[int]) -> List[int]:\n        return [row[0]] + [6] * (len(row) - 2) + [row[-1]]\n\n    def transform_grid(grid: List[List[int]]) -> List[List[int]]:\n        return [transform_row(row) for row in grid]\n\n    grid = transform_grid(grid)\n    grid = dsl_paint_col(grid, 0, 6)\n    grid = dsl_paint_col(grid, -1, 6)\n    return grid"
}