{
  "task_id": "f28a3cbb",
  "candidate_id": "0",
  "candidate_index": 0,
  "instr_json": "/content/gdrive/MyDrive/full_arc_runs/run1/outputs/training/f28a3cbb.json",
  "out_py": "/content/gdrive/MyDrive/full_arc_runs/run1/debug_multi/f28a3cbb_allc_out/f28a3cbb.cand_0.transform.nl.py",
  "status": "ok",
  "latency_s": 6.654,
  "llm": {
    "latency_s": 6.654,
    "status_code": 200,
    "usage": {
      "prompt_tokens": 1307,
      "total_tokens": 1552,
      "completion_tokens": 245
    }
  },
  "prompt_bytes": {
    "system": 3470,
    "user": 1004,
    "n_instructions": 6,
    "shots": 0
  },
  "generated_code": "from dsl_primitives import *\n\ndef transform(grid: List[List[int]]) -> List[List[int]]:\n    rows, cols = dsl_shape(grid)\n    target = dsl_get_cell(grid, *dsl_iter_coords(grid).next())\n    new_target = target - 1\n    mask = dsl_mask_eq(grid, target)\n    grid = dsl_paint_row(grid, 0, new_target)\n    grid = dsl_paint_row(grid, rows - 1, new_target)\n    grid = dsl_paint_col(grid, 0, new_target)\n    grid = dsl_paint_col(grid, cols - 1, new_target)\n    if dsl_bbox_of_mask(mask) == dsl_bbox_of_mask(dsl_zeros_like(grid)):\n        grid = dsl_paint_row(grid, rows // 2, new_target)\n        grid = dsl_paint_col(grid, cols // 2, new_target)\n    else:\n        grid = dsl_flip_h(grid)\n        grid = dsl_flip_v(grid)\n        grid = dsl_paint_row(grid, rows // 2, new_target)\n        grid = dsl_paint_col(grid, cols // 2, new_target)\n    return grid"
}