{
  "task_id": "f28a3cbb",
  "candidate_key": "0",
  "candidate_path": "/content/gdrive/MyDrive/full_arc_runs/run1/debug_multi/f28a3cbb_allc_out/f28a3cbb.cand_0.transform.nl.py",
  "exact_total": 0,
  "exact_rate": 0.0,
  "mean_per_cell_acc": 0.0,
  "elapsed_sec": 0.197,
  "pairs": [
    {
      "pair": 0,
      "status": "error",
      "error": "AttributeError: 'generator' object has no attribute 'next'"
    },
    {
      "pair": 1,
      "status": "error",
      "error": "AttributeError: 'generator' object has no attribute 'next'"
    }
  ]
}