{
  "task_id": "f28a3cbb",
  "candidate_id": "9",
  "candidate_index": 9,
  "instr_json": "/content/gdrive/MyDrive/full_arc_runs/run1/outputs/training/f28a3cbb.json",
  "out_py": "/content/gdrive/MyDrive/full_arc_runs/run1/debug_multi/f28a3cbb_allc_out/f28a3cbb.cand_9.transform.nl.py",
  "status": "ok",
  "latency_s": 4.77,
  "llm": {
    "latency_s": 4.77,
    "status_code": 200,
    "usage": {
      "prompt_tokens": 1246,
      "total_tokens": 1391,
      "completion_tokens": 145
    }
  },
  "prompt_bytes": {
    "system": 3470,
    "user": 715,
    "n_instructions": 4,
    "shots": 0
  },
  "generated_code": "from dsl_primitives import *\n\ndef transform(grid: List[List[int]]) -> List[List[int]]:\n    top_row = dsl_get_row(grid, 0)\n    max_val = max(top_row)\n    sorted_top_row = sorted(top_row, reverse=True)\n    for r in dsl_iter_coords(grid):\n        if dsl_get_row(grid, r) != top_row:\n            continue\n        new_row = dsl_paint_row(dsl_zeros_like(grid, 0), r, max_val)\n        max_val = max_val - 1\n        if max_val < 0:\n            max_val = 0\n        grid = dsl_replace_row(grid, r, new_row)\n    return grid"
}