{
  "task_id": "f28a3cbb",
  "candidate_id": "7",
  "candidate_index": 7,
  "instr_json": "/content/gdrive/MyDrive/full_arc_runs/run1/outputs/training/f28a3cbb.json",
  "out_py": "/content/gdrive/MyDrive/full_arc_runs/run1/debug_multi/f28a3cbb_allc_out/f28a3cbb.cand_7.transform.nl.py",
  "status": "ok",
  "latency_s": 16.768,
  "llm": {
    "latency_s": 16.768,
    "status_code": 200,
    "usage": {
      "prompt_tokens": 1377,
      "total_tokens": 2088,
      "completion_tokens": 711
    }
  },
  "prompt_bytes": {
    "system": 3470,
    "user": 1204,
    "n_instructions": 6,
    "shots": 0
  },
  "generated_code": "from dsl_primitives import *\n\ndef transform(grid: List[List[int]]) -> List[List[int]]:\n    def process_subgrid(G: List[List[int]]) -> List[List[int]]:\n        top_left = dsl_get_cell(G, 0, 0)\n        mask = dsl_mask_eq(G, top_left)\n        G = dsl_paint_row(G, 0, top_left)\n        G = dsl_paint_col(G, 0, top_left)\n        G = dsl_paint_row(G, 1, top_left)\n        G = dsl_paint_col(G, 1, top_left)\n        G = dsl_paint_row(G, 2, top_left)\n        G = dsl_paint_col(G, 2, top_left)\n        G = dsl_paint_row(G, 3, top_left)\n        G = dsl_paint_col(G, 3, top_left)\n        G = dsl_paint_row(G, 4, top_left)\n        G = dsl_paint_col(G, 4, top_left)\n        G = dsl_paint_row(G, 5, top_left)\n        G = dsl_paint_col(G, 5, top_left)\n        G = dsl_paint_row(G, 6, top_left)\n        G = dsl_paint_col(G, 6, top_left)\n        G = dsl_paint_row(G, 7, top_left)\n        G = dsl_paint_col(G, 7, top_left)\n        G = dsl_paint_row(G, 8, top_left)\n        G = dsl_paint_col(G, 8, top_left)\n        G = dsl_paint_row(G, 9, top_left)\n        G = dsl_paint_col(G, 9, top_left)\n        G = dsl_paint_row(G, 10, top_left)\n        G = dsl_paint_col(G, 10, top_left)\n        G = dsl_paint_row(G, 11, top_left)\n        G = dsl_paint_col(G, 11, top_left)\n        G = dsl_paint_row(G, 12, top_left)\n        G = dsl_paint_col(G, 12, top_left)\n        G = dsl_paint_row(G, 13, top_left)\n        G = dsl_paint_col(G, 13, top_left)\n        G = dsl_paint_row(G, 14, top_left)\n        G = dsl_paint_col(G, 14, top_left)\n        G = dsl_paint_row(G, 15, top_left)\n        G = dsl_paint_col(G, 15, top_left)\n        return G\n\n    G = dsl_zeros_like(grid, -1)\n    for r in range(0, dsl_shape(grid)[0], 6):\n        for c in range(0, dsl_shape(grid)[1], 6):\n            subgrid = dsl_crop(grid, r, c, 6, 6)\n            G = dsl_paste(G, process_subgrid(subgrid), r, c)\n    for r in range(dsl_shape(grid)[0]):\n        for c in range(dsl_shape(grid)[1]):\n            if dsl_get_cell(G, r, c) != dsl_get_cell(grid, r, c):\n                G = dsl_paint_cell(G, r, c, dsl_get_cell(G, r - 1, c))\n    return G"
}