{
  "task_id": "f28a3cbb",
  "candidate_id": "2",
  "candidate_index": 2,
  "instr_json": "/content/gdrive/MyDrive/full_arc_runs/run1/outputs/training/f28a3cbb.json",
  "out_py": "/content/gdrive/MyDrive/full_arc_runs/run1/debug_multi/f28a3cbb_allc_out/f28a3cbb.cand_2.transform.nl.py",
  "status": "ok",
  "latency_s": 13.17,
  "llm": {
    "latency_s": 13.17,
    "status_code": 200,
    "usage": {
      "prompt_tokens": 1412,
      "total_tokens": 1962,
      "completion_tokens": 550
    }
  },
  "prompt_bytes": {
    "system": 3470,
    "user": 1249,
    "n_instructions": 9,
    "shots": 0
  },
  "generated_code": "from dsl_primitives import *\n\ndef transform(grid: List[List[int]]) -> List[List[int]]:\n    def dsl_paint_row(G: List[List[int]], r: int, color: int) -> List[List[int]]:\n        return dsl_paint_row(G, r, color)\n\n    def dsl_paint_col(G: List[List[int]], c: int, color: int) -> List[List[int]]:\n        return dsl_paint_col(G, c, color)\n\n    def dsl_paint_cell(G: List[List[int]], r: int, c: int, color: int) -> List[List[int]]:\n        return dsl_paint_cell(G, r, c, color)\n\n    def dsl_mask_eq(G: List[List[int]], color: int) -> List[List[int]]:\n        return dsl_mask_eq(G, color)\n\n    def dsl_get_cell(G: List[List[int]], r: int, c: int) -> int:\n        return dsl_get_cell(G, r, c)\n\n    def dsl_set_cell(G: List[List[int]], r: int, c: int, val: int) -> List[List[int]]:\n        return dsl_set_cell(G, r, c, val)\n\n    top_row = dsl_get_cell(grid, 0, 0)\n    if dsl_mask_eq(grid, 6):\n        grid = dsl_paint_row(grid, 0, 6)\n    else:\n        grid = dsl_paint_row(grid, 0, top_row)\n\n    for r in range(1, dsl_shape(grid)[0]):\n        prev_row = dsl_get_cell(grid, r - 1, 0)\n        curr_row = dsl_get_cell(grid, r, 0)\n        if dsl_mask_eq(grid, 6) and dsl_mask_eq(grid, prev_row):\n            grid = dsl_paint_row(grid, r, 6)\n        elif dsl_mask_eq(grid, 6) and dsl_mask_eq(grid, curr_row):\n            grid = dsl_paint_row(grid, r, 6)\n        elif dsl_mask_eq(grid, prev_row) and dsl_mask_eq(grid, curr_row):\n            grid = dsl_paint_row(grid, r, curr_row)\n        elif dsl_mask_eq(grid, 6) and dsl_mask_eq(grid, curr_row):\n            grid = dsl_paint_row(grid, r, 6)\n        elif dsl_mask_eq(grid, prev_row) and dsl_mask_eq(grid, 6):\n            grid = dsl_paint_row(grid, r, 6)\n        else:\n            grid = dsl_paint_row(grid, r, curr_row)\n\n    return grid"
}