{
  "task_id": "f28a3cbb",
  "candidate_id": "6",
  "candidate_index": 6,
  "instr_json": "/content/gdrive/MyDrive/full_arc_runs/run1/outputs/training/f28a3cbb.json",
  "out_py": "/content/gdrive/MyDrive/full_arc_runs/run1/debug_multi/f28a3cbb_allc_out/f28a3cbb.cand_6.transform.nl.py",
  "status": "ok",
  "latency_s": 5.735,
  "llm": {
    "latency_s": 5.735,
    "status_code": 200,
    "usage": {
      "prompt_tokens": 1260,
      "total_tokens": 1454,
      "completion_tokens": 194
    }
  },
  "prompt_bytes": {
    "system": 3470,
    "user": 767,
    "n_instructions": 3,
    "shots": 0
  },
  "generated_code": "from dsl_primitives import *\n\ndef transform(grid: List[List[int]]) -> List[List[int]]:\n    tl = dsl_get_cell(grid, 0, 0)\n    br = dsl_get_cell(grid, dsl_shape(grid)[0] - 1, dsl_shape(grid)[1] - 1)\n    if tl == br:\n        return dsl_set_cell(dsl_clone(grid), dsl_shape(grid)[0] - 1, dsl_shape(grid)[1] - 1, tl)\n    else:\n        return dsl_set_cell(dsl_clone(grid), dsl_shape(grid)[0] - 1, dsl_shape(grid)[1] - 1, dsl_get_cell(grid, dsl_shape(grid)[0] - 1 - (dsl_shape(grid)[0] - 1), dsl_shape(grid)[1] - 1 - (dsl_shape(grid)[0] - 1)))"
}