{
  "task_id": "f28a3cbb",
  "candidate_id": "4",
  "candidate_index": 4,
  "instr_json": "/content/gdrive/MyDrive/full_arc_runs/run1/outputs/training/f28a3cbb.json",
  "out_py": "/content/gdrive/MyDrive/full_arc_runs/run1/debug_multi/f28a3cbb_allc_out/f28a3cbb.cand_4.transform.nl.py",
  "status": "ok",
  "latency_s": 20.204,
  "llm": {
    "latency_s": 20.204,
    "status_code": 200,
    "usage": {
      "prompt_tokens": 1936,
      "total_tokens": 2836,
      "completion_tokens": 900
    }
  },
  "prompt_bytes": {
    "system": 3470,
    "user": 3258,
    "n_instructions": 28,
    "shots": 0
  },
  "generated_code": "from dsl_primitives import *\n\ndef transform(grid: List[List[int]]) -> List[List[int]]:\n    for r in dsl_iter_coords(grid):\n        top_row = dsl_get_cell(grid, 0, r[1])\n        if dsl_get_cell(grid, r[0], r[1]) != top_row:\n            dsl_set_cell(grid, r[0], r[1], top_row)\n        if top_row == 6:\n            dsl_set_cell(grid, r[0], r[1], 6)\n        elif top_row == 9:\n            dsl_set_cell(grid, r[0], r[1], 9)\n        elif top_row == 2:\n            dsl_set_cell(grid, r[0], r[1], 2)\n        elif top_row == 5:\n            dsl_set_cell(grid, r[0], r[1], 5)\n        elif top_row == 4:\n            dsl_set_cell(grid, r[0], r[1], 4)\n        if top_row == 6:\n            if dsl_get_cell(grid, r[0] + 1, r[1]) == 6:\n                dsl_set_cell(grid, r[0] + 1, r[1], 6)\n            elif dsl_get_cell(grid, r[0] + 1, r[1]) == 5:\n                dsl_set_cell(grid, r[0] + 1, r[1], 5)\n            elif dsl_get_cell(grid, r[0] + 1, r[1]) == 4:\n                dsl_set_cell(grid, r[0] + 1, r[1], 4)\n        elif top_row == 9:\n            if dsl_get_cell(grid, r[0] + 1, r[1]) == 6:\n                dsl_set_cell(grid, r[0] + 1, r[1], 6)\n            elif dsl_get_cell(grid, r[0] + 1, r[1]) == 5:\n                dsl_set_cell(grid, r[0] + 1, r[1], 5)\n            elif dsl_get_cell(grid, r[0] + 1, r[1]) == 4:\n                dsl_set_cell(grid, r[0] + 1, r[1], 4)\n        elif top_row == 2:\n            if dsl_get_cell(grid, r[0] + 1, r[1]) == 6:\n                dsl_set_cell(grid, r[0] + 1, r[1], 6)\n            elif dsl_get_cell(grid, r[0] + 1, r[1]) == 5:\n                dsl_set_cell(grid, r[0] + 1, r[1], 5)\n            elif dsl_get_cell(grid, r[0] + 1, r[1]) == 4:\n                dsl_set_cell(grid, r[0] + 1, r[1], 4)\n        elif top_row == 5:\n            if dsl_get_cell(grid, r[0] + 1, r[1]) == 6:\n                dsl_set_cell(grid, r[0] + 1, r[1], 6)\n            elif dsl_get_cell(grid, r[0] + 1, r[1]) == 5:\n                dsl_set_cell(grid, r[0] + 1, r[1], 5)\n            elif dsl_get_cell(grid, r[0] + 1, r[1]) == 4:\n                dsl_set_cell(grid, r[0] + 1, r[1], 4)\n        elif top_row == 4:\n            if dsl_get_cell(grid, r[0] + 1, r[1]) == 6:\n                dsl_set_cell(grid, r[0] + 1, r[1], 6)\n            elif dsl_get_cell(grid, r[0] + 1, r[1]) == 5:\n                dsl_set_cell(grid, r[0] + 1, r[1], 5)"
}