{
  "task_id": "f28a3cbb",
  "candidate_id": "8",
  "candidate_index": 8,
  "instr_json": "/content/gdrive/MyDrive/full_arc_runs/run1/outputs/training/f28a3cbb.json",
  "out_py": "/content/gdrive/MyDrive/full_arc_runs/run1/debug_multi/f28a3cbb_allc_out/f28a3cbb.cand_8.transform.nl.py",
  "status": "ok",
  "latency_s": 5.605,
  "llm": {
    "latency_s": 5.605,
    "status_code": 200,
    "usage": {
      "prompt_tokens": 1247,
      "total_tokens": 1434,
      "completion_tokens": 187
    }
  },
  "prompt_bytes": {
    "system": 3470,
    "user": 721,
    "n_instructions": 4,
    "shots": 0
  },
  "generated_code": "from dsl_primitives import *\n\ndef transform(grid: List[List[int]]) -> List[List[int]]:\n    def repeat_row(grid: List[List[int]], r: int, val: int) -> List[List[int]]:\n        return dsl_paint_row(grid, r, val)\n\n    def repeat_top_row(grid: List[List[int]]) -> List[List[int]]:\n        top_row = grid[0]\n        val = top_row[0]\n        for r in dsl_iter_coords(grid):\n            if not dsl_mask_eq(grid, val):\n                return repeat_row(grid, 0, val)\n            if r > 0:\n                grid = repeat_row(grid, r, val)\n        return grid\n\n    grid = grid\n    while True:\n        grid = repeat_top_row(grid)\n        if dsl_bbox_of_mask(dsl_mask_eq(grid, grid[0][0])) is None:\n            break\n    return grid"
}