{
  "task_id": "fe9372f3",
  "candidate_id": "4",
  "candidate_index": 4,
  "instr_json": "/content/gdrive/MyDrive/full_arc_runs/run1/outputs/training/fe9372f3.json",
  "out_py": "/content/gdrive/MyDrive/full_arc_runs/run1/debug_multi/fe9372f3_allc_out/fe9372f3.cand_4.transform.nl.py",
  "status": "ok",
  "latency_s": 6.641,
  "llm": {
    "latency_s": 6.641,
    "status_code": 200,
    "usage": {
      "prompt_tokens": 1310,
      "total_tokens": 1618,
      "completion_tokens": 308
    }
  },
  "prompt_bytes": {
    "system": 3470,
    "user": 795,
    "n_instructions": 7,
    "shots": 0
  },
  "generated_code": "from dsl_primitives import *\n\ndef transform(grid: List[List[int]]) -> List[List[int]]:\n    dsl_paint_row(dsl_paint_col(dsl_paint_cell(grid, r, c, 8), c, 8), r, 8)\n    dsl_paint_row(dsl_paint_col(dsl_paint_cell(grid, r, c, 1), c, 1), r, 1)\n    dsl_paint_row(dsl_paint_col(dsl_paint_cell(grid, r, c, 0), c, 0), r, 0)\n    dsl_paint_row(dsl_paint_col(dsl_paint_cell(grid, r, c, 1 if dsl_in_bounds(grid, r, c) and (r == 0 or r == dsl_shape(grid)[0] - 1 or c == 0 or c == dsl_shape(grid)[1] - 1) else 0), c, 1 if dsl_in_bounds(grid, r, c) and (r == 0 or r == dsl_shape(grid)[0] - 1 or c == 0 or c == dsl_shape(grid)[1] - 1) else 0), c, 1 if dsl_in_bounds(grid, r, c) and (r == 0 or r == dsl_shape(grid)[0] - 1 or c == 0 or c == dsl_shape(grid)[1] - 1) else 0)\n    return grid"
}