{
  "task_id": "fe9372f3",
  "candidate_key": "4",
  "candidate_path": "/content/gdrive/MyDrive/full_arc_runs/run1/debug_multi/fe9372f3_allc_out/fe9372f3.cand_4.transform.nl.py",
  "exact_total": 0,
  "exact_rate": 0.0,
  "mean_per_cell_acc": 0.0,
  "elapsed_sec": 0.214,
  "pairs": [
    {
      "pair": 0,
      "status": "error",
      "error": "NameError: name 'r' is not defined"
    },
    {
      "pair": 1,
      "status": "error",
      "error": "NameError: name 'r' is not defined"
    }
  ]
}