{
  "task_id": "fe9372f3",
  "candidate_id": "1",
  "candidate_index": 1,
  "instr_json": "/content/gdrive/MyDrive/full_arc_runs/run1/outputs/training/fe9372f3.json",
  "out_py": "/content/gdrive/MyDrive/full_arc_runs/run1/debug_multi/fe9372f3_allc_out/fe9372f3.cand_1.transform.nl.py",
  "status": "ok",
  "latency_s": 5.584,
  "llm": {
    "latency_s": 5.584,
    "status_code": 200,
    "usage": {
      "prompt_tokens": 1378,
      "total_tokens": 1625,
      "completion_tokens": 247
    }
  },
  "prompt_bytes": {
    "system": 3470,
    "user": 1158,
    "n_instructions": 8,
    "shots": 0
  },
  "generated_code": "from dsl_primitives import *\n\ndef transform(grid: List[List[int]]) -> List[List[int]]:\n    mask = dsl_mask_eq(grid, 2)\n    grid = dsl_paint_row(grid, 0, 1)\n    grid = dsl_paint_row(grid, len(grid) - 1, 1)\n    grid = dsl_paint_col(grid, 0, 1)\n    grid = dsl_paint_col(grid, len(grid[0]) - 1, 1)\n    grid = dsl_paint_row(grid, len(grid) // 2, 2)\n    grid = dsl_paint_col(grid, len(grid[0]) // 2, 2)\n    grid = dsl_replace_color(grid, 1, 1)\n    grid = dsl_replace_color(grid, 2, 2)\n    grid = dsl_replace_color(grid, 4, 4)\n    grid = dsl_replace_color(grid, 8, 4)\n    grid = dsl_fill_rect(grid, 0, 0, len(grid), len(grid[0]), 0)\n    grid = dsl_paint_masked(grid, mask, 0)\n    return grid"
}