{
  "task_id": "fe9372f3",
  "candidate_id": "2",
  "candidate_index": 2,
  "instr_json": "/content/gdrive/MyDrive/full_arc_runs/run1/outputs/training/fe9372f3.json",
  "out_py": "/content/gdrive/MyDrive/full_arc_runs/run1/debug_multi/fe9372f3_allc_out/fe9372f3.cand_2.transform.nl.py",
  "status": "ok",
  "latency_s": 12.154,
  "llm": {
    "latency_s": 12.154,
    "status_code": 200,
    "usage": {
      "prompt_tokens": 1388,
      "total_tokens": 1847,
      "completion_tokens": 459
    }
  },
  "prompt_bytes": {
    "system": 3470,
    "user": 1189,
    "n_instructions": 14,
    "shots": 0
  },
  "generated_code": "from dsl_primitives import *\n\ndef transform(grid: List[List[int]]) -> List[List[int]]:\n    mask = dsl_mask_eq(grid, 2)\n    circles = dsl_iter_coords(mask)\n    intersection_counts = {}\n    for r, c in circles:\n        bbox = dsl_bbox_of_mask(dsl_component_mask(grid, r, c))\n        r0, c0, h, w = bbox\n        intersection_count = 0\n        for dr, dc in dsl_neighbors4(r, c):\n            if dsl_in_bounds(grid, dr, dc):\n                if (dr == r0 or dr == r0 + h - 1 or\n                    dc == c0 or dc == c0 + w - 1):\n                    intersection_count += 1\n                elif (dr == r0 + 1 and dc == c0 + 1 or\n                      dr == r0 + h - 2 and dc == c0 + w - 2 or\n                      dr == r0 + 1 and dc == c0 + w - 2 or\n                      dr == r0 + h - 2 and dc == c0 + 1):\n                    intersection_count += 0.5\n        intersection_counts[(r, c)] = round(intersection_count)\n    grid = dsl_remap_colors(grid, {2: intersection_counts})\n    grid = dsl_iter_coords(grid)\n    for r, c in grid:\n        if dsl_get_cell(grid, r, c) != 0:\n            row_count = sum(intersection_counts.get((r, cc), 0) for cc in dsl_iter_coords(grid) if cc[0] == c)\n            col_count = sum(intersection_counts.get((rr, c), 0) for rr in dsl_iter_coords(grid) if rr[0] == r)\n            grid = dsl_set_cell(grid, r, c, (row_count + col_count) % 2 + 8 * (row_count + col_count) // 2)\n    grid = dsl_remap_colors(grid, {0: 0, 0.5: 4, 1: 1, 8: 8})\n    return grid"
}