{
  "task_id": "fe9372f3",
  "candidate_id": "6",
  "candidate_index": 6,
  "instr_json": "/content/gdrive/MyDrive/full_arc_runs/run1/outputs/training/fe9372f3.json",
  "out_py": "/content/gdrive/MyDrive/full_arc_runs/run1/debug_multi/fe9372f3_allc_out/fe9372f3.cand_6.transform.nl.py",
  "status": "invalid_code",
  "latency_s": 13.29,
  "llm": {
    "latency_s": 13.29,
    "status_code": 200,
    "usage": {
      "prompt_tokens": 1354,
      "total_tokens": 1862,
      "completion_tokens": 508
    }
  },
  "prompt_bytes": {
    "system": 3470,
    "user": 1061,
    "n_instructions": 7,
    "shots": 0
  },
  "generated_code": "from dsl_primitives import *\n\ndef transform(grid: List[List[int]]) -> List[List[int]]:\n    dsl_paint_row(dsl_paint_col(dsl_paint_row(dsl_paint_col(dsl_paint_row(dsl_paint_col(dsl_paint_row(dsl_paint_col(grid, 1, 1), 1), 2), 2), 2), 2), 2), 2), 2)\n    dsl_paint_row(dsl_paint_col(dsl_paint_row(dsl_paint_col(dsl_paint_row(dsl_paint_col(dsl_paint_row(dsl_paint_col(grid, 1, 2), 2), 2), 2), 2), 2), 2), 2)\n    dsl_paint_row(dsl_paint_col(dsl_paint_row(dsl_paint_col(dsl_paint_row(dsl_paint_col(dsl_paint_row(dsl_paint_col(grid, 2, 1), 2), 2), 2), 2), 2), 2), 2)\n    dsl_paint_row(dsl_paint_col(dsl_paint_row(dsl_paint_col(dsl_paint_row(dsl_paint_col(dsl_paint_row(dsl_paint_col(grid, 2, 2), 2), 2), 2), 2), 2), 2)\n    dsl_paint_row(dsl_paint_col(dsl_paint_row(dsl_paint_col(dsl_paint_row(dsl_paint_col(dsl_paint_row(dsl_paint_col(grid, 8, 1), 8), 8), 8), 8), 8), 8), 8)\n    dsl_paint_row(dsl_paint_col(dsl_paint_row(dsl_paint_col(dsl_paint_row(dsl_paint_col(dsl_paint_row(dsl_paint_col(grid, 8, 2), 8), 8), 8), 8), 8), 8)\n    dsl_paint_row(dsl_paint_col(dsl_paint_row(dsl_paint_col(dsl_paint_row(dsl_paint_col(dsl_paint_row(dsl_paint_col(grid, 0, 1), 0), 0), 0), 0), 0), 0)\n    dsl_paint_row(dsl_paint_col(dsl_paint_row(dsl_paint_col(dsl_paint_row(dsl_paint_col(dsl_paint_row(dsl_paint_col(grid, 0, 2), 0), 0), 0), 0), 0)\n    return grid",
  "error": "SyntaxError: unmatched ')' (<unknown>, line 4)"
}