{
  "task_id": "fe9372f3",
  "candidate_id": "5",
  "candidate_index": 5,
  "instr_json": "/content/gdrive/MyDrive/full_arc_runs/run1/outputs/training/fe9372f3.json",
  "out_py": "/content/gdrive/MyDrive/full_arc_runs/run1/debug_multi/fe9372f3_allc_out/fe9372f3.cand_5.transform.nl.py",
  "status": "invalid_code",
  "latency_s": 20.812,
  "llm": {
    "latency_s": 20.812,
    "status_code": 200,
    "usage": {
      "prompt_tokens": 1254,
      "total_tokens": 2154,
      "completion_tokens": 900
    }
  },
  "prompt_bytes": {
    "system": 3470,
    "user": 647,
    "n_instructions": 5,
    "shots": 0
  },
  "generated_code": "from dsl_primitives import *\n\ndef transform(grid: List[List[int]]) -> List[List[int]]:\n    mask = dsl_mask_eq(grid, 2)\n    grid = dsl_paint_row(grid, 0, 8)\n    grid = dsl_paint_col(grid, 0, 8)\n    grid = dsl_paint_row(grid, 0, 8)\n    grid = dsl_paint_col(grid, 0, 8)\n    grid = dsl_paint_row(grid, 0, 8)\n    grid = dsl_paint_col(grid, 0, 8)\n    grid = dsl_paint_row(grid, 0, 8)\n    grid = dsl_paint_col(grid, 0, 8)\n    grid = dsl_paint_row(grid, 0, 8)\n    grid = dsl_paint_col(grid, 0, 8)\n    grid = dsl_paint_row(grid, 0, 8)\n    grid = dsl_paint_col(grid, 0, 8)\n    grid = dsl_paint_row(grid, 0, 8)\n    grid = dsl_paint_col(grid, 0, 8)\n    grid = dsl_paint_row(grid, 0, 8)\n    grid = dsl_paint_col(grid, 0, 8)\n    grid = dsl_paint_row(grid, 0, 8)\n    grid = dsl_paint_col(grid, 0, 8)\n    grid = dsl_paint_row(grid, 0, 8)\n    grid = dsl_paint_col(grid, 0, 8)\n    grid = dsl_paint_row(grid, 0, 8)\n    grid = dsl_paint_col(grid, 0, 8)\n    grid = dsl_paint_row(grid, 0, 8)\n    grid = dsl_paint_col(grid, 0, 8)\n    grid = dsl_paint_row(grid, 0, 8)\n    grid = dsl_paint_col(grid, 0, 8)\n    grid = dsl_paint_row(grid, 0, 8)\n    grid = dsl_paint_col(grid, 0, 8)\n    grid = dsl_paint_row(grid, 0, 8)\n    grid = dsl_paint_col(grid, 0, 8)\n    grid = dsl_paint_row(grid, 0, 8)\n    grid = dsl_paint_col(grid, 0, 8)\n    grid = dsl_paint_row(grid, 0, 8)\n    grid = dsl_paint_col(grid, 0, 8)\n    grid = dsl_paint_row(grid, 0, 8)\n    grid = dsl_paint_col(grid, 0, 8)\n    grid = dsl_paint_row(grid, 0, 8)\n    grid = dsl_paint_col(grid, 0, 8)\n    grid = dsl_paint_row(grid, 0, 8)\n    grid = dsl_paint_col(grid, 0, 8)\n    grid = dsl_paint_row(grid, 0, 8)\n    grid = dsl_paint_col(grid, 0, 8)\n    grid = dsl_paint_row(grid, 0, 8)\n    grid = dsl_paint_col(grid, 0, 8)\n    grid = dsl_paint_row(grid, 0, 8)\n    grid = dsl_paint_col(grid, 0, 8)\n    grid = dsl_paint_row(grid, 0, 8)\n    grid = dsl_paint_col(grid, 0, 8)\n    grid = dsl_paint_row(grid, 0, 8)\n    grid = dsl_paint_col(grid, 0, 8)\n    grid = dsl_paint_row(grid, 0, 8)\n    grid = dsl_paint_col(grid, 0, 8)\n    grid = dsl_paint_row(grid, 0, 8)\n    grid = dsl_paint_col(grid, 0, 8)\n    grid = dsl_paint_row(grid, 0, 8)\n    grid = dsl_paint_col(grid, 0, 8)\n    grid = dsl_paint_row(grid, 0, 8)\n    grid = dsl_paint_col(grid, 0,",
  "error": "SyntaxError: '(' was never closed (<unknown>, line 62)"
}