{
  "task_id": "fe9372f3",
  "candidate_id": "9",
  "candidate_index": 9,
  "instr_json": "/content/gdrive/MyDrive/full_arc_runs/run1/outputs/training/fe9372f3.json",
  "out_py": "/content/gdrive/MyDrive/full_arc_runs/run1/debug_multi/fe9372f3_allc_out/fe9372f3.cand_9.transform.nl.py",
  "status": "invalid_code",
  "latency_s": 20.807,
  "llm": {
    "latency_s": 20.807,
    "status_code": 200,
    "usage": {
      "prompt_tokens": 1947,
      "total_tokens": 2847,
      "completion_tokens": 900
    }
  },
  "prompt_bytes": {
    "system": 3470,
    "user": 2906,
    "n_instructions": 16,
    "shots": 0
  },
  "generated_code": "from dsl_primitives import *\n\ndef transform(grid: List[List[int]]) -> List[List[int]]:\n    top_left = dsl_crop(grid, 0, 0, 2, 2)\n    mask = dsl_mask_eq(top_left, 2)\n    grid = dsl_replace_color(grid, 2, 8)\n    grid = dsl_replace_color(grid, 2, 1)\n    grid = dsl_replace_color(grid, 0, 1)\n    grid = dsl_replace_color(grid, 0, 1, dsl_bbox_of_mask(mask))\n    grid = dsl_replace_color(grid, 0, 1, dsl_bbox_of_mask(mask), dsl_bbox_of_mask(dsl_flip_v(mask)))\n    grid = dsl_replace_color(grid, 0, 1, dsl_bbox_of_mask(mask), dsl_bbox_of_mask(dsl_flip_v(mask)), dsl_iter_coords(dsl_mask_eq(grid, 0)))\n    grid = dsl_replace_color(grid, 0, 1, dsl_bbox_of_mask(mask), dsl_bbox_of_mask(dsl_flip_v(mask)), dsl_iter_coords(dsl_mask_eq(grid, 0)), dsl_iter_coords(dsl_mask_eq(dsl_flip_h(grid), 0)))\n    grid = dsl_replace_color(grid, 0, 1, dsl_bbox_of_mask(mask), dsl_bbox_of_mask(dsl_flip_v(mask)), dsl_iter_coords(dsl_mask_eq(grid, 0)), dsl_iter_coords(dsl_mask_eq(dsl_flip_h(grid), 0)), dsl_iter_coords(dsl_mask_eq(dsl_flip_v(dsl_flip_h(grid)), 0)))\n    grid = dsl_replace_color(grid, 0, 1, dsl_bbox_of_mask(mask), dsl_bbox_of_mask(dsl_flip_v(mask)), dsl_iter_coords(dsl_mask_eq(grid, 0)), dsl_iter_coords(dsl_mask_eq(dsl_flip_h(grid), 0)), dsl_iter_coords(dsl_mask_eq(dsl_flip_v(dsl_flip_h(grid)), 0)), dsl_iter_coords(dsl_mask_eq(dsl_flip_h(dsl_flip_v(grid)), 0)))\n    grid = dsl_replace_color(grid, 0, 1, dsl_bbox_of_mask(mask), dsl_bbox_of_mask(dsl_flip_v(mask)), dsl_iter_coords(dsl_mask_eq(grid, 0)), dsl_iter_coords(dsl_mask_eq(dsl_flip_h(grid), 0)), dsl_iter_coords(dsl_mask_eq(dsl_flip_v(dsl_flip_h(grid)), 0)), dsl_iter_coords(dsl_mask_eq(dsl_flip_h(dsl_flip_v(grid)), 0)), dsl_iter_coords(dsl_mask_eq(dsl_flip_h(dsl_flip_v(dsl_flip_h(grid))), 0)))\n    grid = dsl_replace_color(grid, 0, 1, dsl_bbox_of_mask(mask), dsl_bbox_of_mask(dsl_flip_v(mask)), dsl_iter_coords(dsl_mask_eq(grid, 0)), dsl_iter_coords(dsl_mask_eq(dsl_flip_h(grid), 0)), dsl_iter_coords(dsl_mask_eq(dsl_flip_v(dsl_flip_h(grid)), 0)), dsl_iter_coords(dsl_mask_eq(dsl_flip_h(dsl_flip_v(grid)), 0)), dsl_iter_coords(dsl_mask_eq(dsl_flip_h(dsl_flip_v(dsl_flip_h(grid))), 0)), dsl_iter_coords(dsl_mask_eq(dsl_flip_v(dsl_flip_h(dsl_flip_v(grid))), 0)))\n    grid = dsl_replace_color(grid, 0, 1, dsl_bbox_of_mask(mask), dsl_bbox_of_mask(dsl_flip_v(mask)), dsl_iter_coords(dsl_mask_eq(grid, 0)), dsl_iter_coords(dsl_mask_eq(dsl_flip_h(grid), 0)), dsl_iter_coords(dsl_mask_eq(dsl_flip_v(dsl_flip_h(grid)), 0)), dsl_iter_coords(dsl_mask_eq(dsl_flip_h(dsl_flip_v(grid)), 0)), dsl_iter_coords(dsl_mask_eq(dsl_flip_h(dsl_flip_v(dsl_flip_h(grid))), 0)), dsl_iter_coords(dsl_mask_eq(dsl_flip_v(dsl_flip_h(dsl_flip_v(grid))), 0)), dsl_iter_coords(dsl_mask_eq",
  "error": "SyntaxError: '(' was never closed (<unknown>, line 17)"
}