{
  "task_id": "fe9372f3",
  "candidate_id": "7",
  "candidate_index": 7,
  "instr_json": "/content/gdrive/MyDrive/full_arc_runs/run1/outputs/training/fe9372f3.json",
  "out_py": "/content/gdrive/MyDrive/full_arc_runs/run1/debug_multi/fe9372f3_allc_out/fe9372f3.cand_7.transform.nl.py",
  "status": "ok",
  "latency_s": 13.312,
  "llm": {
    "latency_s": 13.312,
    "status_code": 200,
    "usage": {
      "prompt_tokens": 1372,
      "total_tokens": 1881,
      "completion_tokens": 509
    }
  },
  "prompt_bytes": {
    "system": 3470,
    "user": 1024,
    "n_instructions": 11,
    "shots": 0
  },
  "generated_code": "from dsl_primitives import *\n\ndef transform(grid: List[List[int]]) -> List[List[int]]:\n    while True:\n        new_grid = dsl_clone(grid)\n        mask = dsl_mask_eq(grid, 2)\n        grid = dsl_replace_color(grid, 2, 1)\n        grid = dsl_paint_row(grid, 0, 0)\n        for r, c in dsl_iter_coords(grid):\n            if dsl_get_cell(grid, r, c) == 1:\n                closest_8 = next((n for n in dsl_neighbors4(r, c) if dsl_get_cell(grid, n[0], n[1]) == 8), None)\n                if closest_8:\n                    grid = dsl_set_cell(grid, closest_8[0], closest_8[1], 8)\n        mask = dsl_mask_eq(grid, 8)\n        grid = dsl_replace_color(grid, 8, 4)\n        grid = dsl_paint_row(grid, 0, 0)\n        for r, c in dsl_iter_coords(grid):\n            if dsl_get_cell(grid, r, c) == 4:\n                closest_2 = next((n for n in dsl_neighbors4(r, c) if dsl_get_cell(grid, n[0], n[1]) == 2), None)\n                if closest_2:\n                    grid = dsl_set_cell(grid, closest_2[0], closest_2[1], 2)\n        mask = dsl_mask_eq(grid, 4)\n        grid = dsl_replace_color(grid, 4, 1)\n        grid = dsl_paint_row(grid, 0, 0)\n        for r, c in dsl_iter_coords(grid):\n            if dsl_get_cell(grid, r, c) == 1:\n                closest_2 = next((n for n in dsl_neighbors4(r, c) if dsl_get_cell(grid, n[0], n[1]) == 2), None)\n                if closest_2:\n                    grid = dsl_set_cell(grid, closest_2[0], closest_2[1], 2)\n        mask = dsl_mask_eq(grid, 1)\n        grid = dsl_replace_color(grid, 1, 0)\n        grid = dsl_paint_row(grid, 0, 0)\n        if grid == new_grid:\n            break\n    return grid"
}