{
  "task_id": "fe9372f3",
  "candidate_id": "8",
  "candidate_index": 8,
  "instr_json": "/content/gdrive/MyDrive/full_arc_runs/run1/outputs/training/fe9372f3.json",
  "out_py": "/content/gdrive/MyDrive/full_arc_runs/run1/debug_multi/fe9372f3_allc_out/fe9372f3.cand_8.transform.nl.py",
  "status": "ok",
  "latency_s": 5.025,
  "llm": {
    "latency_s": 5.025,
    "status_code": 200,
    "usage": {
      "prompt_tokens": 1341,
      "total_tokens": 1558,
      "completion_tokens": 217
    }
  },
  "prompt_bytes": {
    "system": 3470,
    "user": 893,
    "n_instructions": 10,
    "shots": 0
  },
  "generated_code": "from dsl_primitives import *\n\ndef transform(grid: List[List[int]]) -> List[List[int]]:\n    dsl_paint_row(dsl_paint_col(dsl_paint_cell(grid, dsl_iter_coords(grid), 2, 8), dsl_iter_coords(grid), 1, 8), dsl_iter_coords(grid), 4, 8)\n    dsl_paint_row(dsl_paint_col(dsl_paint_cell(grid, dsl_iter_coords(grid), 1, 0), dsl_iter_coords(grid), 0, 0), dsl_iter_coords(grid), 4, 0)\n    dsl_paint_row(dsl_paint_col(dsl_paint_cell(grid, dsl_iter_coords(grid), 8, 8), dsl_iter_coords(grid), 0, 0), dsl_iter_coords(grid), 8, 0)\n    return dsl_mask_eq(dsl_paint_row(dsl_paint_col(grid, dsl_iter_coords(grid), 0, 0), dsl_iter_coords(grid), 0, 0), 0)"
}