{
  "task_id": "fe9372f3",
  "candidate_id": "3",
  "candidate_index": 3,
  "instr_json": "/content/gdrive/MyDrive/full_arc_runs/run1/outputs/training/fe9372f3.json",
  "out_py": "/content/gdrive/MyDrive/full_arc_runs/run1/debug_multi/fe9372f3_allc_out/fe9372f3.cand_3.transform.nl.py",
  "status": "ok",
  "latency_s": 5.233,
  "llm": {
    "latency_s": 5.233,
    "status_code": 200,
    "usage": {
      "prompt_tokens": 1329,
      "total_tokens": 1557,
      "completion_tokens": 228
    }
  },
  "prompt_bytes": {
    "system": 3470,
    "user": 973,
    "n_instructions": 6,
    "shots": 0
  },
  "generated_code": "from dsl_primitives import *\n\ndef transform(grid: List[List[int]]) -> List[List[int]]:\n    center = list(dsl_iter_coords(grid)).pop()\n    grid = dsl_replace_color(grid, 2, 1)\n    grid = dsl_replace_color(grid, 2, 8)\n    grid = dsl_remap_colors(grid, {8: lambda x, y: dsl_get_cell(grid, x, y) + dsl_get_cell(grid, center[0], center[1]) + 1 - (abs(x - center[0]) + abs(y - center[1]))})\n    grid = dsl_remap_colors(grid, {1: 1, 0: 0})\n    if dsl_shape(grid)[0] % 2 == 1:\n        grid = dsl_copy_row(grid, dsl_shape(grid)[0], dsl_zeros_like(grid))\n    if dsl_shape(grid)[1] % 2 == 1:\n        grid = dsl_copy_col(grid, dsl_shape(grid)[1], dsl_zeros_like(grid))\n    return grid"
}