{
  "task_id": "fe9372f3",
  "candidate_id": "0",
  "candidate_index": 0,
  "instr_json": "/content/gdrive/MyDrive/full_arc_runs/run1/outputs/training/fe9372f3.json",
  "out_py": "/content/gdrive/MyDrive/full_arc_runs/run1/debug_multi/fe9372f3_allc_out/fe9372f3.cand_0.transform.nl.py",
  "status": "invalid_code",
  "latency_s": 20.824,
  "llm": {
    "latency_s": 20.824,
    "status_code": 200,
    "usage": {
      "prompt_tokens": 1299,
      "total_tokens": 2199,
      "completion_tokens": 900
    }
  },
  "prompt_bytes": {
    "system": 3470,
    "user": 836,
    "n_instructions": 6,
    "shots": 0
  },
  "generated_code": "from dsl_primitives import *\n\ndef transform(grid: List[List[int]]) -> List[List[int]]:\n    mask = dsl_mask_eq(grid, 2)\n    grid = dsl_paint_col(grid, 0, 8)\n    grid = dsl_paint_col(grid, 1, 8)\n    grid = dsl_paint_col(grid, 2, 8)\n    grid = dsl_paint_col(grid, 3, 8)\n    grid = dsl_paint_col(grid, 4, 8)\n    grid = dsl_paint_col(grid, 5, 8)\n    grid = dsl_paint_col(grid, 6, 8)\n    grid = dsl_paint_col(grid, 7, 8)\n    grid = dsl_paint_col(grid, 8, 8)\n    grid = dsl_paint_col(grid, 9, 8)\n    grid = dsl_paint_col(grid, 10, 8)\n    grid = dsl_paint_col(grid, 11, 8)\n    grid = dsl_paint_col(grid, 12, 8)\n    grid = dsl_paint_col(grid, 13, 8)\n    grid = dsl_paint_col(grid, 14, 8)\n    grid = dsl_paint_col(grid, 15, 8)\n    grid = dsl_paint_col(grid, 16, 8)\n    grid = dsl_paint_col(grid, 17, 8)\n    grid = dsl_paint_col(grid, 18, 8)\n    grid = dsl_paint_col(grid, 19, 8)\n    grid = dsl_paint_col(grid, 20, 8)\n    grid = dsl_paint_col(grid, 21, 8)\n    grid = dsl_paint_col(grid, 22, 8)\n    grid = dsl_paint_col(grid, 23, 8)\n    grid = dsl_paint_col(grid, 24, 8)\n    grid = dsl_paint_col(grid, 25, 8)\n    grid = dsl_paint_col(grid, 26, 8)\n    grid = dsl_paint_col(grid, 27, 8)\n    grid = dsl_paint_col(grid, 28, 8)\n    grid = dsl_paint_col(grid, 29, 8)\n    grid = dsl_paint_col(grid, 30, 8)\n    grid = dsl_paint_col(grid, 31, 8)\n    grid = dsl_paint_col(grid, 32, 8)\n    grid = dsl_paint_col(grid, 33, 8)\n    grid = dsl_paint_col(grid, 34, 8)\n    grid = dsl_paint_col(grid, 35, 8)\n    grid = dsl_paint_col(grid, 36, 8)\n    grid = dsl_paint_col(grid, 37, 8)\n    grid = dsl_paint_col(grid, 38, 8)\n    grid = dsl_paint_col(grid, 39, 8)\n    grid = dsl_paint_col(grid, 40, 8)\n    grid = dsl_paint_col(grid, 41, 8)\n    grid = dsl_paint_col(grid, 42, 8)\n    grid = dsl_paint_col(grid, 43, 8)\n    grid = dsl_paint_col(grid, 44, 8)\n    grid = dsl_paint_col(grid, 45, 8)\n    grid = dsl_paint_col(grid, 46, 8)\n    grid = dsl_paint_col(grid, 47, 8)\n    grid = dsl_paint_col(grid, 48, 8)\n    grid = dsl_paint_col(grid, 49, 8)\n    grid = dsl_paint_col(grid, 50, 8)\n    grid = dsl_paint_col(grid, 51, 8)\n    grid = dsl_paint_col(grid, 52, 8)\n    grid = dsl_paint_col(grid, 53, 8)\n    grid = dsl_paint_col(grid, 54, 8)\n    grid = dsl_paint_col(grid, 55, 8)\n    grid = dsl_paint_col(grid, 56, 8)\n    grid = dsl_paint_col(grid, 57,",
  "error": "SyntaxError: '(' was never closed (<unknown>, line 62)"
}