{
  "task_id": "f8c80d96",
  "candidate_id": "6",
  "candidate_index": 6,
  "instr_json": "/content/gdrive/MyDrive/full_arc_runs/run1/outputs/training/f8c80d96.json",
  "out_py": "/content/gdrive/MyDrive/full_arc_runs/run1/debug_multi/f8c80d96_allc_out/f8c80d96.cand_6.transform.nl.py",
  "status": "invalid_code",
  "latency_s": 26.259,
  "llm": {
    "latency_s": 26.259,
    "status_code": 200,
    "usage": {
      "prompt_tokens": 1642,
      "total_tokens": 2542,
      "completion_tokens": 900
    }
  },
  "prompt_bytes": {
    "system": 3470,
    "user": 2405,
    "n_instructions": 10,
    "shots": 0
  },
  "generated_code": "from dsl_primitives import *\n\ndef transform(grid: List[List[int]]) -> List[List[int]]:\n    top_left = next((r, c) for r, row in enumerate(grid) for c, val in enumerate(row) if val != 0)\n    grid = dsl_replace_color(dsl_replace_color(dsl_replace_color(dsl_replace_color(dsl_replace_color(dsl_replace_color(dsl_replace_color(dsl_replace_color(dsl_replace_color(dsl_replace_color(grid, 0, 5), dsl_bbox_of_mask(dsl_mask_eq(grid, 0))[2], dsl_bbox_of_mask(dsl_mask_eq(grid, 0))[3], 5), top_left[0], top_left[1], 5), top_left[0], top_left[1], 5), top_left[0], top_left[1], 1), top_left[0], top_left[1], 5), top_left[0], top_left[1], 5), top_left[0], top_left[1], 5), top_left[0], top_left[1], 5), top_left[0], top_left[1], 5), top_left[0], top_left[1], 5), top_left[0], top_left[1], 5), top_left[0], top_left[1], 5), top_left[0], top_left[1], 5), top_left[0], top_left[1], 5), top_left[0], top_left[1], 5), top_left[0], top_left[1], 5), top_left[0], top_left[1], 5), top_left[0], top_left[1], 5), top_left[0], top_left[1], 5), top_left[0], top_left[1], 5), top_left[0], top_left[1], 5), top_left[0], top_left[1], 5), top_left[0], top_left[1], 5), top_left[0], top_left[1], 5), top_left[0], top_left[1], 5), top_left[0], top_left[1], 5), top_left[0], top_left[1], 5), top_left[0], top_left[1], 5), top_left[0], top_left[1], 5), top_left[0], top_left[1], 5), top_left[0], top_left[1], 5), top_left[0], top_left[1], 5), top_left[0], top_left[1], 5), top_left[0], top_left[1], 5), top_left[0], top_left[1], 5), top_left[0], top_left[1], 5), top_left[0], top_left[1], 5), top_left[0], top_left[1], 5), top_left[0], top_left[1], 5), top_left[0], top_left[1], 5), top_left[0], top_left[1], 5), top_left[0], top_left[1], 5), top_left[0], top_left[1], 5), top_left[0], top_left[1], 5), top_left[0], top_left[1], 5), top_left[0], top_left[1], 5), top_left[0], top_left[1], 5), top_left[0], top_left[1], 5), top_left[0], top_left[1], 5), top_left[0], top_left[1], 5), top_left[0], top_left[1], 5), top_left[0], top_left[1], 5), top_left[0], top_left[1], 5), top_left[0], top_left[1], 5), top_left[0], top_left[1], 5), top_left[0], top_left[1], 5), top_left[0], top_left[1], 5), top_left[0], top_left[1], 5), top_left[0], top_left[1], 5), top_left[0], top_left[",
  "error": "SyntaxError: unmatched ')' (<unknown>, line 5)"
}