{
  "task_id": "f8c80d96",
  "candidate_id": "7",
  "candidate_index": 7,
  "instr_json": "/content/gdrive/MyDrive/full_arc_runs/run1/outputs/training/f8c80d96.json",
  "out_py": "/content/gdrive/MyDrive/full_arc_runs/run1/debug_multi/f8c80d96_allc_out/f8c80d96.cand_7.transform.nl.py",
  "status": "invalid_code",
  "latency_s": 26.254,
  "llm": {
    "latency_s": 26.254,
    "status_code": 200,
    "usage": {
      "prompt_tokens": 1935,
      "total_tokens": 2835,
      "completion_tokens": 900
    }
  },
  "prompt_bytes": {
    "system": 3470,
    "user": 3010,
    "n_instructions": 28,
    "shots": 0
  },
  "generated_code": "from dsl_primitives import *\n\ndef transform(grid: List[List[int]]) -> List[List[int]]:\n    mask = dsl_mask_eq(grid, 0)\n    grid = dsl_replace_color(grid, 0, -1)\n    grid = dsl_iter_coords(grid).map(lambda r, c: (r, c, dsl_get_cell(grid, r, c))).filter(lambda r, c, val: val != -1).map(lambda r, c, val: (r, c, dsl_distance(r, c, 0, 0)))\n    grid = dsl_remap_colors(grid, {(r, c, dist): 5 + (dist * 2) if r <= 5 and c <= 5 else 5 + (dist * 2) - 1 if r > 5 and c <= 5 else 5 + (dist * 2) - 2 if r <= 5 and c > 5 else 5 + (dist * 2) - 3 for (r, c, dist) in grid})\n    grid = dsl_iter_coords(grid).map(lambda r, c, val: (r, c, val)).filter(lambda r, c, val: val > 5 and r <= 5 and c <= 5).map(lambda r, c, val: (r, c, 5))\n    grid = dsl_iter_coords(grid).map(lambda r, c, val: (r, c, val)).filter(lambda r, c, val: val > 5 and r > 5 and c <= 5).map(lambda r, c, val: (r, c, 5))\n    grid = dsl_iter_coords(grid).map(lambda r, c, val: (r, c, val)).filter(lambda r, c, val: val > 5 and r <= 5 and c > 5).map(lambda r, c, val: (r, c, 1))\n    grid = dsl_iter_coords(grid).map(lambda r, c, val: (r, c, val)).filter(lambda r, c, val: val > 5 and r > 5 and c > 5).map(lambda r, c, val: (r, c, 1))\n    grid = dsl_iter_coords(grid).map(lambda r, c, val: (r, c, val)).filter(lambda r, c, val: r == dsl_shape(grid)[1] - 1 and val == 1).map(lambda r, c, val: (r, c, 5))\n    grid = dsl_iter_coords(grid).map(lambda r, c, val: (r, c, val)).filter(lambda r, c, val: r == dsl_shape(grid)[1] - 1 and val == 5).map(lambda r, c, val: (r, c, 5))\n    grid = dsl_iter_coords(grid).map(lambda r, c, val: (r, c, val)).filter(lambda r, c, val: r == dsl_shape(grid)[1] - 1 and val > 5).map(lambda r, c, val: (r, c, 5))\n    grid = dsl_iter_coords(grid).map(lambda r, c, val: (r, c, val)).filter(lambda r, c, val: r == dsl_shape(grid)[1] - 1 and val < 5).map(lambda r, c, val: (r, c, 1))\n    grid = dsl_iter_coords(grid).map(lambda r, c, val: (r, c, val)).filter(lambda r, c, val: r == dsl_shape(grid)[1] - 1 and val == 2).map(lambda r, c, val: (r, c, 2))\n    grid = dsl_iter_coords(grid).map(lambda r, c, val: (r, c, val)).filter(lambda r, c, val: r == dsl_shape(grid)[1] - 1 and val == 5).map(lambda r, c, val: (r, c, 5))\n    grid = dsl_iter_coords(grid).map(lambda r, c, val: (r, c, val)).filter(lambda r, c,",
  "error": "SyntaxError: '(' was never closed (<unknown>, line 18)"
}