{
  "task_id": "f8c80d96",
  "candidate_id": "2",
  "candidate_index": 2,
  "instr_json": "/content/gdrive/MyDrive/full_arc_runs/run1/outputs/training/f8c80d96.json",
  "out_py": "/content/gdrive/MyDrive/full_arc_runs/run1/debug_multi/f8c80d96_allc_out/f8c80d96.cand_2.transform.nl.py",
  "status": "invalid_code",
  "latency_s": 26.262,
  "llm": {
    "latency_s": 26.262,
    "status_code": 200,
    "usage": {
      "prompt_tokens": 1373,
      "total_tokens": 2273,
      "completion_tokens": 900
    }
  },
  "prompt_bytes": {
    "system": 3470,
    "user": 1216,
    "n_instructions": 12,
    "shots": 0
  },
  "generated_code": "from dsl_primitives import *\n\ndef transform(grid: List[List[int]]) -> List[List[int]]:\n    grid = dsl_replace_color(dsl_replace_color(dsl_replace_color(dsl_replace_color(dsl_replace_color(dsl_replace_color(dsl_replace_color(dsl_replace_color(dsl_replace_color(dsl_replace_color(dsl_replace_color(dsl_replace_color(dsl_replace_color(dsl_replace_color(dsl_replace_color(dsl_replace_color(dsl_replace_color(dsl_replace_color(dsl_replace_color(dsl_replace_color(dsl_replace_color(dsl_replace_color(dsl_replace_color(dsl_replace_color(dsl_replace_color(dsl_replace_color(dsl_replace_color(dsl_replace_color(dsl_replace_color(dsl_replace_color(dsl_replace_color(dsl_replace_color(dsl_replace_color(dsl_replace_color(dsl_replace_color(dsl_replace_color(dsl_replace_color(dsl_replace_color(dsl_replace_color(dsl_replace_color(dsl_replace_color(dsl_replace_color(dsl_replace_color(dsl_replace_color(dsl_replace_color(dsl_replace_color(dsl_replace_color(dsl_replace_color(dsl_replace_color(dsl_replace_color(dsl_replace_color(dsl_replace_color(dsl_replace_color(dsl_replace_color(dsl_replace_color(dsl_replace_color(dsl_replace_color(dsl_replace_color(dsl_replace_color(dsl_replace_color(dsl_replace_color(dsl_replace_color(dsl_replace_color(dsl_replace_color(dsl_replace_color(dsl_replace_color(dsl_replace_color(dsl_replace_color(dsl_replace_color(dsl_replace_color(dsl_replace_color(dsl_replace_color(dsl_replace_color(dsl_replace_color(dsl_replace_color(dsl_replace_color(dsl_replace_color(dsl_replace_color(dsl_replace_color(dsl_replace_color(dsl_replace_color(dsl_replace_color(dsl_replace_color(dsl_replace_color(dsl_replace_color(dsl_replace_color(dsl_replace_color(dsl_replace_color(dsl_replace_color(dsl_replace_color(dsl_replace_color(dsl_replace_color(dsl_replace_color(dsl_replace_color(dsl_replace_color(dsl_replace_color(dsl_replace_color(dsl_replace_color(dsl_replace_color(dsl_replace_color(dsl_replace_color(dsl_replace_color(dsl_replace_color(dsl_replace_color(dsl_replace_color(dsl_replace_color(dsl_replace_color(dsl_replace_color(dsl_replace_color(dsl_replace_color(dsl_replace_color(dsl_replace_color(dsl_replace_color(dsl_replace_color(dsl_replace_color(dsl_replace_color(dsl_replace_color(dsl_replace_color(dsl_replace_color(dsl_replace_color(dsl_replace_color(dsl_replace_color(dsl_replace_color(dsl_replace_color(dsl_replace_color(dsl_replace_color(dsl_replace_color(dsl_replace_color(dsl_replace_color(dsl_replace_color(dsl_replace_color(dsl_replace_color(dsl_replace_color(dsl_replace_color(dsl_replace_color(dsl_replace_color(dsl_replace_color(dsl_replace_color(dsl_replace_color(dsl_replace_color(dsl_replace_color(dsl_replace_color(dsl_replace_color(dsl_replace_color(dsl_replace_color(dsl_replace_color(dsl_replace_color(dsl_replace_color(dsl_replace_color(dsl_replace_color(dsl_replace_color(dsl_replace_color(dsl_replace_color(dsl_replace_color(dsl_replace_color(dsl_replace_color(dsl_replace_color(dsl_replace_color(dsl_replace_color(dsl_replace_color(dsl_replace_color(dsl_replace_color(dsl_replace_color(dsl_replace_color(dsl_replace_color(dsl_replace_color(dsl_replace_color(dsl_replace_color(dsl_replace_color(dsl_replace_color(dsl_replace_color(dsl_replace_color(dsl_replace_color(dsl_replace_color(dsl_replace_color(dsl_replace_color(dsl_replace_color(dsl_replace_color(dsl_replace_color(dsl_replace_color(dsl_replace_color(dsl_replace_color(dsl_replace_color(dsl_replace_color(dsl_replace_color(dsl_replace_color(dsl_replace_color(dsl_replace_color(dsl_replace_color(dsl_replace_color(dsl_replace_color(dsl_replace_color(dsl_replace_color(dsl_replace_color(dsl_replace_color(dsl_replace_color(dsl_replace_color(dsl_replace_color(dsl_replace_color(dsl_replace_color(dsl_replace_color(dsl_replace_color(dsl_replace_color(dsl_replace_color(dsl_replace_color(dsl_replace_color(dsl_replace_color(dsl_replace_color(dsl_replace_color(dsl_replace_color(dsl_replace_color(dsl_replace_color(dsl_replace_color(dsl_replace_color(dsl_replace_color(dsl_replace_color(dsl_replace_color(dsl_replace_color(dsl_replace_color(d",
  "error": "SyntaxError: too many nested parentheses (<unknown>, line 4)"
}