{
  "task_id": "f8c80d96",
  "candidate_key": "9",
  "candidate_path": "/content/gdrive/MyDrive/full_arc_runs/run1/debug_multi/f8c80d96_allc_out/f8c80d96.cand_9.transform.nl.py",
  "exact_total": 0,
  "exact_rate": 0.0,
  "mean_per_cell_acc": 0.0,
  "elapsed_sec": 0.341,
  "pairs": [
    {
      "pair": 0,
      "status": "error",
      "error": "ValueError: too many values to unpack (expected 2)"
    },
    {
      "pair": 1,
      "status": "error",
      "error": "ValueError: too many values to unpack (expected 2)"
    },
    {
      "pair": 2,
      "status": "error",
      "error": "ValueError: too many values to unpack (expected 2)"
    }
  ]
}