{
  "task_id": "f8c80d96",
  "candidate_key": "8",
  "candidate_path": "/content/gdrive/MyDrive/full_arc_runs/run1/debug_multi/f8c80d96_allc_out/f8c80d96.cand_8.transform.nl.py",
  "exact_total": 0,
  "exact_rate": 0.0,
  "mean_per_cell_acc": 0.0,
  "elapsed_sec": 0.326,
  "pairs": [
    {
      "pair": 0,
      "status": "error",
      "error": "TypeError: unsupported operand type(s) for |: 'list' and 'list'"
    },
    {
      "pair": 1,
      "status": "error",
      "error": "TypeError: unsupported operand type(s) for |: 'list' and 'list'"
    },
    {
      "pair": 2,
      "status": "error",
      "error": "TypeError: unsupported operand type(s) for |: 'list' and 'list'"
    }
  ]
}