{
  "task_id": "025d127b",
  "split": "training",
  "candidates": [
    {
      "instructions": "1. Identify all non-zero values in the INPUT grid.\n2. For each non-zero value, create a copy of the value and place it in the OUTPUT grid at the same position.\n3. For each non-zero value in the INPUT grid, find the largest connected group of non-zero values (including the current value) that share the same value.\n4. For each connected group, find the center of the group by averaging the x and y coordinates of all values in the group.\n5. Move the entire connected group to the OUTPUT grid, centered at the position that is the same distance from the right edge of the OUTPUT grid as the center of the group is from the right edge of the INPUT grid."
    },
    {
      "instructions": "1. Identify the top row of the INPUT grid and the corresponding row in the OUTPUT grid.\n2. If the top row of the INPUT grid contains a non-zero value, the corresponding row in the OUTPUT grid will have the same non-zero value in the same column.\n3. If the top row of the INPUT grid contains a zero, the corresponding row in the OUTPUT grid will have a zero in the same column.\n4. Repeat steps 1-3 for each row in the INPUT grid, starting from the second row.\n5. For each row in the OUTPUT grid, if a non-zero value appears in the second column from the left, it will be mirrored in the second column from the right.\n6. The mirrored non-zero value will have the same value as the original non-zero value.\n7. The mirrored non-zero value will be placed in the same row as the original non-zero value.\n8. The mirrored non-zero value will be placed in the column that is mirrored from the original non-zero value's column.\n9. Repeat steps 5-8 for each non-zero value in the OUTPUT grid.\n10. The resulting grid will be the OUTPUT grid."
    },
    {
      "instructions": "1. Identify the central cell in the INPUT grid that contains the highest value.\n2. Move to the cell directly above the central cell.\n3. If the cell is empty (0), fill it with the value of the central cell.\n4. Move to the cell directly to the left of the central cell.\n5. If the cell is empty (0), fill it with the value of the central cell.\n6. Repeat steps 2-5, moving up and left, until an empty cell is reached or the edge of the grid is encountered.\n7. The transformation is complete."
    },
    {
      "instructions": "1. Identify the central cell in the INPUT grid that contains a non-zero value.\n2. Rotate the grid 90 degrees clockwise around the central cell.\n3. Replace all non-zero values in the rotated grid with zero.\n4. Replace all zero values in the rotated grid with the non-zero value of the central cell in the original INPUT grid."
    },
    {
      "instructions": "1. Identify the outermost ring of non-zero values in the INPUT grid.\n2. Invert the colors of the outermost ring, replacing each non-zero value with 0 and each 0 with the non-zero value.\n3. Remove the outermost ring of non-zero values from the INPUT grid, leaving a smaller grid.\n4. Repeat steps 1-3 until the grid is empty."
    },
    {
      "instructions": "1. Identify the top row of the INPUT grid with a non-zero value.\n2. Move down to the row directly below the identified row.\n3. Replace the non-zero value in the identified row with zero.\n4. Replace the non-zero value in the row below with the non-zero value from the identified row.\n5. Repeat steps 1-4 until the bottom row is reached or a row with a non-zero value is not found."
    },
    {
      "instructions": "1. Identify the top-left and bottom-right cells of the input grid that contain non-zero values.\n2. Draw a rectangle around these cells, including the cells on the grid's border.\n3. Shift the rectangle down by one row.\n4. Replace the cells within the rectangle with zeros.\n5. Replace the cells outside the rectangle with the original non-zero values from the input grid."
    },
    {
      "instructions": "1. Identify all non-zero values in the INPUT grid.\n2. For each non-zero value, find its closest pair of identical values in the INPUT grid.\n3. The closest pair is the \"center\" of the transformation.\n4. The non-zero value is mirrored across the center to its opposite side, creating a new value.\n5. If the new value already exists in the INPUT grid, it is skipped.\n6. Repeat steps 2-5 until no new values are created.\n7. The OUTPUT grid is the resulting INPUT grid after all transformations have been applied."
    },
    {
      "instructions": "1. Identify the topmost and bottommost rows in the INPUT grid that contain non-zero values.\n2. In the OUTPUT grid, the topmost row with non-zero values is the same as the topmost row with non-zero values in the INPUT grid.\n3. In the OUTPUT grid, the bottommost row with non-zero values is the same as the bottommost row with non-zero values in the INPUT grid.\n4. For each row in the INPUT grid that contains non-zero values, move it up by one position in the OUTPUT grid, and fill the new topmost position with zeros.\n5. In the OUTPUT grid, the non-zero values in each row are the same as the non-zero values in the corresponding row in the INPUT grid, but shifted down by one position.\n6. The non-zero values in the OUTPUT grid are the same as the non-zero values in the INPUT grid, but shifted down by one position in each row."
    },
    {
      "instructions": "1. Identify the topmost and bottommost rows in the INPUT grid that contain non-zero values.\n2. In the OUTPUT grid, replace the topmost row with the bottommost row from the INPUT grid.\n3. In the OUTPUT grid, replace the bottommost row with the topmost row from the INPUT grid.\n4. Remove the topmost and bottommost rows from the INPUT grid.\n5. Repeat steps 1-4 until the INPUT grid is empty."
    }
  ]
}