{
  "task_id": "0d87d2a6",
  "split": "training",
  "candidates": [
    {
      "instructions": "1. Identify all 1s in the INPUT grid.\n2. For each 1 found in step 1, check its horizontal and vertical neighbors.\n3. If a 1 has two or more 2s as neighbors, replace it with a 2.\n4. If a 1 has one 2 as a neighbor, replace it with a 1.\n5. If a 1 has no 2s as neighbors, replace it with a 1.\n6. Replace all remaining 1s with 0s.\n7. Replace all 2s with 1s."
    },
    {
      "instructions": "1. Identify the top-left cell in the INPUT grid that contains a non-zero value.\n2. Set the value of this cell to 1 in the OUTPUT grid.\n3. For each cell in the INPUT grid that contains a non-zero value and is directly above, below, to the left, or to the right of the cell identified in step 1:\n   • If the cell is directly above or below the cell identified in step 1, set its value to 1 in the OUTPUT grid.\n   • If the cell is directly to the left or right of the cell identified in step 1, set its value to 1 in the OUTPUT grid only if the cell identified in step 1 is in the second row from the top.\n4. For each cell in the INPUT grid that contains a non-zero value and is not directly adjacent to the cell identified in step 1:\n   • Set its value to 2 in the OUTPUT grid.\n5. Set all remaining cells in the OUTPUT grid to 0."
    },
    {
      "instructions": "1. Identify the top-left 1 in the INPUT grid.\n2. Set all cells in the column containing the top-left 1 to 1.\n3. Set all cells in the row containing the top-left 1 to 1.\n4. Set all cells in the 3x3 square centered at the top-left 1 to 1.\n5. Set all remaining cells to 0."
    },
    {
      "instructions": "1. Identify the topmost row with a value of 1 in the INPUT grid.\n2. Replace this row with a new row of the same length, where each cell is 1 if the corresponding cell in the original row is 1, and 0 otherwise.\n3. Replace the original row with the new row created in step 2.\n4. Repeat steps 1-3 until no more rows with a value of 1 are found in the INPUT grid.\n5. The resulting grid is the OUTPUT grid."
    },
    {
      "instructions": "1. Identify the top-left cell in the INPUT grid.\n2. If the top-left cell is 1, replace all cells in the first row with 1.\n3. If the top-left cell is 2, replace all cells in the first row with 2.\n4. Identify the second row from the top in the INPUT grid.\n5. Replace all cells in the second row with the value of the cell directly below it in the OUTPUT grid.\n6. Repeat step 5 for each row in the INPUT grid, moving down one row at a time.\n7. Replace all cells in the last row with the value of the cell directly above it in the OUTPUT grid.\n8. The resulting grid is the OUTPUT grid."
    },
    {
      "instructions": "1. Identify the top row of the INPUT grid.\n2. If the top row contains a 1, replace it with a 1 in the OUTPUT grid.\n3. If the top row contains a 2, replace it with a 1 in the OUTPUT grid.\n4. For each subsequent row in the INPUT grid:\n   * If the row contains a 2, replace it with a 1 in the OUTPUT grid.\n   * If the row contains a 1, replace it with a 1 in the OUTPUT grid.\n   * If the row contains a 0, replace it with a 0 in the OUTPUT grid.\n5. If the INPUT grid has more rows than the OUTPUT grid, remove the extra rows from the INPUT grid.\n6. If the INPUT grid has fewer rows than the OUTPUT grid, pad the INPUT grid with rows of zeros to match the OUTPUT grid's height."
    },
    {
      "instructions": "1. Identify the top-left cell in the INPUT grid that contains a value other than 0.\n2. Replace all cells in the same row as the identified cell with 1.\n3. Replace all cells in the same column as the identified cell with 1.\n4. Replace the identified cell with 0.\n5. Remove all rows and columns that contain only 0s.\n6. If a row or column contains only 1s, remove it.\n7. If a row or column contains a mix of 0s and 1s, keep it.\n8. If a cell is surrounded by 1s and has a value of 2, replace it with 1.\n9. If a cell is surrounded by 1s and has a value of 0, replace it with 0.\n10. If a cell is surrounded by 2s and has a value of 2, replace it with 2.\n11. If a cell is surrounded by 2s and has a value of 0, replace it with 0.\n12. Repeat steps 8-11 until no more changes are made.\n13. The resulting grid is the OUTPUT."
    },
    {
      "instructions": "1. Identify all 1s in the INPUT grid.\n2. Replace all 2s in the INPUT grid with 1s, except for the 2s that are adjacent to the identified 1s.\n3. Replace all 0s in the INPUT grid with 1s, except for the 0s that are adjacent to the identified 1s.\n4. The OUTPUT grid is the resulting grid after applying the above steps."
    },
    {
      "instructions": "1. Identify the top-left cell in the INPUT grid.\n2. If the top-left cell is 1, set the entire first row of the OUTPUT grid to 1.\n3. If the top-left cell is 2, set the entire first row of the OUTPUT grid to 2.\n4. Identify the second row from the top in the INPUT grid.\n5. If the second row from the top contains a 2, set the second row of the OUTPUT grid to 1.\n6. If the second row from the top contains a 1, set the second row of the OUTPUT grid to 2.\n7. For each row in the INPUT grid, starting from the third row:\n   • If the row contains a 2, set the corresponding row in the OUTPUT grid to 1.\n   • If the row contains a 1, set the corresponding row in the OUTPUT grid to 2.\n8. For each column in the INPUT grid, starting from the leftmost column:\n   • If the column contains a 2, set the corresponding column in the OUTPUT grid to 1.\n   • If the column contains a 1, set the corresponding column in the OUTPUT grid to 2.\n9. If a cell in the INPUT grid is 0, set the corresponding cell in the OUTPUT grid to 0.\n10. The OUTPUT grid is now fully populated according to the rules above."
    },
    {
      "instructions": "1. Identify the topmost row with a value of 1 in the INPUT grid.\n2. Replace all values in the row above the identified row with 1.\n3. Replace all values in the row below the identified row with 1.\n4. Replace all values in the column to the left of the identified row with 1.\n5. Replace all values in the column to the right of the identified row with 1.\n6. Replace all values in the identified row with 2.\n7. Remove all values of 0 from the grid."
    }
  ]
}