{
  "task_id": "11e1fe23",
  "split": "training",
  "candidates": [
    {
      "instructions": "1. Identify the bottom row of the INPUT grid.\n2. If the bottom row contains a non-zero value, \n   a. Move the non-zero value to the top row of the OUTPUT grid.\n   b. Move the non-zero value's corresponding column in the INPUT grid to the rightmost column of the OUTPUT grid.\n   c. Fill the remaining cells in the OUTPUT grid with zeros.\n3. If the bottom row contains only zeros, \n   a. Fill the OUTPUT grid with zeros."
    },
    {
      "instructions": "1. Identify the bottom row of the INPUT grid.\n2. If the bottom row contains a non-zero value, \n   a. If the non-zero value is 2, move it to the second row from the bottom.\n   b. If the non-zero value is 8, move it to the second row from the bottom and the second row from the top.\n   c. If the non-zero value is 6, move it to the second row from the bottom and the second row from the top, and fill the row above the non-zero value with the value 5.\n   d. If the non-zero value is 3, move it to the second row from the bottom.\n   e. If the non-zero value is 1, move it to the second row from the bottom and the second row from the top.\n   f. If the non-zero value is 5, move it to the second row from the bottom and the second row from the top, and fill the row above the non-zero value with the value 3.\n   g. If the non-zero value is 0, do nothing.\n3. If the bottom row is empty, do nothing."
    },
    {
      "instructions": "1. Identify the bottom-left cell of the INPUT grid that contains a non-zero value.\n2. Move up one row and left one column from this cell.\n3. If the new cell is empty, fill it with the value from the original cell.\n4. If the new cell already contains a non-zero value, do not modify it.\n5. Repeat steps 2-4 until reaching the top-left cell of the INPUT grid.\n6. If a non-zero value was found in step 1, repeat the process for the rightmost column.\n7. If a non-zero value was found in step 1, repeat the process for the leftmost column.\n8. If a non-zero value was found in step 1, repeat the process for the top row.\n9. If a non-zero value was found in step 1, repeat the process for the bottom row.\n10. If a non-zero value was found in step 1, repeat the process for the second-left column.\n11. If a non-zero value was found in step 1, repeat the process for the second-right column.\n12. If a non-zero value was found in step 1, repeat the process for the second-top row.\n13. If a non-zero value was found in step 1, repeat the process for the second-bottom row.\n14. For each non-zero value found in steps 1-13, move up one row and left one column from the original cell, and fill the new cell with the value from the original cell.\n15. Repeat step 14 until reaching the top-left cell of the INPUT grid."
    },
    {
      "instructions": "1. Identify the bottom row of the INPUT grid.\n2. If the bottom row contains a non-zero value, \n   a. Move the non-zero value up one row.\n   b. If the non-zero value is in the 5th or 8th column, \n      i. Move the value in the 6th or 7th column of the new row to the 5th or 8th column, respectively.\n      ii. Move the value in the 7th or 6th column of the new row to the 6th or 7th column, respectively.\n   c. If the non-zero value is in the 6th or 7th column, \n      i. Move the value in the 5th or 8th column of the new row to the 6th or 7th column, respectively.\n      ii. Move the value in the 7th or 6th column of the new row to the 5th or 8th column, respectively.\n   d. If the non-zero value is in the 5th or 8th column and the new row also contains a non-zero value in the 5th or 8th column, \n      i. Move the value in the 6th or 7th column of the new row to the 5th or 8th column, respectively.\n      ii. Move the value in the 7th or 6th column of the new row to the 6th or 7th column, respectively.\n      iii. Move the value in the 5th or 8th column of the new row to the 6th or 7th column, respectively.\n      iv. Move the value in the 7th or 6th column of the new row to the 5th or 8th column, respectively.\n3. If the bottom row does not contain a non-zero value, \n   a. Move the value in the 5th or 8th column of the second-to-bottom row to the 5th or 8th column, respectively.\n   b. Move the value in the 7th or 6th column of the second-to-bottom row to the 6th or 7th column, respectively."
    },
    {
      "instructions": "1. Identify the top-left 3x3 sub-grid in the INPUT grid.\n2. Rotate the top-left 3x3 sub-grid 90 degrees clockwise.\n3. Place the rotated sub-grid at the bottom-right 3x3 sub-grid position in the OUTPUT grid.\n4. Fill the remaining cells in the OUTPUT grid with zeros."
    },
    {
      "instructions": "1. Identify the top-left 3x3 sub-grid in the INPUT grid.\n2. Rotate the identified sub-grid 90 degrees clockwise.\n3. Place the rotated sub-grid in the center of the OUTPUT grid, maintaining its original size.\n4. Fill the remaining cells in the OUTPUT grid with zeros."
    },
    {
      "instructions": "1. Identify the top-left 3x3 sub-grid in the INPUT grid.\n2. Mirror the top-left 3x3 sub-grid horizontally across the middle row.\n3. Rotate the mirrored sub-grid 90 degrees clockwise.\n4. Place the rotated sub-grid at the bottom-right 3x3 sub-grid position in the OUTPUT grid.\n5. Fill the remaining cells in the OUTPUT grid with zeros."
    },
    {
      "instructions": "1. Identify the bottom row of the INPUT grid.\n2. If the bottom row contains a 2, move it to the second row from the bottom.\n3. If the bottom row contains an 8, move it to the second row from the bottom, and move the 6 from the second row from the bottom to the bottom row.\n4. If the bottom row contains a 5, move it to the third row from the bottom.\n5. If the bottom row contains a 3, move it to the third row from the bottom, and move the 1 from the second row from the bottom to the bottom row.\n6. If the bottom row contains a 6, move it to the second row from the bottom.\n7. If the bottom row is empty, leave it unchanged."
    },
    {
      "instructions": "1. Identify the top-left 3x3 sub-grid in the INPUT grid.\n2. Rotate the identified sub-grid 90 degrees clockwise.\n3. Place the rotated sub-grid in the center of the OUTPUT grid, leaving a 1-cell border around it.\n4. Fill the remaining cells in the OUTPUT grid with zeros."
    },
    {
      "instructions": "1. Identify the top-left 3x3 sub-grid in the INPUT grid.\n2. Rotate the identified sub-grid 90 degrees clockwise.\n3. Place the rotated sub-grid at the bottom-right 3x3 position in the OUTPUT grid.\n4. The remaining cells in the OUTPUT grid are filled with zeros."
    }
  ]
}