{
  "task_id": "2685904e",
  "split": "training",
  "candidates": [
    {
      "instructions": "1. Identify the top row of the INPUT grid that contains the number 5.\n2. Identify the bottom row of the INPUT grid that contains the number 5.\n3. In the OUTPUT grid, replace the bottom row of the INPUT grid with a row of zeros.\n4. In the OUTPUT grid, replace the top row of the INPUT grid with a row of zeros.\n5. In the OUTPUT grid, replace the middle rows of the INPUT grid with a row of zeros, except for the row that contains the number 8 in the INPUT grid.\n6. In the OUTPUT grid, replace the middle rows of the INPUT grid with a row of zeros, except for the row that contains the number 8 in the INPUT grid, and replace the first and last elements of this row with the number 2.\n7. In the OUTPUT grid, replace the middle rows of the INPUT grid with a row of zeros, except for the row that contains the number 8 in the INPUT grid, and replace the first and last elements of this row with the number 2, and replace the middle elements of this row with the number 0.\n8. In the OUTPUT grid, replace the middle rows of the INPUT grid with a row of zeros, except for the row that contains the number 8 in the INPUT grid, and replace the first and last elements of this row with the number 2, and replace the middle elements of this row with the number 0, and replace the first and last elements of the row above and below this row with the number 4.\n9. In the OUTPUT grid, replace the middle rows of the INPUT grid with a row of zeros, except for the row that contains the number 8 in the INPUT grid, and replace the first and last elements of this row with the number 2, and replace the middle elements of this row with the number 0, and replace the first and last elements of the row above and below this row with the number 4, and replace the middle elements of the row above and below this row with the number 0.\n10. In the OUTPUT grid, replace the middle rows of the INPUT grid with a row of zeros, except for the row that contains the number 8 in the INPUT grid, and replace the first and last elements of this row with the number 2, and replace the middle elements of this row with the number 0, and replace the first and last elements of the row above and below this row with the number 4, and replace the middle elements of the row above and below this row with the number 0, and replace the first and last elements of the row above the row above this row with the number 8.\n11. In the OUTPUT grid, replace the middle rows of the INPUT grid with a row of zeros, except for the row that contains the number 8 in the INPUT grid, and replace the first and last elements of this row with the number 2, and replace the middle elements of this row with the number 0, and replace the first and last elements of the row above and below this row with the number 4, and replace the middle elements of the row above and below this row with the number 0, and replace the first and last elements of the row above the row above this row with the number 8, and replace the middle elements of the row above the row above this row with the number 0.\n12. In the OUTPUT grid, replace the middle rows of the INPUT grid with a row of zeros, except for the row that contains the number 8 in the INPUT grid, and replace the first and last elements of this row with the number 2, and replace the middle elements of this row with the number 0, and replace the first and last elements of the row above and below this row with the number 4, and replace the middle elements of the row above and below this row with"
    },
    {
      "instructions": "1. Identify the top row of the INPUT grid and the bottom row of the OUTPUT grid.\n2. If the top row of the INPUT grid contains a 5, then the bottom row of the OUTPUT grid is a copy of the top row of the INPUT grid.\n3. If the top row of the INPUT grid does not contain a 5, then the bottom row of the OUTPUT grid is a row of zeros.\n4. Identify the second row from the top of the INPUT grid and the second row from the bottom of the OUTPUT grid.\n5. If the second row from the top of the INPUT grid contains a 5, then the second row from the bottom of the OUTPUT grid is a copy of the second row from the top of the INPUT grid.\n6. If the second row from the top of the INPUT grid does not contain a 5, then the second row from the bottom of the OUTPUT grid is a row of zeros.\n7. Repeat steps 4 and 5 for each row in the INPUT grid, moving up one row and down one row each time.\n8. If a row in the INPUT grid contains a 5, then the corresponding row in the OUTPUT grid is a copy of the row in the INPUT grid.\n9. If a row in the INPUT grid does not contain a 5, then the corresponding row in the OUTPUT grid is a row of zeros.\n10. The remaining rows in the OUTPUT grid are rows of zeros."
    },
    {
      "instructions": "1. Identify the top row of the INPUT grid, which contains a specific value (8 or 5).\n2. If the top row value is 8, set the entire row to 8 in the OUTPUT grid.\n3. If the top row value is 5, set the entire row to 5 in the OUTPUT grid.\n4. Identify the bottom row of the INPUT grid, which contains a specific pattern of values.\n5. If the bottom row contains the pattern [1, 3, 1, 1, 1, 1, 4, 1, 1, 1], set the entire row to this pattern in the OUTPUT grid.\n6. If the bottom row contains the pattern [6, 6, 4, 6, 2, 1, 9, 2, 9, 4], set the entire row to this pattern in the OUTPUT grid.\n7. Identify the second row from the bottom of the INPUT grid, which contains a specific pattern of values.\n8. If the second row from the bottom contains the pattern [2, 3, 3, 2, 3, 1, 1, 3, 1, 1], set the entire row to this pattern in the OUTPUT grid.\n9. If the second row from the bottom contains the pattern [4, 1, 4, 4, 6, 3, 1, 6, 3, 6], set the entire row to this pattern in the OUTPUT grid.\n10. Identify the third row from the bottom of the INPUT grid, which contains a specific pattern of values.\n11. If the third row from the bottom contains the pattern [4, 0, 4, 4, 6, 0, 0, 6, 0, 6], set the entire row to this pattern in the OUTPUT grid.\n12. If the third row from the bottom contains the pattern [2, 0, 0, 2, 0, 0, 0, 0, 0, 0], set the entire row to this pattern in the OUTPUT grid.\n13. Identify the fourth row from the bottom of the INPUT grid, which contains a specific pattern of values.\n14. If the fourth row from the bottom contains the pattern [2, 0, 0, 2, 0, 0, 0, 0, 0, 0], set the entire row to this pattern in the OUTPUT grid.\n15. If the fourth row from the bottom contains the pattern [4, 0, 4, 4, 6, 0, 0, 6, 0, 6], set the entire row to this pattern in the OUTPUT grid.\n16. Identify the fifth row from the bottom of the INPUT grid, which contains a specific pattern of values.\n17. If the fifth row from the bottom contains the pattern [4, 0, 4, 4, 6, 0, 0, 6, 0, 6], set the entire row to this pattern in the OUTPUT grid.\n18. If the fifth row from the bottom contains the pattern [2, 0, 0, 2, 0, 0, 0, 0, 0, 0], set the entire row to this pattern in the OUTPUT grid.\n19. Set all other rows in the OUTPUT grid to zero."
    },
    {
      "instructions": "1. Identify the top row of the INPUT grid, which consists of a single number (8 or 5) repeated multiple times.\n2. In the OUTPUT grid, the top row remains unchanged.\n3. Identify the second row from the bottom of the INPUT grid, which consists of a sequence of numbers.\n4. In the OUTPUT grid, the second row from the bottom remains unchanged.\n5. Identify the bottom row of the INPUT grid, which consists of a sequence of numbers.\n6. In the OUTPUT grid, the bottom row is modified by replacing all numbers with 0, except for the following:\n   • If the number is 5, it remains unchanged.\n   • If the number is 8, it remains unchanged.\n   • If the number is 2, it is replaced with 2 in the second row from the bottom.\n   • If the number is 3, it is replaced with 3 in the second row from the bottom.\n   • If the number is 1, it is replaced with 1 in the second row from the bottom.\n   • If the number is 6, it is replaced with 6 in the second row from the bottom.\n   • If the number is 4, it is replaced with 4 in the second row from the bottom.\n   • If the number is 9, it is replaced with 9 in the second row from the bottom.\n   • If the number is 7, it is replaced with 7 in the second row from the bottom.\n7. The middle rows of the INPUT grid are modified by replacing all numbers with 0, except for the following:\n   • If the number is 8, it remains unchanged in the top row.\n   • If the number is 5, it remains unchanged in the top row.\n   • If the number is 2, it is replaced with 2 in the second row from the bottom.\n   • If the number is 3, it is replaced with 3 in the second row from the bottom.\n   • If the number is 1, it is replaced with 1 in the second row from the bottom.\n   • If the number is 6, it is replaced with 6 in the second row from the bottom.\n   • If the number is 4, it is replaced with 4 in the second row from the bottom.\n   • If the number is 9, it is replaced with 9 in the second row from the bottom.\n   • If the number is 7, it is replaced with 7 in the second row from the bottom.\n   • If the number is 0, it is replaced with 0 in the second row from the bottom.\n8. The middle rows are also modified by replacing all numbers with 0, except for the following:\n   • If the number is 3, it is replaced with 3 in the second row from the bottom.\n   • If the number is 1, it is replaced with 1 in the second row from the bottom.\n   • If the number is 6, it is replaced with 6 in the second row from the bottom.\n   • If the number is 4, it is replaced with 4 in the second row from the bottom.\n   • If the number is 8, it is replaced with 8 in the second row from the bottom.\n   • If the number is 7, it is replaced with 7 in the second row from the bottom.\n   • If the number is 2, it is replaced with 2 in the second row from the bottom.\n   • If the number is 5, it is replaced with 5 in the second row from the bottom.\n9. The middle rows are also modified by replacing all numbers with 0, except for the following:\n   • If the number is 3, it is replaced with 3 in the second row from the bottom."
    },
    {
      "instructions": "1. Identify the top row of the INPUT grid, which contains the number 8.\n2. Identify the bottom row of the INPUT grid, which contains the number 5.\n3. Identify the leftmost column of the INPUT grid, which contains the numbers 2, 3, and 1.\n4. Identify the rightmost column of the INPUT grid, which contains the numbers 6, 4, and 9.\n5. For each row in the INPUT grid, except the top and bottom rows, replace all numbers with the number 0, except for the numbers in the leftmost and rightmost columns, which remain unchanged.\n6. For each column in the INPUT grid, except the leftmost and rightmost columns, replace all numbers with the number 0.\n7. The resulting grid is the OUTPUT grid."
    },
    {
      "instructions": "1. Identify the top row of the INPUT grid, which contains the number 8.\n2. Identify the bottom row of the INPUT grid, which contains the number 5.\n3. Identify the leftmost column of the INPUT grid, which contains the numbers 2, 3, 1, and 1.\n4. Identify the rightmost column of the INPUT grid, which contains the numbers 6, 4, 9, 4, and 4.\n5. For each row in the INPUT grid, starting from the second row:\n   * If the row contains the number 5, leave it unchanged.\n   * If the row contains the numbers 2, 3, 1, and 1, leave it unchanged.\n   * If the row contains the numbers 6, 4, 9, 4, and 4, leave it unchanged.\n   * If the row contains the number 8, replace it with a row of zeros.\n   * If the row is empty, leave it unchanged.\n6. For each column in the INPUT grid, starting from the second column:\n   * If the column contains the number 5, leave it unchanged.\n   * If the column contains the numbers 2, 3, 1, and 1, leave it unchanged.\n   * If the column contains the numbers 6, 4, 9, 4, and 4, leave it unchanged.\n   * If the column contains the number 8, replace it with a column of zeros.\n   * If the column is empty, leave it unchanged.\n7. Replace the top row of the INPUT grid with a row of zeros, except for the first and last cells, which remain unchanged.\n8. Replace the bottom row of the INPUT grid with a row of zeros, except for the first and last cells, which remain unchanged.\n9. Replace the leftmost column of the INPUT grid with a column of zeros, except for the first and last cells, which remain unchanged.\n10. Replace the rightmost column of the INPUT grid with a column of zeros, except for the first and last cells, which remain unchanged."
    },
    {
      "instructions": "1. Identify the top-left 8 in the INPUT grid.\n2. If the top-left 8 is not in the second row, move it to the second row.\n3. If the top-left 8 is in the second row, move it to the third row.\n4. If the top-left 8 is in the third row, move it to the fourth row.\n5. If the top-left 8 is in the fourth row, move it to the fifth row.\n6. If the top-left 8 is in the fifth row, move it to the sixth row.\n7. Replace the top-left 5 with a 5, but only if the top-left 5 is not in the bottom row.\n8. Replace the bottom row with a row of zeros."
    },
    {
      "instructions": "1. Identify the top row of the INPUT grid that contains a non-zero value.\n2. If the non-zero value is 5, do nothing.\n3. If the non-zero value is not 5, replace the top row with a row of zeros, except for the first and last elements, which are set to the non-zero value.\n4. If the INPUT grid has more than one row, repeat steps 1-3 for each row, starting from the top.\n5. Do not modify any rows that contain only zeros.\n6. Do not modify any rows that contain the value 5.\n7. Do not modify any rows that contain the value 8, except for the first and last elements, which are set to 8.\n8. Do not modify any rows that contain the value 2, except for the first and last elements, which are set to 2.\n9. Do not modify any rows that contain the value 3, except for the first and last elements, which are set to 3.\n10. Do not modify any rows that contain the value 1, except for the first and last elements, which are set to 1.\n11. Do not modify any rows that contain the value 4, except for the first and last elements, which are set to 4.\n12. Do not modify any rows that contain the value 6, except for the first and last elements, which are set to 6.\n13. Do not modify any rows that contain the value 7, except for the first and last elements, which are set to 7.\n14. Do not modify any rows that contain the value 9, except for the first and last elements, which are set to 9.\n15. The resulting grid is the OUTPUT grid."
    },
    {
      "instructions": "1. Identify the top row of the INPUT grid, which contains the number 8.\n2. Identify the bottom row of the INPUT grid, which contains the number 5.\n3. Identify the leftmost column of the INPUT grid, which contains the numbers 2, 3, and 1.\n4. Identify the rightmost column of the INPUT grid, which contains the numbers 6, 4, and 9.\n5. For each row in the INPUT grid, starting from the second row, replace the numbers in the leftmost column with 0, except for the row that contains the number 5.\n6. For each row in the INPUT grid, starting from the second row, replace the numbers in the rightmost column with 0, except for the row that contains the number 5.\n7. For each row in the INPUT grid, starting from the second row, replace the numbers in the middle columns with 0, except for the row that contains the number 5.\n8. For each row in the INPUT grid, starting from the second row, replace the numbers in the middle columns with 0, except for the row that contains the number 5, and replace the numbers in the middle columns with the numbers from the leftmost column, shifted one position to the right.\n9. For each row in the INPUT grid, starting from the second row, replace the numbers in the middle columns with 0, except for the row that contains the number 5, and replace the numbers in the middle columns with the numbers from the rightmost column, shifted one position to the left.\n10. The resulting grid is the OUTPUT grid."
    },
    {
      "instructions": "1. Identify the top row of the INPUT grid, which contains the number 8.\n2. Identify the bottom row of the INPUT grid, which contains the number 5.\n3. In the OUTPUT grid, replace the bottom row with the top row of the INPUT grid.\n4. In the OUTPUT grid, replace the top row with a row of zeros.\n5. In the OUTPUT grid, replace the middle rows (rows 2-4) with a row of zeros, except for the following cases:\n   * If the INPUT grid has a row of 5s, replace the middle rows with a row of zeros.\n   * If the INPUT grid has a row of 5s and a row of 8s, replace the middle rows with a row of zeros.\n   * If the INPUT grid has a row of 5s and a row of 8s, and the row of 8s is not the top row, replace the middle rows with a row of zeros.\n   * If the INPUT grid has a row of 5s and a row of 8s, and the row of 8s is the top row, replace the middle rows with a row of zeros, except for the row that contains the number 3.\n   * If the INPUT grid has a row of 5s and a row of 8s, and the row of 8s is the top row, and the row of 5s is the bottom row, replace the middle rows with a row of zeros, except for the row that contains the number 3.\n   * If the INPUT grid has a row of 5s and a row of 8s, and the row of 8s is the top row, and the row of 5s is the bottom row, and the row of 8s is not the top row, replace the middle rows with a row of zeros, except for the row that contains the number 3.\n   * If the INPUT grid has a row of 5s and a row of 8s, and the row of 8s is the top row, and the row of 5s is the bottom row, and the row of 8s is the top row, replace the middle rows with a row of zeros, except for the row that contains the number 3.\n   * If the INPUT grid has a row of 5s and a row of 8s, and the row of 8s is the top row, and the row of 5s is the bottom row, and the row of 8s is the top row, and the row of 5s is the bottom row, replace the middle rows with a row of zeros, except for the row that contains the number 3.\n   * If the INPUT grid has a row of 5s and a row of 8s, and the row of 8s is the top row, and the row of 5s is the bottom row, and the row of 8s is the top row, and the row of 5s is the bottom row, and the row of 8s is not the top row, replace the middle rows with a row of zeros, except for the row that contains the number 3.\n   * If the INPUT grid has a row of 5s and a row of 8s, and the row of 8s is the top row, and the row of 5s is the bottom row, and the row of 8s is the top row, and the row of 5s is the bottom row, and the row of 8s is not the top row, replace the middle rows with a row of zeros, except for the row that contains the number 3.\n   * If the INPUT grid has a row of 5s and a row of 8s, and the row of"
    }
  ]
}