{
  "task_id": "272f95fa",
  "split": "training",
  "candidates": [
    {
      "instructions": "1. Identify the top and bottom rows of the INPUT grid that are entirely filled with the number 8.\n2. In the OUTPUT grid, replace the top and bottom rows of the INPUT grid with the number 8 with a row of numbers that alternate between 3 and 4, starting from the left.\n3. Identify the middle row of the INPUT grid that is entirely filled with the number 8.\n4. In the OUTPUT grid, replace the middle row of the INPUT grid with the number 8 with a row of numbers that alternate between 1 and 6, starting from the left.\n5. Identify the remaining rows of the INPUT grid that are not entirely filled with the number 8.\n6. In the OUTPUT grid, replace the numbers in these rows with the corresponding numbers from the INPUT grid, but with the following modifications:\n   * Replace the number 8 with the number 8.\n   * Replace the number 0 with the number 0.\n   * Replace the number 8 in the second column from the left with the number 2.\n   * Replace the number 8 in the third column from the left with the number 2, and replace the number 0 in the third column from the left with the number 2.\n   * Replace the number 8 in the fourth column from the left with the number 2, and replace the number 0 in the fourth column from the left with the number 2, and replace the number 0 in the fifth column from the left with the number 2, and replace the number 0 in the sixth column from the left with the number 2, and replace the number 0 in the seventh column from the left with the number 2, and replace the number 0 in the eighth column from the left with the number 2.\n   * Replace the number 8 in the ninth column from the left with the number 2, and replace the number 0 in the ninth column from the left with the number 2, and replace the number 0 in the tenth column from the left with the number 2, and replace the number 0 in the eleventh column from the left with the number 2, and replace the number 0 in the twelfth column from the left with the number 2, and replace the number 0 in the thirteenth column from the left with the number 2, and replace the number 0 in the fourteenth column from the left with the number 2."
    },
    {
      "instructions": "1. Identify the top and bottom rows of the grid that contain the number 8.\n2. Replace the number 8 in the top and bottom rows with the number 0.\n3. Identify the middle row of the grid that contains the number 8.\n4. Replace the number 8 in the middle row with the number 4.\n5. Identify the middle column of the grid that contains the number 8.\n6. Replace the number 8 in the middle column with the number 3.\n7. Identify the remaining cells in the grid that contain the number 8.\n8. Replace the number 8 in these cells with the number 1, 2, or 6, depending on their position:\n  * Replace the number 8 with the number 1 if the cell is in the second row from the top or the second row from the bottom.\n  * Replace the number 8 with the number 2 if the cell is in the third row from the top or the third row from the bottom.\n  * Replace the number 8 with the number 6 if the cell is in the fourth row from the top or the fourth row from the bottom.\n9. Replace the number 0 in the grid with the number 4, 6, or 8, depending on their position:\n  * Replace the number 0 with the number 4 if the cell is in the second row from the top or the second row from the bottom.\n  * Replace the number 0 with the number 6 if the cell is in the third row from the top or the third row from the bottom.\n  * Replace the number 0 with the number 8 if the cell is in the fourth row from the top or the fourth row from the bottom.\n10. Replace the number 8 in the grid with the number 8 if the cell is in the middle row and the middle column.\n11. Replace the number 8 in the grid with the number 3 if the cell is in the middle row and not in the middle column.\n12. Replace the number 8 in the grid with the number 1, 2, or 6, depending on their position:\n  * Replace the number 8 with the number 1 if the cell is in the second row from the top or the second row from the bottom.\n  * Replace the number 8 with the number 2 if the cell is in the third row from the top or the third row from the bottom.\n  * Replace the number 8 with the number 6 if the cell is in the fourth row from the top or the fourth row from the bottom."
    },
    {
      "instructions": "1. Identify the top and bottom rows of the INPUT grid, which are identical and consist of all 8s.\n2. Replace these top and bottom rows with the following rows:\n   - The second row from the top, shifted down by one row.\n   - The second row from the bottom, shifted up by one row.\n3. Identify the middle row of the INPUT grid, which consists of all 8s.\n4. Replace the middle row with the following row:\n   - The row consisting of 8s, but with the first and last 8s replaced with 4s and 3s respectively, and the remaining 8s replaced with 6s.\n5. Identify the remaining rows of the INPUT grid, which consist of 8s and 0s.\n6. Replace these rows with the following rows:\n   - The row consisting of 8s, but with the first and last 8s replaced with 4s and 3s respectively, and the remaining 8s replaced with 6s, repeated for each row.\n7. Replace the 8s in the resulting grid with 0s, and replace the 0s with 8s."
    },
    {
      "instructions": "1. Identify the top and bottom rows of the INPUT grid that consist entirely of 8s.\n2. Replace these rows with the OUTPUT grid's top and bottom rows, respectively, but only for the columns that contain a value other than 8 in the INPUT grid.\n3. Identify the middle row of the INPUT grid that consists entirely of 8s.\n4. Replace this row with the OUTPUT grid's middle row, but only for the columns that contain a value other than 8 in the INPUT grid.\n5. For the remaining columns in the INPUT grid, replace the value 8 with the corresponding value from the OUTPUT grid's middle row, and replace the value 0 with the corresponding value from the OUTPUT grid's middle row, but only for the columns that contain a value other than 8 in the INPUT grid.\n6. Replace the remaining values in the INPUT grid with the corresponding values from the OUTPUT grid, but only for the columns that contain a value other than 8 in the INPUT grid."
    },
    {
      "instructions": "1. Identify the top and bottom rows of the INPUT grid that consist entirely of 8s.\n2. Replace these rows with the OUTPUT grid's corresponding rows.\n3. Identify the middle row of the INPUT grid that consists entirely of 8s.\n4. Replace this row with the OUTPUT grid's corresponding row, but with the following modifications:\n   * Replace all 8s with 4s.\n   * Replace all 0s with 3s.\n   * Replace all other numbers with 6s.\n5. Identify the remaining rows in the INPUT grid that consist entirely of 8s.\n6. Replace these rows with the OUTPUT grid's corresponding rows, but with the following modifications:\n   * Replace all 8s with 0s.\n   * Replace all 0s with 1s.\n   * Replace all other numbers with 2s.\n7. Fill in any remaining empty cells in the OUTPUT grid with the corresponding numbers from the INPUT grid."
    },
    {
      "instructions": "1. Identify the top and bottom borders of the INPUT grid, which are composed of 8s.\n2. For each row in the INPUT grid, except the top and bottom borders, replace the 8s with a specific pattern:\n   • If the row is in the top half of the INPUT grid, replace the 8s with 2s.\n   • If the row is in the middle section of the INPUT grid, replace the 8s with a sequence of 6s and 3s (alternating).\n   • If the row is in the bottom half of the INPUT grid, replace the 8s with 1s.\n3. Replace the 8s in the top and bottom borders of the INPUT grid with 0s.\n4. Replace the 8s in the middle section of the INPUT grid with 4s.\n5. Replace the 8s in the top and bottom halves of the INPUT grid with 0s."
    },
    {
      "instructions": "1. Identify the top and bottom borders of the grid, which are composed of the value 8.\n2. For each row in the grid, starting from the row below the top border and ending at the row above the bottom border:\n   • If the row is not the top or bottom border, replace all values in the row with the value 8, except for the values in the middle column (column 7 in the given grid).\n   • If the row is the top or bottom border, do not modify it.\n3. For each column in the grid, starting from the leftmost column and ending at the rightmost column:\n   • If the column is not the middle column (column 7 in the given grid), replace all values in the column with the value 8, except for the values in the top and bottom border rows.\n   • If the column is the middle column, do not modify it.\n4. Replace all values in the middle column (column 7 in the given grid) with the following pattern:\n   • For the top and bottom border rows, replace the value 8 with the value 8.\n   • For the rows below the top border and above the bottom border, replace the value 8 with the value 8, except for the values in the middle column, which should be replaced with the following pattern:\n     • For the first and last rows, replace the value 8 with the value 4.\n     • For the middle rows, replace the value 8 with the value 6.\n5. Replace all values in the top and bottom border rows, except for the middle column, with the following pattern:\n   • For the first and last rows, replace the value 8 with the value 3.\n   • For the middle rows, replace the value 8 with the value 1."
    },
    {
      "instructions": "1. Identify the top and bottom borders of the INPUT grid, which are the rows containing only 8s.\n2. Identify the middle row of the INPUT grid, which contains the number 8 in the middle column.\n3. In the OUTPUT grid, replace the top and bottom borders of the INPUT grid with the numbers 8, 6, and 3, alternating in a repeating pattern.\n4. In the OUTPUT grid, replace the middle row of the INPUT grid with the numbers 8, 6, and 3, alternating in a repeating pattern, but shifted one column to the right.\n5. Replace all other numbers in the INPUT grid with 0s in the OUTPUT grid."
    },
    {
      "instructions": "1. Identify the top and bottom borders of the INPUT grid, which are composed of 8s.\n2. Identify the middle row of the INPUT grid, which is also composed of 8s.\n3. For each column in the INPUT grid, if the top and bottom borders have a value of 8, and the middle row has a value of 8, then replace the middle row with a value of 8.\n4. For each column in the INPUT grid, if the top and bottom borders have a value of 8, and the middle row has a value of 0, then replace the middle row with a value of 2.\n5. For each column in the INPUT grid, if the top and bottom borders have a value of 8, and the middle row has a value of 8, then replace the middle row with a value of 8.\n6. For each column in the INPUT grid, if the top and bottom borders have a value of 8, and the middle row has a value of 8, then replace the middle row with a value of 8.\n7. For each column in the INPUT grid, if the top and bottom borders have a value of 8, and the middle row has a value of 8, then replace the middle row with a value of 8.\n8. For each column in the INPUT grid, if the top and bottom borders have a value of 8, and the middle row has a value of 8, then replace the middle row with a value of 8.\n9. For each column in the INPUT grid, if the top and bottom borders have a value of 8, and the middle row has a value of 8, then replace the middle row with a value of 8.\n10. For each column in the INPUT grid, if the top and bottom borders have a value of 8, and the middle row has a value of 8, then replace the middle row with a value of 8.\n11. For each column in the INPUT grid, if the top and bottom borders have a value of 8, and the middle row has a value of 8, then replace the middle row with a value of 8.\n12. For each column in the INPUT grid, if the top and bottom borders have a value of 8, and the middle row has a value of 8, then replace the middle row with a value of 8.\n13. For each column in the INPUT grid, if the top and bottom borders have a value of 8, and the middle row has a value of 8, then replace the middle row with a value of 8.\n14. For each column in the INPUT grid, if the top and bottom borders have a value of 8, and the middle row has a value of 8, then replace the middle row with a value of 8.\n15. For each column in the INPUT grid, if the top and bottom borders have a value of 8, and the middle row has a value of 8, then replace the middle row with a value of 8.\n16. For each column in the INPUT grid, if the top and bottom borders have a value of 8, and the middle row has a value of 8, then replace the middle row with a value of 8.\n17. For each column in the INPUT grid, if the top and bottom borders have a value of 8, and the middle row has a value of 8, then replace the middle row with a value of 8.\n18. For each column in the INPUT grid, if the top and bottom borders have a value of 8, and the middle row has a value of 8, then replace the middle row with a value of 8.\n19. For each column in the INPUT grid, if the top and bottom borders have a value of 8,"
    },
    {
      "instructions": "1. Identify the top and bottom rows of the INPUT grid that consist entirely of 8s.\n2. Replace these rows with the corresponding rows from the OUTPUT grid.\n3. Identify the top and bottom rows of the INPUT grid that consist entirely of 8s, but are not the same as the rows identified in step 1.\n4. Replace these rows with the corresponding rows from the OUTPUT grid, but with the values shifted one position to the right.\n5. Identify the middle row of the INPUT grid that consists entirely of 8s.\n6. Replace this row with the corresponding row from the OUTPUT grid, but with the values shifted two positions to the right.\n7. Identify the middle row of the INPUT grid that consists entirely of 8s, but is not the same as the row identified in step 5.\n8. Replace this row with the corresponding row from the OUTPUT grid, but with the values shifted one position to the right.\n9. Replace all remaining values in the INPUT grid with the corresponding values from the OUTPUT grid, but with the values in the middle column shifted two positions to the right.\n10. Replace the values in the middle column of the INPUT grid with the corresponding values from the OUTPUT grid, but with the values shifted two positions to the right."
    }
  ]
}