{
  "task_id": "351d6448",
  "split": "training",
  "candidates": [
    {
      "instructions": "1. Identify all 5s in the INPUT grid.\n2. Replace each 5 with a 0 in the OUTPUT grid.\n3. Identify all 1s in the INPUT grid, excluding those in the bottom row.\n4. Replace each 1 with a 1 in the OUTPUT grid, in the same column as the 1 in the INPUT grid, but only up to the height of the 1s in the INPUT grid.\n5. Identify all non-zero numbers in the INPUT grid, excluding 5s and 1s.\n6. Replace each non-zero number with a 0 in the OUTPUT grid, excluding the top row.\n7. The top row of the OUTPUT grid should remain unchanged."
    },
    {
      "instructions": "1. Identify the top row of the grid as a reference point.\n2. For each cell in the grid, if the cell is in the top row, it remains unchanged.\n3. For each cell in the grid, if the cell is in the second row, it is set to the value of the corresponding cell in the third row of the input grid.\n4. For each cell in the grid, if the cell is in the third row or below, it is set to 0."
    },
    {
      "instructions": "1. Identify all non-zero cells in the INPUT grid.\n2. Filter out cells with a value of 5.\n3. Identify the topmost and leftmost non-zero cell.\n4. Set the topmost and leftmost non-zero cell to 1.\n5. Set all cells to the right and below the topmost and leftmost non-zero cell to 1, until a cell with a value of 0 is encountered.\n6. Remove all remaining non-zero cells from the grid."
    },
    {
      "instructions": "1. Identify the top and bottom rows of the INPUT grid, which are filled with the number 5.\n2. Remove these rows from the INPUT grid.\n3. Identify the remaining rows in the INPUT grid.\n4. For each row, find the first occurrence of the number 1.\n5. If the first occurrence of 1 is in the first half of the row, replace the entire row with zeros.\n6. If the first occurrence of 1 is in the second half of the row, replace the numbers 1 and 2 with 1, and replace the numbers 3 and 5 with 2.\n7. The resulting grid is the OUTPUT grid."
    },
    {
      "instructions": "1. Identify all 5s in the INPUT grid.\n2. Replace each 5 with a 0 in the OUTPUT grid.\n3. Identify all 1s in the INPUT grid.\n4. In the OUTPUT grid, replace each 0 with a 1, starting from the top-left and moving right, then down, until all 0s are replaced.\n5. Remove all rows in the OUTPUT grid that contain a 0."
    },
    {
      "instructions": "1. Identify all 5s in the INPUT grid.\n2. In the OUTPUT grid, replace all 5s with 0s.\n3. Identify all 1s in the INPUT grid.\n4. In the OUTPUT grid, replace all 1s with 0s, except for the top row where they should be replaced with 1s.\n5. Identify all non-zero, non-5, non-1 values in the INPUT grid.\n6. In the OUTPUT grid, replace all non-zero, non-5, non-1 values with 0s, except for the top row where they should be replaced with the corresponding value.\n7. In the OUTPUT grid, the top row should be filled with 1s, except for the last column which should be 0."
    },
    {
      "instructions": "1. Identify the top and bottom rows of the grid as the \"border\" and the middle rows as the \"content\".\n2. The border is always filled with the number 5.\n3. The content is always filled with the number 1, except for the middle column, which is filled with the number 0.\n4. The middle column is always the same width as the content.\n5. The content is always mirrored on both sides of the middle column.\n6. The middle column is always shifted one cell to the right of the center of the content.\n7. The top and bottom rows are always the same as the border.\n8. The output grid is always the same height as the input grid.\n9. The output grid is always the same width as the input grid.\n10. The output grid is always filled with the number 1, except for the middle column, which is filled with the number 0."
    },
    {
      "instructions": "1. Identify all non-zero values in the INPUT grid.\n2. Filter out the values 5, which are likely a background or border.\n3. Identify the unique non-zero values (1, 2, 3) and their corresponding positions in the grid.\n4. For each unique value, find the minimum and maximum row and column indices where it appears.\n5. Create a bounding box around each unique value, defined by the minimum and maximum row and column indices.\n6. For each bounding box, find the top-left most position of the value (1, 2, or 3).\n7. For each value, create a new grid where the value is set to 1 at the top-left most position and 0 elsewhere.\n8. The resulting grid is the OUTPUT."
    },
    {
      "instructions": "1. Identify all rows containing the number 5 in the INPUT grid.\n2. Replace these rows with zeros in the OUTPUT grid.\n3. Identify the topmost row containing the number 1 in the INPUT grid.\n4. In the OUTPUT grid, replace all rows above the identified row with zeros.\n5. In the OUTPUT grid, replace the identified row with a row of ones that is as long as the identified row.\n6. In the OUTPUT grid, replace all rows below the identified row with zeros.\n7. Remove all rows containing the number 1 in the INPUT grid.\n8. Replace the removed rows with zeros in the OUTPUT grid."
    },
    {
      "instructions": "1. Identify the top row of the INPUT grid, which consists of zeros.\n2. Identify the bottom row of the INPUT grid, which consists of fives.\n3. Identify the middle row of the INPUT grid, which contains a mix of ones and zeros.\n4. For each row in the INPUT grid, except the top and bottom rows, apply the following transformation:\n   • Replace all zeros with zeros.\n   • Replace all ones with ones.\n   • Replace all fives with zeros.\n   • If a row contains a mix of numbers, replace the numbers with the corresponding numbers from the top row, wrapping around to the top row if necessary.\n5. The resulting grid is the OUTPUT grid."
    }
  ]
}