{
  "task_id": "46f33fce",
  "split": "training",
  "candidates": [
    {
      "instructions": "1. Identify the number of rows and columns in the INPUT grid.\n2. Create a new grid with the same number of rows and columns as the INPUT grid.\n3. For each cell in the INPUT grid:\n   * If the cell contains a number, repeat that number horizontally across the corresponding row in the new grid.\n   * If the cell contains a number and is in the last column of the INPUT grid, repeat that number vertically down the corresponding column in the new grid.\n   * If the cell contains a number and is in the last row of the INPUT grid, repeat that number horizontally across the corresponding row in the new grid.\n   * If the cell contains a number and is in the last row and last column of the INPUT grid, repeat that number both horizontally and vertically across the corresponding row and column in the new grid.\n4. If the cell in the INPUT grid contains a 2, mirror the corresponding row or column in the new grid.\n5. If the cell in the INPUT grid contains an 8, mirror the corresponding row or column in the new grid and repeat the number vertically down the corresponding column in the new grid.\n6. If the cell in the INPUT grid contains a 4, mirror the corresponding row or column in the new grid and repeat the number horizontally across the corresponding row in the new grid.\n7. If the cell in the INPUT grid contains a 3, mirror the corresponding row or column in the new grid and repeat the number horizontally across the corresponding row in the new grid.\n8. If the cell in the INPUT grid contains a 1, mirror the corresponding row or column in the new grid and repeat the number vertically down the corresponding column in the new grid.\n9. If the cell in the INPUT grid contains a 0, do not repeat the number in the new grid.\n10. Repeat steps 3-9 for each cell in the INPUT grid."
    },
    {
      "instructions": "1. Identify the top-left cell of the INPUT grid as the reference point.\n2. For each cell in the INPUT grid:\n    * If the cell contains a number, create a new cell in the OUTPUT grid at the same position.\n    * If the cell is empty (contains 0), create a new cell in the OUTPUT grid at the same position.\n3. For each cell in the OUTPUT grid:\n    * If the cell is in the top-left 4x4 sub-grid, fill it with the same number as the corresponding cell in the INPUT grid.\n    * If the cell is in the 5th row, fill it with the same number as the corresponding cell in the INPUT grid, but mirrored horizontally.\n    * If the cell is in the 6th row or below, fill it with the same number as the corresponding cell in the INPUT grid, but mirrored vertically.\n    * If the cell is in the 8th column, fill it with the same number as the corresponding cell in the INPUT grid, but mirrored horizontally.\n    * If the cell is in the 9th column or to the right, fill it with the same number as the corresponding cell in the INPUT grid, but mirrored vertically.\n    * If the cell is in the 10th column, fill it with the same number as the corresponding cell in the INPUT grid, but mirrored horizontally.\n    * If the cell is in the 11th column or to the right, fill it with the same number as the corresponding cell in the INPUT grid, but mirrored vertically.\n    * If the cell is in the 12th column, fill it with the same number as the corresponding cell in the INPUT grid, but mirrored horizontally.\n    * If the cell is in the 13th column or to the right, fill it with the same number as the corresponding cell in the INPUT grid, but mirrored vertically.\n    * If the cell is in the 16th column, fill it with the same number as the corresponding cell in the INPUT grid, but mirrored horizontally.\n    * If the cell is in the 17th column or to the right, fill it with the same number as the corresponding cell in the INPUT grid, but mirrored vertically.\n    * If the cell is in the 20th column, fill it with the same number as the corresponding cell in the INPUT grid, but mirrored horizontally.\n    * If the cell is in the 21st column or to the right, fill it with the same number as the corresponding cell in the INPUT grid, but mirrored vertically.\n4. For each cell in the OUTPUT grid:\n    * If the cell is in the 5th row, fill it with the same number as the corresponding cell in the INPUT grid, but mirrored horizontally.\n    * If the cell is in the 6th row or below, fill it with the same number as the corresponding cell in the INPUT grid, but mirrored vertically.\n    * If the cell is in the 8th column, fill it with the same number as the corresponding cell in the INPUT grid, but mirrored horizontally.\n    * If the cell is in the 9th column or to the right, fill it with the same number as the corresponding cell in the INPUT grid, but mirrored vertically.\n    * If the cell is in the 10th column, fill it with the same number as the corresponding cell in the INPUT grid, but mirrored horizontally.\n    * If the cell is in the 11th column or to the right, fill it with the same number as the corresponding cell in the INPUT grid, but mirrored vertically.\n    * If the cell is in the 12th column, fill it with the same number as the corresponding cell in the INPUT grid, but mirrored horizontally.\n    * If the cell is in the 13th column or to the right, fill it with the same number as the corresponding cell in the INPUT grid, but mirrored vertically"
    },
    {
      "instructions": "1. Identify the unique numbers in the INPUT grid, which are 0, 1, 2, 3, and 4.\n2. For each unique number, create a corresponding set of numbers in the OUTPUT grid:\n   - 0 remains 0.\n   - 1 is replaced by a sequence of 1s (1, 1, 1, 1).\n   - 2 is replaced by a sequence of 2s (2, 2, 2, 2).\n   - 3 is replaced by a sequence of 3s (3, 3, 3, 3).\n   - 4 is replaced by a sequence of 4s (4, 4, 4, 4).\n3. The sequence length is always 4, and the sequence is repeated horizontally and vertically to fill the entire grid.\n4. The resulting grid has a size of 12x20, with the top-left 4x4 sub-grid being the input number itself, and the rest of the grid being the corresponding sequence of numbers.\n5. The bottom-right 4x4 sub-grid is a mirrored version of the top-left 4x4 sub-grid, with the input number replaced by the corresponding sequence of numbers."
    },
    {
      "instructions": "1. Identify the top-left cell of the INPUT grid as the reference point.\n2. For each cell in the INPUT grid, if its value is non-zero, create a copy of the cell and place it in the OUTPUT grid at the same position relative to the reference point.\n3. If the cell's value is 1, 2, or 3, place the copied cell in the OUTPUT grid with its value incremented by 1 for each row below the reference point.\n4. If the cell's value is 4, place the copied cell in the OUTPUT grid with its value incremented by 1 for each column to the right of the reference point.\n5. If the cell's value is 8, place the copied cell in the OUTPUT grid with its value incremented by 1 for each row below the reference point and each column to the right of the reference point.\n6. If the cell's value is 2, place the copied cell in the OUTPUT grid with its value incremented by 1 for each row below the reference point, and its value is mirrored horizontally at the reference point.\n7. If the cell's value is 3, place the copied cell in the OUTPUT grid with its value incremented by 1 for each row below the reference point, and its value is mirrored horizontally at the reference point, and its value is also mirrored vertically at the reference point."
    },
    {
      "instructions": "1. Identify the top-left cell of the INPUT grid as the reference point.\n2. For each cell in the INPUT grid, if its value is not zero:\n   * If the cell is in the top-left 4x4 sub-grid, replace its value with the value of the reference point.\n   * If the cell is in the top-left 8x8 sub-grid, replace its value with the value of the reference point.\n   * If the cell is in the bottom-right 8x8 sub-grid, replace its value with the value of the reference point.\n   * If the cell is in the middle 8x8 sub-grid, replace its value with the value of the reference point.\n3. Fill the remaining cells in the OUTPUT grid with zeros."
    },
    {
      "instructions": "1. Identify the unique numbers in the INPUT grids: 0, 1, 2, 3, 4.\n2. Assign each unique number to a specific color:\n   - 0: Black\n   - 1: Red\n   - 2: Blue\n   - 3: Green\n   - 4: Yellow\n3. For each row in the INPUT grid, draw a horizontal line segment for each non-zero number, using the corresponding color.\n4. For each column in the INPUT grid, draw a vertical line segment for each non-zero number, using the corresponding color.\n5. The line segments will intersect at the cell where the row and column line segments meet, creating a grid of colored squares.\n6. The OUTPUT grid is a representation of this colored grid, where each colored square is replaced by the corresponding number."
    },
    {
      "instructions": "1. Identify the top-left cell in the INPUT grid that is not zero.\n2. Create a new grid of the same size as the INPUT grid, with all cells initially set to zero.\n3. For each non-zero cell in the INPUT grid, starting from the top-left cell identified in step 1:\n   a. If the cell's value is an even number, set the corresponding cell in the new grid to the cell's value.\n   b. If the cell's value is an odd number, set the corresponding cell in the new grid to the cell's value, and then mirror the cell's value across the vertical axis of the new grid.\n4. If the INPUT grid has a non-zero cell in the bottom-right corner, set the corresponding cell in the new grid to the cell's value, and then mirror the cell's value across the horizontal axis of the new grid.\n5. The resulting new grid is the OUTPUT grid."
    },
    {
      "instructions": "1. Identify the top-left cell of the INPUT grid as the reference point.\n2. For each cell in the INPUT grid, if its value is greater than 0, create a new grid with the same value and dimensions as the INPUT grid.\n3. In the new grid, replace the value of each cell with its row index plus its column index, modulo 8.\n4. If the value of a cell in the new grid is 0, replace it with the value of the corresponding cell in the INPUT grid.\n5. If the value of a cell in the new grid is greater than 0, replace it with the value of the corresponding cell in the INPUT grid, but only if the corresponding cell in the INPUT grid has a value greater than 0.\n6. The resulting grid is the OUTPUT grid."
    },
    {
      "instructions": "1. Identify the top-left 4x4 sub-grid in the INPUT grid.\n2. Replace the top-left 4x4 sub-grid with a 4x4 grid of identical values, where the value is the same as the top-left value in the original sub-grid.\n3. Identify the bottom-right 4x4 sub-grid in the INPUT grid.\n4. Replace the bottom-right 4x4 sub-grid with a 4x4 grid of identical values, where the value is the same as the bottom-right value in the original sub-grid.\n5. Replace the remaining values in the OUTPUT grid with zeros."
    },
    {
      "instructions": "1. Identify the top-left cell in the INPUT grid and assign it a value of 1.\n2. For each non-zero value in the INPUT grid, create a \"block\" by drawing a rectangle around it with the same value.\n3. For each block, calculate its center point (rounded to the nearest integer).\n4. Sort the blocks by their center points in ascending order along the x-axis.\n5. For each block, calculate its new position by shifting it to the left by the number of blocks to its left.\n6. Draw a new rectangle around each block at its new position, using the same value as the original block.\n7. If a block's new position is outside the grid boundaries, discard it.\n8. Repeat steps 4-7 until all blocks have been processed.\n9. Fill in any remaining empty cells with a value of 0.\n10. If the grid has a size of 10x10 or larger, repeat the process for the bottom-right 8x8 sub-grid, starting from the bottom-right cell.\n11. For the bottom-right 8x8 sub-grid, mirror the result along the vertical axis (i.e., flip the grid horizontally).\n12. If the grid has a size of 10x10 or larger, repeat the process for the top-left 8x8 sub-grid, starting from the top-left cell.\n13. For the top-left 8x8 sub-grid, mirror the result along the vertical axis (i.e., flip the grid horizontally).\n14. Fill in any remaining empty cells with a value of 0."
    }
  ]
}