{
  "task_id": "4a1cacc2",
  "split": "training",
  "candidates": [
    {
      "instructions": "1. Identify the bottom row of the INPUT grid.\n2. If the bottom row contains the value 8, replace it with 8 in the OUTPUT grid.\n3. If the bottom row contains the value 6, replace it with 6 in the OUTPUT grid.\n4. If the bottom row contains the value 4, replace it with 4 in the OUTPUT grid.\n5. If the bottom row contains the value 9, replace it with 9 in the OUTPUT grid.\n6. Repeat steps 2-5 for each row in the INPUT grid, starting from the bottom row and moving upwards."
    },
    {
      "instructions": "1. Identify the bottom row of the INPUT grid.\n2. If the bottom row contains the value 8, replace it with 8 in the OUTPUT grid.\n3. If the bottom row contains the value 6, replace it with 6 in the OUTPUT grid.\n4. If the bottom row contains the value 4, replace it with 4 in the OUTPUT grid.\n5. If the bottom row contains the value 9, replace it with 9 in the OUTPUT grid.\n6. If the bottom row contains the value 8 and is not the bottom row of the INPUT grid, move it up one row in the OUTPUT grid.\n7. Repeat steps 1-6 until the entire INPUT grid has been processed."
    },
    {
      "instructions": "1. Identify the bottom row of the INPUT grid.\n2. If the bottom row contains the number 8, leave it unchanged.\n3. If the bottom row contains the number 6, replace all 8s in the bottom row with 6s.\n4. Apply the modified bottom row to the entire OUTPUT grid, replacing the original bottom row."
    },
    {
      "instructions": "1. Identify the bottom row of the INPUT grid.\n2. If the bottom row contains a non-8 value, replace the second row from the bottom with the same non-8 value.\n3. If the bottom row contains only 8 values, replace the second row from the bottom with 8 values.\n4. Repeat steps 1-3 until the second row from the bottom is reached.\n5. Replace the second row from the bottom with 8 values.\n6. Replace the bottom row with the second row from the bottom.\n7. Repeat steps 1-6 until the entire grid is processed."
    },
    {
      "instructions": "1. Identify the bottom row of the INPUT grid.\n2. If the bottom row contains a value other than 8, replace all values in the row above it with that value.\n3. Repeat step 2 until a row with all 8s is reached or the top row is reached.\n4. The resulting grid is the OUTPUT grid."
    },
    {
      "instructions": "1. Identify the bottom row of the INPUT grid.\n2. If the bottom row contains a value other than 8, replace all values in the row above it with the value from the bottom row.\n3. Repeat step 2 until a row with only 8s is reached, or the top row is reached.\n4. If the top row is reached, stop; otherwise, repeat step 2."
    },
    {
      "instructions": "1. Identify the bottom-left cell in the INPUT grid.\n2. If the identified cell is 8, do nothing.\n3. If the identified cell is not 8, replace all cells in the same row with the value of the identified cell.\n4. If the INPUT grid has more than 4 rows, repeat steps 1-3 for the bottom-left cell in the new grid formed after step 3."
    },
    {
      "instructions": "1. Identify the bottom row of the INPUT grid.\n2. If the bottom row contains the value 8, replace it with 8 in the OUTPUT grid.\n3. If the bottom row contains the value 6, replace it with 6 in the OUTPUT grid.\n4. If the bottom row contains the value 4, replace it with 4 in the OUTPUT grid.\n5. If the bottom row contains the value 9, replace it with 9 in the OUTPUT grid.\n6. Replace all other values in the INPUT grid with 8 in the OUTPUT grid."
    },
    {
      "instructions": "1. Identify the bottom row of the INPUT grid.\n2. If the bottom row contains the value 8, leave it unchanged.\n3. If the bottom row contains the value 6, replace all 8s in the bottom row with 6s.\n4. Replace the bottom row of the INPUT grid with the modified bottom row.\n5. The resulting grid is the OUTPUT grid."
    },
    {
      "instructions": "1. Identify the bottom row of the INPUT grid.\n2. If the bottom row contains the value 8, replace it with 8 in the OUTPUT grid.\n3. If the bottom row contains the value 6, replace it with 6 in the OUTPUT grid.\n4. If the bottom row contains the value 4, replace it with 4 in the OUTPUT grid.\n5. If the bottom row contains the value 9, replace it with 9 in the OUTPUT grid.\n6. If the bottom row contains the value that is not 8, replace the entire row in the OUTPUT grid with the value from the bottom row of the INPUT grid."
    }
  ]
}