{
  "task_id": "551d5bf1",
  "split": "training",
  "candidates": [
    {
      "instructions": "1. Identify the outermost rectangular region in the INPUT grid.\n2. Extract the inner rectangular region with a width of 8 cells and a height of 8 cells from the center of the outermost region.\n3. Replace the extracted inner region with a solid block of 8s.\n4. Fill the remaining cells in the outermost region with 0s.\n5. If the INPUT grid has a width greater than 32 cells, repeat steps 1-4 for the top-left 32x32 sub-grid.\n6. If the INPUT grid has a height greater than 32 cells, repeat steps 1-4 for the top-left 32x32 sub-grid.\n7. If the INPUT grid has a width greater than 32 cells, repeat steps 1-4 for the bottom-right 32x32 sub-grid.\n8. If the INPUT grid has a height greater than 32 cells, repeat steps 1-4 for the bottom-right 32x32 sub-grid."
    },
    {
      "instructions": "1. Identify the outermost rectangular region in the INPUT grid, which is a 25x25 grid.\n2. Extract the inner 17x17 rectangular region from the INPUT grid, which is the region of interest.\n3. Within this inner region, identify the 5x5 sub-grid of 1s.\n4. Replace the 5x5 sub-grid of 1s with a 5x5 sub-grid of 8s.\n5. Fill the remaining cells in the inner 17x17 region with 1s, except for the cells that are part of the 5x5 sub-grid of 8s.\n6. The resulting inner 17x17 region is the OUTPUT grid.\n7. The outer 25x25 grid remains unchanged, with the inner 17x17 region being the only modified region."
    },
    {
      "instructions": "1. Identify the outermost rectangle in the INPUT grid that contains only zeros.\n2. Find the top-left and bottom-right coordinates of this rectangle.\n3. Extract the inner rectangle from the INPUT grid using these coordinates.\n4. Replace all zeros in the inner rectangle with the value 8.\n5. Replace all ones in the inner rectangle with the value 1.\n6. Mirror the modified inner rectangle horizontally and vertically to fill the entire OUTPUT grid.\n7. Replace all zeros in the OUTPUT grid outside the mirrored inner rectangle with the value 0.\n8. Replace all ones in the OUTPUT grid outside the mirrored inner rectangle with the value 1."
    },
    {
      "instructions": "1. Identify the outermost shape in the INPUT grid, which is a 25x25 square.\n2. The outermost shape is divided into 5x5 sub-squares, each containing a specific pattern.\n3. The top-left 5x5 sub-square contains a single cell with a value of 1, surrounded by 4 cells with a value of 0.\n4. The top-center 5x5 sub-square contains a 3x3 square with a value of 1, surrounded by 2 cells with a value of 0.\n5. The top-right 5x5 sub-square contains a 3x3 square with a value of 1, surrounded by 2 cells with a value of 0.\n6. The bottom-left 5x5 sub-square contains a 3x3 square with a value of 1, surrounded by 2 cells with a value of 0.\n7. The bottom-center 5x5 sub-square contains a 3x3 square with a value of 1, surrounded by 2 cells with a value of 0.\n8. The bottom-right 5x5 sub-square contains a 3x3 square with a value of 1, surrounded by 2 cells with a value of 0.\n9. The 3x3 squares in steps 4-8 are mirrored across the vertical center of the sub-square.\n10. The 3x3 squares in steps 4-8 are also mirrored across the horizontal center of the sub-square.\n11. The 3x3 squares in steps 4-8 are filled with a specific pattern of 1s and 8s, where the top-left cell has a value of 8, and the remaining cells have a value of 1.\n12. The 3x3 squares in steps 4-8 are repeated in a specific pattern, where the top-center and top-right squares are identical, and the bottom-left and bottom-right squares are identical.\n13. The 3x3 squares in steps 4-8 are resized to fit within the 5x5 sub-square, with the top-left and bottom-right cells being 1 cell away from the edge of the sub-square.\n14. The 3x3 squares in steps 4-8 are placed within the 5x5 sub-square, with the top-center and top-right squares being placed in the top row, and the bottom-left and bottom-right squares being placed in the bottom row.\n15. The 5x5 sub-squares are combined to form the final OUTPUT grid, with the top-left sub-square being placed in the top-left corner, and the remaining sub-squares being placed in a specific pattern."
    },
    {
      "instructions": "1. Identify the outermost rectangular region in the INPUT grid.\n2. Extract the inner rectangular region with a width of 7 and height of 7 from the center of the outermost region.\n3. Replace the extracted region with a solid rectangle of 8's.\n4. Replace the remaining outermost region with a solid rectangle of 0's.\n5. Fill the remaining space with a solid rectangle of 1's, matching the height of the outermost region."
    },
    {
      "instructions": "1. Identify the outermost frame of the INPUT grid, which consists of the top and bottom rows of all zeros.\n2. Within this frame, identify the inner frame of ones, which is the second row from the top and the second row from the bottom.\n3. Within the inner frame of ones, identify the central region of ones, which is the main body of the INPUT grid.\n4. Replace all ones in the central region with eights, except for the bordering rows and columns, which should remain ones.\n5. Replace all zeros in the bordering rows and columns with eights, except for the outermost frame of zeros, which should remain zeros.\n6. The resulting grid is the OUTPUT grid."
    },
    {
      "instructions": "1. Identify the outermost border of the INPUT grid, which consists of all zeros.\n2. Replace the outermost border of the INPUT grid with zeros in the OUTPUT grid.\n3. Identify the innermost border of the INPUT grid, which consists of all ones.\n4. Replace the innermost border of the INPUT grid with eights in the OUTPUT grid.\n5. In the INPUT grid, identify all connected regions of ones that are not part of the innermost border.\n6. For each connected region of ones, replace it with eights in the OUTPUT grid.\n7. In the INPUT grid, identify all connected regions of ones that are not part of the innermost border or any other region of ones.\n8. For each connected region of ones, replace it with ones in the OUTPUT grid.\n9. In the INPUT grid, identify all connected regions of ones that are not part of the innermost border, any other region of ones, or any region of ones that was replaced with eights.\n10. For each connected region of ones, replace it with ones in the OUTPUT grid.\n11. In the INPUT grid, identify all connected regions of ones that are not part of the innermost border, any other region of ones, any region of ones that was replaced with eights, or any region of ones that was replaced with ones.\n12. For each connected region of ones, replace it with ones in the OUTPUT grid.\n13. In the INPUT grid, identify all connected regions of ones that are not part of the innermost border, any other region of ones, any region of ones that was replaced with eights, any region of ones that was replaced with ones, or any region of ones that was replaced with ones in step 10.\n14. For each connected region of ones, replace it with ones in the OUTPUT grid.\n15. In the INPUT grid, identify all connected regions of ones that are not part of the innermost border, any other region of ones, any region of ones that was replaced with eights, any region of ones that was replaced with ones, any region of ones that was replaced with ones in step 10, or any region of ones that was replaced with ones in step 12.\n16. For each connected region of ones, replace it with ones in the OUTPUT grid.\n17. In the INPUT grid, identify all connected regions of ones that are not part of the innermost border, any other region of ones, any region of ones that was replaced with eights, any region of ones that was replaced with ones, any region of ones that was replaced with ones in step 10, any region of ones that was replaced with ones in step 12, or any region of ones that was replaced with ones in step 14.\n18. For each connected region of ones, replace it with ones in the OUTPUT grid.\n19. In the INPUT grid, identify all connected regions of ones that are not part of the innermost border, any other region of ones, any region of ones that was replaced with eights, any region of ones that was replaced with ones, any region of ones that was replaced with ones in step 10, any region of ones that was replaced with ones in step 12, any region of ones that was replaced with ones in step 14, or any region of ones that was replaced with ones in step 16.\n20. For each connected region of ones, replace it with ones in the OUTPUT grid.\n21. In the INPUT grid, identify all connected regions of ones that are not part of the innermost border, any other region of ones, any region of ones that was replaced with eights, any region of ones that was replaced with ones, any region of ones that was replaced with ones in step 10, any region of ones that was replaced with ones in step 12, any region of ones that was replaced with ones in step 14, any region"
    },
    {
      "instructions": "1. Identify the outermost border of the INPUT grid, which consists of all zeros.\n2. Replace the outermost border of the INPUT grid with zeros in the OUTPUT grid.\n3. Identify the innermost border of the INPUT grid, which consists of all ones.\n4. Replace the innermost border of the INPUT grid with eights in the OUTPUT grid.\n5. Identify the middle border of the INPUT grid, which consists of a mix of ones and zeros.\n6. Replace the middle border of the INPUT grid with eights in the OUTPUT grid, but only for the cells that are currently ones.\n7. Fill the remaining cells of the OUTPUT grid with zeros."
    },
    {
      "instructions": "1. Identify the top-left 3x3 sub-grid in the INPUT grid.\n2. Replace the top-left 3x3 sub-grid in the INPUT grid with a 3x3 grid of 8s.\n3. Identify the bottom-right 3x3 sub-grid in the INPUT grid.\n4. Replace the bottom-right 3x3 sub-grid in the INPUT grid with a 3x3 grid of 8s.\n5. Replace all 1s in the INPUT grid that are not part of the top-left or bottom-right 3x3 sub-grids with 1s in the OUTPUT grid.\n6. Replace all 0s in the INPUT grid that are not part of the top-left or bottom-right 3x3 sub-grids with 0s in the OUTPUT grid.\n7. Replace all 8s in the INPUT grid that are not part of the top-left or bottom-right 3x3 sub-grids with 8s in the OUTPUT grid.\n8. Replace the remaining 0s in the INPUT grid with 0s in the OUTPUT grid."
    },
    {
      "instructions": "1. Identify the top and bottom borders of the input grid.\n2. Replace the top border with a row of zeros.\n3. Replace the bottom border with a row of zeros.\n4. Identify the left and right borders of the input grid.\n5. Replace the left border with a column of zeros.\n6. Replace the right border with a column of zeros.\n7. Identify the inner grid, excluding the borders.\n8. For each cell in the inner grid, if the cell is part of a horizontal or vertical sequence of three or more cells with the same value, replace the cell with the value 8.\n9. For each cell in the inner grid, if the cell is not part of a sequence of three or more cells with the same value, replace the cell with the value 1.\n10. If the inner grid has an odd number of rows or columns, add a row or column of zeros to the top or left side to make it even.\n11. Replace the entire grid with the modified inner grid."
    }
  ]
}