{
  "task_id": "575b1a71",
  "split": "training",
  "candidates": [
    {
      "instructions": "1. Identify the number of rows and columns in the INPUT grid.\n2. For each cell in the INPUT grid:\n   • If the cell value is 5, leave it unchanged in the OUTPUT grid.\n   • If the cell value is 0 and it is in the first or last row, replace it with 3 in the OUTPUT grid.\n   • If the cell value is 0 and it is in the second or second-to-last row, replace it with 2 in the OUTPUT grid.\n   • If the cell value is 0 and it is in the third or third-to-last row, replace it with 1 in the OUTPUT grid.\n   • If the cell value is 0 and it is in the fourth or fourth-to-last row, replace it with 4 in the OUTPUT grid.\n   • If the cell value is 0 and it is in the fifth row, replace it with 1 in the OUTPUT grid.\n   • If the cell value is 0 and it is in the sixth row, replace it with 2 in the OUTPUT grid.\n   • If the cell value is 0 and it is in the seventh row, replace it with 3 in the OUTPUT grid.\n   • If the cell value is 0 and it is in the eighth or eighth-to-last row, replace it with 2 in the OUTPUT grid.\n   • If the cell value is 0 and it is in the ninth or ninth-to-last row, replace it with 4 in the OUTPUT grid.\n   • If the cell value is 0 and it is in the tenth row, replace it with 1 in the OUTPUT grid."
    },
    {
      "instructions": "1. Identify the top-left and bottom-right corners of the grid.\n2. If the top-left corner is 0, replace it with 1.\n3. If the top-left corner is 5, replace it with the value of the cell to its right.\n4. If the bottom-right corner is 5, replace it with the value of the cell to its left.\n5. If the bottom-right corner is 0, replace it with 4.\n6. For each cell in the grid, if it is surrounded by cells with the same value, replace it with the value of the cell to its right.\n7. For each cell in the grid, if it is surrounded by cells with the same value and it is not on the top or bottom edge, replace it with the value of the cell above it.\n8. For each cell in the grid, if it is surrounded by cells with the same value and it is not on the left or right edge, replace it with the value of the cell to its left.\n9. For each cell in the grid, if it is not surrounded by cells with the same value, replace it with the value of the cell to its right."
    },
    {
      "instructions": "1. Identify the outermost border of the INPUT grid, which consists of zeros.\n2. Replace each zero in the border with a unique number:\n   - Top and bottom borders: 1\n   - Left and right borders: 2\n   - Top-left and top-right corners: 3\n   - Bottom-left and bottom-right corners: 4\n3. Replace each occurrence of five in the grid with the number 5.\n4. The resulting grid is the OUTPUT."
    },
    {
      "instructions": "1. Identify the top and bottom rows of the INPUT grid.\n2. Replace the leftmost and rightmost elements of the top and bottom rows with 1 and 3, respectively, if they are 5.\n3. Replace the middle element of the top and bottom rows with 2 if it is 5.\n4. Replace the middle element of the top and bottom rows with the value of the middle element of the second row from the top if it is not 5.\n5. Replace the middle element of the top and bottom rows with the value of the middle element of the second row from the bottom if it is not 5.\n6. Replace the middle element of the top and bottom rows with the value of the middle element of the second row from the top if it is 5 and the middle element of the second row from the bottom is 5.\n7. Replace the middle element of the top and bottom rows with the value of the middle element of the second row from the bottom if it is 5 and the middle element of the second row from the top is 5.\n8. Replace the middle element of the top and bottom rows with 4 if it is not 5 and the middle element of the second row from the top is 5 and the middle element of the second row from the bottom is 5.\n9. Replace the middle element of the top and bottom rows with the value of the middle element of the second row from the top if it is not 5 and the middle element of the second row from the top is 5 and the middle element of the second row from the bottom is 5.\n10. Replace the middle element of the top and bottom rows with the value of the middle element of the second row from the bottom if it is not 5 and the middle element of the second row from the top is 5 and the middle element of the second row from the bottom is 5.\n11. Replace the middle element of the top and bottom rows with the value of the middle element of the second row from the top if it is not 5 and the middle element of the second row from the bottom is 5.\n12. Replace the middle element of the top and bottom rows with the value of the middle element of the second row from the bottom if it is not 5 and the middle element of the second row from the top is 5.\n13. Replace the middle element of the top and bottom rows with 4 if it is not 5 and the middle element of the second row from the top is 5 and the middle element of the second row from the bottom is 5.\n14. Replace the middle element of the top and bottom rows with the value of the middle element of the second row from the top if it is not 5 and the middle element of the second row from the top is 5 and the middle element of the second row from the bottom is 5.\n15. Replace the middle element of the top and bottom rows with the value of the middle element of the second row from the bottom if it is not 5 and the middle element of the second row from the top is 5 and the middle element of the second row from the bottom is 5.\n16. Replace the middle element of the top and bottom rows with the value of the middle element of the second row from the top if it is not 5 and the middle element of the second row from the bottom is 5.\n17. Replace the middle element of the top and bottom rows with the value of the middle element of the second row from the bottom if it is not 5 and the middle element of the second row from the top is 5.\n18. Replace the middle element of the top and bottom rows with 4 if it is not 5 and the middle element of the second row from the top is 5 and the middle element of the second row from the"
    },
    {
      "instructions": "1. Identify the outermost border of the INPUT grid, which consists of 5s.\n2. Replace the top-left 5 with 1, the top-right 5 with 3, and the bottom-left 5 with 2.\n3. Replace the bottom-right 5 with 4.\n4. Replace all 0s in the INPUT grid with 3, except for those in the top-left, top-right, and bottom-left corners, which remain unchanged.\n5. Replace all 0s in the second row from the top with 2, except for those in the top-left, top-right, and bottom-left corners, which remain unchanged.\n6. Replace all 0s in the second row from the bottom with 4, except for those in the bottom-left, bottom-right, and top-right corners, which remain unchanged.\n7. Replace all 0s in the third row from the top and bottom with 2, except for those in the top-left, top-right, bottom-left, and bottom-right corners, which remain unchanged.\n8. Replace all 0s in the third row from the bottom with 3, except for those in the bottom-left, bottom-right, and top-right corners, which remain unchanged.\n9. Replace all 0s in the fourth row from the top and bottom with 4, except for those in the top-left, top-right, bottom-left, and bottom-right corners, which remain unchanged.\n10. Replace all 0s in the middle row with 3, except for those in the top-left, top-right, bottom-left, and bottom-right corners, which remain unchanged."
    },
    {
      "instructions": "1. Identify the outermost frame of the INPUT grid, which consists of the non-zero values.\n2. For each row within the outermost frame, identify the inner frame, which consists of the non-zero values.\n3. For each inner frame, identify the central column, which is the column with the zero value.\n4. Replace the value in the central column with the following:\n   • If the central column is in the first or last row of the inner frame, replace it with the value 3.\n   • Otherwise, replace it with the value 2.\n5. The resulting grid is the OUTPUT."
    },
    {
      "instructions": "1. Identify the outermost border of the INPUT grid, which consists of 5s.\n2. For each cell in the INPUT grid, if it is not part of the outermost border, check if it is adjacent to a 0.\n3. If a cell is adjacent to a 0, replace its value with the value of the cell directly above it, unless the cell above is also adjacent to a 0, in which case replace the value with the value of the cell to its left.\n4. If a cell is not adjacent to a 0, replace its value with the value of the cell directly above it.\n5. The resulting grid is the OUTPUT grid."
    },
    {
      "instructions": "1. Identify the top and bottom edges of the grid with a single 5.\n2. For each row, starting from the top edge:\n   • If the row contains a 0, replace it with the row number (1-indexed).\n   • If the row does not contain a 0, replace it with the row number minus 1 (1-indexed).\n3. For each column, starting from the left edge:\n   • If the column contains a 0, replace it with the column number (1-indexed).\n   • If the column does not contain a 0, replace it with the column number minus 1 (1-indexed).\n4. Replace all instances of 2 with 4.\n5. Replace all instances of 3 with 2.\n6. Replace all instances of 4 with 1.\n7. Replace all instances of 1 with 3."
    },
    {
      "instructions": "1. Identify the top-left and bottom-right cells in the INPUT grid that contain the value 5.\n2. Calculate the horizontal and vertical distances between these two cells.\n3. For each cell in the INPUT grid, calculate its horizontal and vertical distances from the top-left and bottom-right cells.\n4. Assign a new value to each cell based on the following rules:\n   * If a cell is on the top or left edge of the grid, assign its value based on its distance from the top-left cell.\n   * If a cell is on the bottom or right edge of the grid, assign its value based on its distance from the bottom-right cell.\n   * Otherwise, assign the value 5 to the cell.\n5. For cells on the top edge, assign values 1, 2, 3, and 4 to cells with distances 1, 2, 3, and 4, respectively, from the top-left cell.\n6. For cells on the left edge, assign values 1, 2, 3, and 4 to cells with distances 1, 2, 3, and 4, respectively, from the top-left cell.\n7. For cells on the bottom edge, assign values 1, 2, 3, and 4 to cells with distances 1, 2, 3, and 4, respectively, from the bottom-right cell.\n8. For cells on the right edge, assign values 1, 2, 3, and 4 to cells with distances 1, 2, 3, and 4, respectively, from the bottom-right cell.\n9. For cells on the top-right and bottom-left corners, assign values 2 and 3, respectively, based on their distances from the top-left and bottom-right cells.\n10. For cells on the top-left and bottom-right corners, assign values 1 and 3, respectively, based on their distances from the top-left and bottom-right cells.\n11. For cells on the top-left and bottom-right edges, assign values 1 and 3, respectively, based on their distances from the top-left and bottom-right cells.\n12. For cells on the top-right and bottom-left edges, assign values 2 and 3, respectively, based on their distances from the top-left and bottom-right cells.\n13. For cells in the middle of the grid, assign value 5 to cells with distances 0 from the top-left and bottom-right cells.\n14. For cells in the middle of the grid, assign values 2 and 3 to cells with distances 1 and 2, respectively, from the top-left and bottom-right cells.\n15. For cells in the middle of the grid, assign values 1 and 4 to cells with distances 3 and 4, respectively, from the top-left and bottom-right cells."
    },
    {
      "instructions": "1. Identify the top and bottom rows of the grid as the \"frame\" and the remaining rows as the \"content\".\n2. For each row in the content:\n   * If the row is not the first or last row in the content, and it is adjacent to a row that contains a 0, replace the 0 with the value of the row above it.\n   * If the row is not the first or last row in the content, and it is not adjacent to a row that contains a 0, replace the 0 with the value of the row below it.\n3. Replace all 0s in the frame with 3, except for the top-left and bottom-right corners, which should be replaced with 1 and 4, respectively.\n4. Replace all 0s in the content with the value of the row above it, if it exists, or the value of the row below it, if it does not exist.\n5. Replace all 0s in the content with the value of the row to the left of it, if it exists, or the value of the row to the right of it, if it does not exist.\n6. Replace all 0s in the content with the value of the cell diagonally above-left of it, if it exists, or the value of the cell diagonally above-right of it, if it does not exist.\n7. Replace all 0s in the content with the value of the cell diagonally below-left of it, if it exists, or the value of the cell diagonally below-right of it, if it does not exist.\n8. Replace all 0s in the content with the average of the values of the cells to the left, right, above, and below it, rounded down to the nearest integer."
    }
  ]
}