{
  "task_id": "5792cb4d",
  "split": "training",
  "candidates": [
    {
      "instructions": "1. Identify the middle row of the INPUT grid.\n2. Invert the colors of the elements in the middle row.\n3. Shift the elements in the middle row down by one position.\n4. Shift the elements in the row above the middle row up by one position.\n5. Shift the elements in the row below the middle row down by one position.\n6. Repeat steps 2-5 until the entire grid has been transformed."
    },
    {
      "instructions": "1. Identify the central row in the INPUT grid.\n2. In the OUTPUT grid, the central row is mirrored around the middle element.\n3. The middle element in the INPUT grid is replaced by the middle element in the OUTPUT grid.\n4. The remaining elements in the INPUT grid are replaced by the corresponding elements in the OUTPUT grid, shifted by the difference between the middle index of the INPUT grid and the middle index of the OUTPUT grid."
    },
    {
      "instructions": "<empty; error=request error: >"
    },
    {
      "instructions": "<empty; error=request error: >"
    },
    {
      "instructions": "<empty; error=request error: >"
    },
    {
      "instructions": "<empty; error=request error: >"
    },
    {
      "instructions": "1. Identify the middle row of the INPUT grid.\n2. Invert the colors of the elements in the middle row.\n3. Shift the inverted middle row down by one row.\n4. Shift the inverted middle row up by one row and replace the original middle row.\n5. Repeat steps 3-4 until the inverted middle row reaches the bottom of the grid.\n6. Replace the inverted middle row with the original middle row.\n7. Repeat steps 3-6 until the entire grid has been processed."
    },
    {
      "instructions": "1. Identify the middle row of the INPUT grid.\n2. Invert the colors of the elements in the middle row.\n3. Shift the inverted middle row down by one row.\n4. Replace the shifted middle row with the original middle row.\n5. Repeat steps 2-4 until the entire grid has been transformed."
    },
    {
      "instructions": "<empty; error=request error: >"
    },
    {
      "instructions": "1. Identify the middle row of the INPUT grid.\n2. Invert the colors of the elements in the middle row.\n3. Shift the inverted middle row down by one row.\n4. Shift the inverted middle row up by one row, effectively replacing the original middle row.\n5. Repeat steps 2-4 until the entire grid has been transformed."
    }
  ]
}