{
  "task_id": "58743b76",
  "split": "training",
  "candidates": [
    {
      "instructions": "1. Identify the top-left 2x2 sub-grid in the INPUT grid.\n2. Replace the top-left 2x2 sub-grid with the corresponding 2x2 sub-grid from the OUTPUT grid.\n3. For each cell in the INPUT grid that is not part of the top-left 2x2 sub-grid, replace it with the corresponding cell from the OUTPUT grid."
    },
    {
      "instructions": "1. Identify the top-left 2x2 sub-grid in the INPUT grid.\n2. Replace the top-left 2x2 sub-grid with a new 2x2 sub-grid where the top-left element is the same as the original, the top-right element is the same as the bottom-left element of the original, the bottom-left element is the same as the top-right element of the original, and the bottom-right element is the same as the bottom-right element of the original.\n3. Replace all elements in the INPUT grid that are not part of the top-left 2x2 sub-grid with 8, except for the elements in the second row from the top, which are replaced with the corresponding elements in the second row from the top of the OUTPUT grid."
    },
    {
      "instructions": "1. Identify the top-left 2x2 sub-grid in the INPUT grid.\n2. If the top-left 2x2 sub-grid contains a 2, replace the top-left 2x2 sub-grid with a 4.\n3. If the top-left 2x2 sub-grid contains a 1, replace the top-left 2x2 sub-grid with a 3.\n4. If the top-left 2x2 sub-grid contains an 8, replace the top-left 2x2 sub-grid with a 1.\n5. Replace all occurrences of 2 with 4, and replace all occurrences of 4 with 2 in the resulting grid.\n6. Replace all occurrences of 6 with 1, and replace all occurrences of 1 with 6 in the resulting grid.\n7. Replace all occurrences of 0 with 8, and replace all occurrences of 8 with 0 in the resulting grid.\n8. Replace all occurrences of 3 with 6, and replace all occurrences of 6 with 3 in the resulting grid.\n9. Replace all occurrences of 2 with 8, and replace all occurrences of 8 with 2 in the resulting grid.\n10. Replace all occurrences of 1 with 4, and replace all occurrences of 4 with 1 in the resulting grid."
    },
    {
      "instructions": "1. Identify the top-left 2x2 sub-grid in the INPUT grid.\n2. Replace the top-left 2x2 sub-grid with a new 2x2 sub-grid where each cell is the number of cells in the original sub-grid that are greater than the cell's value.\n3. Replace the remaining cells in the INPUT grid with the corresponding cells from the OUTPUT grid, maintaining their original positions."
    },
    {
      "instructions": "1. Identify the top-left 2x2 sub-grid in the INPUT grid.\n2. Replace the top-left 2x2 sub-grid with the corresponding 2x2 sub-grid from the OUTPUT grid.\n3. Replace the remaining cells in the INPUT grid with the corresponding cells from the OUTPUT grid, maintaining their original positions."
    },
    {
      "instructions": "1. Identify the top-left 2x2 sub-grid in the INPUT grid.\n2. If the top-left 2x2 sub-grid contains a 2, replace it with a 4 in the OUTPUT grid.\n3. If the top-left 2x2 sub-grid contains a 1, replace it with a 3 in the OUTPUT grid.\n4. If the top-left 2x2 sub-grid contains an 8, replace it with the corresponding value from the top-left 2x2 sub-grid in the INPUT grid, shifted 2 positions to the right and 2 positions down.\n5. For each 2 in the INPUT grid, replace it with a 4 in the OUTPUT grid.\n6. For each 1 in the INPUT grid, replace it with a 3 in the OUTPUT grid.\n7. For each 8 in the INPUT grid, replace it with the corresponding value from the top-left 2x2 sub-grid in the INPUT grid, shifted 2 positions to the right and 2 positions down."
    },
    {
      "instructions": "1. Identify the top-left 2x2 sub-grid in the INPUT grid.\n2. If the top-left 2x2 sub-grid contains a 2, replace it with a 4 in the OUTPUT grid.\n3. If the top-left 2x2 sub-grid contains a 4, replace it with a 1 in the OUTPUT grid.\n4. If the top-left 2x2 sub-grid contains an 8, leave it unchanged in the OUTPUT grid.\n5. For each row in the INPUT grid, starting from the second row, replace the value at the second column with the value at the first column, shifted one position to the right, wrapping around to the first column when reaching the end of the row.\n6. For each column in the INPUT grid, starting from the second column, replace the value at the second row with the value at the first row, shifted one position down, wrapping around to the first row when reaching the end of the column."
    },
    {
      "instructions": "1. Identify the top-left 2x2 sub-grid in the INPUT grid.\n2. Replace the top-left 2x2 sub-grid with a 2x2 sub-grid of zeros.\n3. For each cell in the INPUT grid, if the cell is not part of the top-left 2x2 sub-grid, and its value is greater than 0, replace it with the value of the cell that is mirrored across the vertical center of the INPUT grid."
    },
    {
      "instructions": "1. Identify the top-left 2x2 sub-grid in the INPUT grid.\n2. Replace the top-left 2x2 sub-grid with a new 2x2 sub-grid where:\n   - The top-left element is the top-left element of the original 2x2 sub-grid.\n   - The top-right element is the bottom-right element of the original 2x2 sub-grid.\n   - The bottom-left element is the bottom-left element of the original 2x2 sub-grid.\n   - The bottom-right element is the top-right element of the original 2x2 sub-grid.\n3. Replace the bottom-right 2x2 sub-grid in the INPUT grid with a new 2x2 sub-grid where:\n   - The top-left element is the top-right element of the original 2x2 sub-grid.\n   - The top-right element is the bottom-left element of the original 2x2 sub-grid.\n   - The bottom-left element is the bottom-right element of the original 2x2 sub-grid.\n   - The bottom-right element is the top-left element of the original 2x2 sub-grid.\n4. The resulting grid is the OUTPUT grid."
    },
    {
      "instructions": "1. Identify the top-left 2x2 sub-grid in the INPUT grid.\n2. Replace the top-left 2x2 sub-grid with a new 2x2 sub-grid where each element is the sum of the corresponding elements in the original sub-grid.\n3. Replace the remaining elements in the INPUT grid with the corresponding elements in the OUTPUT grid, except for the elements that are part of the top-left 2x2 sub-grid."
    }
  ]
}