{
  "task_id": "5af49b42",
  "split": "training",
  "candidates": [
    {
      "instructions": "1. Rotate the grid 90 degrees clockwise.\n2. Shift the top-left 4x4 sub-grid to the bottom-right corner of the grid.\n3. Replace the top-left 4x4 sub-grid with the bottom-right 4x4 sub-grid.\n4. Replace the bottom-right 4x4 sub-grid with the original top-left 4x4 sub-grid."
    },
    {
      "instructions": "1. Identify the bottom row of the INPUT grid.\n2. Rotate the identified bottom row 90 degrees clockwise to form a new row.\n3. Insert the new row at the top of the INPUT grid.\n4. Remove the original bottom row from the INPUT grid.\n5. The resulting grid is the OUTPUT grid."
    },
    {
      "instructions": "1. Rotate the grid 90 degrees clockwise.\n2. If a cell contains a number, replace it with the number that is two positions ahead of it in the sequence 1, 2, 3, 4, 5, 6, 7, 8, 1, 2, 3, 4, 5, 6, 7, 8, ..."
    },
    {
      "instructions": "1. Rotate the grid 90 degrees clockwise.\n2. If a cell contains a number, replace it with the number that is 2 positions to its right in the sequence 1, 2, 3, 4, 5, 6, 7, 8, 1, 2, 3, 4, 5, 6, 7, 8, and so on.\n3. If a cell is empty, replace it with the number that is 2 positions to its left in the sequence 1, 2, 3, 4, 5, 6, 7, 8, 1, 2, 3, 4, 5, 6, 7, 8, and so on."
    },
    {
      "instructions": "1. Rotate the grid 90 degrees clockwise.\n2. If a cell contains a number, replace it with the number that is 3 positions ahead of it in the sequence 1, 2, 3, 4, 5, 6, 7, 8, 1, 2, 3, 4, 5, 6, 7, 8, ... (wrapping around to the start of the sequence if necessary).\n3. If a cell does not contain a number, replace it with 0."
    },
    {
      "instructions": "1. Rotate the grid 90 degrees clockwise.\n2. Mirror the grid horizontally.\n3. Reverse the order of the rows.\n4. Replace each non-zero cell with its corresponding cell in the original grid, shifted by one position to the right and down."
    },
    {
      "instructions": "1. Rotate the grid 90 degrees clockwise.\n2. If a cell contains a number, replace it with the number that is 3 positions ahead of it in the sequence 1, 2, 3, 4, 5, 6, 7, 8, 1, 2, 3, 4, 5, 6, 7, 8, ... (wrapping around to the start of the sequence if necessary).\n3. If a cell does not contain a number, replace it with 0."
    },
    {
      "instructions": "1. Rotate the grid 90 degrees clockwise.\n2. If a cell contains a number, replace it with the number that is 1 position to its right in the sequence 1, 2, 3, 4, 5, 6, 7, 8, 1, 2, 3, 4, 5, 6.\n3. If a cell is empty, replace it with 0.\n4. If a cell contains a number that is greater than 6, replace it with the number that is 1 position to its left in the sequence 1, 2, 3, 4, 5, 6, 7, 8, 1, 2, 3, 4, 5, 6."
    },
    {
      "instructions": "1. Rotate the grid 90 degrees clockwise.\n2. Move the non-zero values in the rotated grid to the top-left corner, preserving their original positions relative to each other.\n3. The resulting grid is the OUTPUT."
    },
    {
      "instructions": "1. Rotate the grid 90 degrees clockwise.\n2. Shift the top row to the bottom row.\n3. Shift the left column to the right column.\n4. Replace the value 0 with the value 1, 2, 3, 4, 5, 6, 7, or 8 in the top-left 3x3 sub-grid, \n   depending on the position of the value in the top-left 3x3 sub-grid of the original grid."
    }
  ]
}