{
  "task_id": "60c09cac",
  "split": "training",
  "candidates": [
    {
      "instructions": "1. Duplicate the last row of the input grid to create a new row.\n2. Duplicate the last column of the new row to create a new column.\n3. Fill the new column with the value of the cell in the same row and column as the top-left cell of the original input grid.\n4. Repeat steps 1-3 until the new row and column are as long as the original input grid.\n5. Fill the new cells with the value of the cell in the same row and column as the top-left cell of the original input grid."
    },
    {
      "instructions": "1. Duplicate the bottom row of the INPUT grid to create a new row above it.\n2. Duplicate the rightmost column of the new row to create a new column to the left of it.\n3. Fill the new column with the same color as the rightmost column of the original INPUT grid.\n4. Repeat steps 1-3 until the desired OUTPUT grid size is reached.\n5. If the OUTPUT grid size is larger than the INPUT grid size, fill the remaining cells with zeros."
    },
    {
      "instructions": "1. Duplicate the last row of the INPUT grid to create a new row below it.\n2. Duplicate the last column of the new row to create a new column to the right of it.\n3. Fill the new column with the same values as the last column of the INPUT grid.\n4. Fill the new row with the same values as the last row of the INPUT grid.\n5. If the new row or column extends beyond the bounds of the OUTPUT grid, fill the remaining cells with the same values as the last row or column of the INPUT grid.\n6. If the new row or column does not extend beyond the bounds of the OUTPUT grid, fill the remaining cells with the same values as the last row or column of the INPUT grid."
    },
    {
      "instructions": "1. Duplicate the last row of the INPUT grid to create a new row.\n2. Duplicate the last column of the new row to create a new column.\n3. Mirror the new column over the middle of the grid.\n4. Fill the new column with the values from the original INPUT grid, starting from the bottom and moving up.\n5. Fill the new row with the values from the original INPUT grid, starting from the right and moving left."
    },
    {
      "instructions": "1. Duplicate the last row of the INPUT grid to create a new row.\n2. Duplicate the last column of the INPUT grid to create a new column.\n3. Shift the newly created row and column down and right by one cell, respectively.\n4. Fill the newly created cells with the values from the original last row and column.\n5. Fill the cells above and to the left of the newly created cells with the value from the original INPUT grid."
    },
    {
      "instructions": "1. Duplicate the last row of the INPUT grid to create a new row.\n2. Duplicate the last column of the new row to create a new column.\n3. Fill the new column with the same values as the last column of the INPUT grid.\n4. Fill the new row with the same values as the last row of the INPUT grid.\n5. If the new row or column intersects with the existing grid, merge the values by taking the maximum."
    },
    {
      "instructions": "1. Duplicate the last row of the INPUT grid to create a new row.\n2. Duplicate the last column of the INPUT grid to create a new column.\n3. Shift the duplicated row and column down and right by one position, respectively.\n4. Fill the top-left 2x2 sub-grid of the OUTPUT grid with the original top-left 2x2 sub-grid of the INPUT grid.\n5. Fill the rest of the OUTPUT grid with the duplicated row and column from step 2."
    },
    {
      "instructions": "1. Duplicate the last row of the INPUT grid to create a new row below it.\n2. Duplicate the last column of the new row to create a new column to the right of it.\n3. Fill the new column with the same values as the last column of the INPUT grid.\n4. Fill the new row with the same values as the last row of the INPUT grid.\n5. If the new row or column intersects with the existing grid, merge their values.\n6. If the new row or column is longer than the existing grid, truncate it to the same length as the grid.\n7. If the new row or column is shorter than the existing grid, pad it with zeros to match the grid's length."
    },
    {
      "instructions": "1. Duplicate the last row of the INPUT grid to create a new row.\n2. Duplicate the last column of the new row to create a new column.\n3. Fill the new column with the value from the last column of the INPUT grid.\n4. Fill the new row with the value from the last row of the INPUT grid.\n5. If the new row or column intersects with the existing grid, merge their values.\n6. If the new row or column does not intersect with the existing grid, add it as a new row or column.\n7. If the new row or column intersects with a row or column that already contains a value, replace that value with the new value.\n8. If the new row or column intersects with a row or column that already contains a value and that value is the same as the new value, do nothing.\n9. If the new row or column intersects with a row or column that already contains a value and that value is different from the new value, replace the old value with the new value.\n10. Repeat steps 1-9 until the grid reaches the desired size."
    },
    {
      "instructions": "1. Duplicate the last row of the INPUT grid to create a new row.\n2. Duplicate the last column of the INPUT grid to create a new column.\n3. Shift the newly created column to the left by one position.\n4. Shift the newly created row to the top by one position.\n5. Fill the top-left 2x2 sub-grid with the values from the original INPUT grid, starting from the top-left corner.\n6. Fill the bottom-right 2x2 sub-grid with the values from the original INPUT grid, starting from the top-right corner.\n7. Fill the remaining cells in the OUTPUT grid with zeros."
    }
  ]
}