{
  "task_id": "6150a2bd",
  "split": "training",
  "candidates": [
    {
      "instructions": "1. Rotate the INPUT grid 180 degrees.\n2. Swap the first and third columns of the rotated grid.\n3. Swap the first and third rows of the resulting grid.\n4. The resulting grid is the OUTPUT."
    },
    {
      "instructions": "1. Identify the top-left and bottom-right cells of the INPUT grid.\n2. Swap the values of these two cells.\n3. The rest of the cells remain unchanged."
    },
    {
      "instructions": "1. Rotate the INPUT grid 180 degrees.\n2. Swap the values of the top-left and bottom-right cells.\n3. Swap the values of the top-right and bottom-left cells.\n4. Swap the values of the top-left and bottom-right cells (again, to correct the previous swap).\n5. Swap the values of the top-right and bottom-left cells (again, to correct the previous swap)."
    },
    {
      "instructions": "1. Rotate the INPUT grid 180 degrees.\n2. Swap the values of the top-left and bottom-right cells.\n3. Swap the values of the top-right and bottom-left cells.\n4. The values of the middle row remain unchanged."
    },
    {
      "instructions": "1. Rotate the INPUT grid 180 degrees.\n2. Swap the values of the top-left and bottom-right corners of the rotated grid.\n3. Swap the values of the top-right and bottom-left corners of the rotated grid.\n4. The resulting grid is the OUTPUT."
    },
    {
      "instructions": "1. Rotate the INPUT grid 180 degrees.\n2. Swap the colors of the top-left and bottom-right corners.\n3. Swap the colors of the top-right and bottom-left corners.\n4. Swap the colors of the top and bottom rows.\n5. Swap the colors of the left and right columns."
    },
    {
      "instructions": "1. Rotate the INPUT grid 180 degrees.\n2. Swap the first and third columns.\n3. Swap the first and third rows.\n4. Reverse the order of the second row.\n5. Reverse the order of the second column."
    },
    {
      "instructions": "1. Rotate the INPUT grid 180 degrees.\n2. Swap the values of the top-left and bottom-right corners of the grid.\n3. Swap the values of the top-right and bottom-left corners of the grid.\n4. Reflect the grid horizontally.\n5. Reflect the grid vertically.\n6. The resulting grid is the OUTPUT."
    },
    {
      "instructions": "1. Rotate the INPUT grid 180 degrees.\n2. Swap the values of the top-left and bottom-right cells in each row.\n3. Swap the values of the top-right and bottom-left cells in each row.\n4. Swap the values of the top-left and bottom-right cells in each column.\n5. Swap the values of the top-right and bottom-left cells in each column.\n6. Mirror the entire grid horizontally.\n7. Mirror the entire grid vertically.\n8. The resulting grid is the OUTPUT."
    },
    {
      "instructions": "<empty; error=request error: >"
    }
  ]
}