{
  "task_id": "72ca375d",
  "split": "training",
  "candidates": [
    {
      "instructions": "1. Identify the top-left 2x2 sub-grid in the INPUT grid.\n2. The top-left 2x2 sub-grid's value is the value that will be present in the OUTPUT grid.\n3. The OUTPUT grid will be a 2x2 grid with the identified value."
    },
    {
      "instructions": "1. Identify the top-left 2x2 sub-grid in the INPUT grid.\n2. The top-left 2x2 sub-grid is the only part of the INPUT grid that is preserved in the OUTPUT grid.\n3. The remaining part of the INPUT grid is ignored in the OUTPUT grid.\n4. The OUTPUT grid is a 2x2 grid, with the top-left 2x2 sub-grid from the INPUT grid."
    },
    {
      "instructions": "1. Identify the top-left and bottom-right cells of the input grid that contain non-zero values.\n2. Extract the non-zero values from these cells.\n3. Create a new grid with the same dimensions as the top-left and bottom-right cells.\n4. Fill the new grid with the extracted non-zero values, starting from the top-left cell and moving right, then down.\n5. The resulting grid is the output."
    },
    {
      "instructions": "1. Identify the top-left 2x2 sub-grid in the INPUT grid.\n2. The top-left 2x2 sub-grid is the only portion of the INPUT grid that is preserved in the OUTPUT grid.\n3. The remaining cells in the OUTPUT grid are filled with the value from the INPUT grid that is located directly below the top-left 2x2 sub-grid in the INPUT grid."
    },
    {
      "instructions": "1. Identify the top-left 2x2 sub-grid in the INPUT grid.\n2. The top-left 2x2 sub-grid is the only part of the INPUT grid that is preserved in the OUTPUT grid.\n3. The rest of the INPUT grid is ignored, and only the top-left 2x2 sub-grid is used to generate the OUTPUT grid.\n4. The values in the top-left 2x2 sub-grid are preserved in the OUTPUT grid, regardless of their original values in the INPUT grid."
    },
    {
      "instructions": "1. Identify the top-left 2x2 sub-grid in the INPUT grid.\n2. The top-left 2x2 sub-grid is the only part of the INPUT grid that is preserved in the OUTPUT grid.\n3. The remaining cells in the OUTPUT grid are filled with the value that is most frequent in the top-left 2x2 sub-grid of the INPUT grid."
    },
    {
      "instructions": "1. Identify the top-left and bottom-right coordinates of the largest rectangle in the INPUT grid that contains only zeros.\n2. Extract the non-zero values from the INPUT grid, excluding those outside the identified rectangle.\n3. Sort the extracted non-zero values in ascending order.\n4. Create a new grid with the same dimensions as the OUTPUT grid.\n5. Assign the first value from the sorted list to the top-left cell of the new grid.\n6. For each subsequent value in the sorted list, assign it to the cell to the right of the previous value, wrapping around to the top row when reaching the right edge.\n7. If a value is assigned to the last cell in the top row, wrap around to the top-left cell in the next row."
    },
    {
      "instructions": "1. Identify the top-left 2x2 sub-grid in the INPUT grid.\n2. The top-left 2x2 sub-grid is the only part of the INPUT grid that is preserved in the OUTPUT grid.\n3. All other elements in the INPUT grid are ignored in the OUTPUT grid.\n4. The OUTPUT grid is a 2x2 grid, where the top-left element is the top-left element of the top-left 2x2 sub-grid in the INPUT grid, and the bottom-right element is the bottom-right element of the top-left 2x2 sub-grid in the INPUT grid."
    },
    {
      "instructions": "1. Identify the top-left 2x2 sub-grid in the INPUT grid.\n2. The top-left 2x2 sub-grid is the only part of the INPUT grid that is preserved in the OUTPUT grid.\n3. The remaining part of the INPUT grid is discarded.\n4. The preserved 2x2 sub-grid is copied to the top-left 2x2 sub-grid of the OUTPUT grid."
    },
    {
      "instructions": "1. Identify the top-left 2x2 sub-grid in the INPUT grid.\n2. The top-left 2x2 sub-grid is the only part of the INPUT grid that is preserved in the OUTPUT grid.\n3. The remaining cells in the OUTPUT grid are filled with the value that is present in the most occurrences in the INPUT grid, excluding the top-left 2x2 sub-grid."
    }
  ]
}