{
  "task_id": "7d7772cc",
  "split": "training",
  "candidates": [
    {
      "instructions": "1. Identify the middle row of the INPUT grid.\n2. Replace the middle row with the row below it, shifting all elements down by one position.\n3. Replace the row below the middle row with the middle row, shifting all elements up by one position.\n4. Repeat steps 2 and 3 until the middle row reaches the bottom of the grid.\n5. Once the middle row has moved to the bottom, replace the bottom row with the middle row, shifting all elements up by one position.\n6. Replace the middle row with the row above it, shifting all elements up by one position.\n7. Repeat steps 5 and 6 until the middle row reaches the top of the grid.\n8. The resulting grid is the OUTPUT."
    },
    {
      "instructions": "1. Identify the top-left 4x4 sub-grid in the INPUT grid.\n2. Replace the top-left 4x4 sub-grid in the INPUT grid with the corresponding 4x4 sub-grid in the OUTPUT grid.\n3. Replace the bottom-right 4x4 sub-grid in the INPUT grid with the corresponding 4x4 sub-grid in the OUTPUT grid.\n4. Replace the remaining elements in the INPUT grid with the corresponding elements in the OUTPUT grid, excluding the top-left and bottom-right 4x4 sub-grids."
    },
    {
      "instructions": "1. Identify the middle row of the INPUT grid.\n2. Replace the middle row with the OUTPUT grid's middle row.\n3. Replace the OUTPUT grid's middle row with the INPUT grid's middle row.\n4. Replace the INPUT grid's middle row with the OUTPUT grid's middle row.\n5. Repeat steps 2-4 until the INPUT grid matches the OUTPUT grid."
    },
    {
      "instructions": "1. Identify the top and bottom rows of the INPUT grid as the \"frame\" and leave them unchanged in the OUTPUT grid.\n2. For each column in the INPUT grid, excluding the frame, apply the following rules:\n   • If the column contains a 5, replace it with a 9 in the OUTPUT grid.\n   • If the column contains a 3, replace it with a 2 in the OUTPUT grid.\n   • If the column contains a 2, replace it with a 5 in the OUTPUT grid.\n   • If the column contains a 9, leave it unchanged in the OUTPUT grid.\n   • If the column contains a 4, replace it with a 4 in the OUTPUT grid.\n   • If the column contains a 7, replace it with a 7 in the OUTPUT grid.\n   • If the column contains an 8, replace it with an 8 in the OUTPUT grid.\n   • If the column contains a 1, replace it with a 1 in the OUTPUT grid.\n   • If the column contains a 0, replace it with a 0 in the OUTPUT grid."
    },
    {
      "instructions": "1. Identify the top and bottom rows of the INPUT grid as the \"border\" and the middle rows as the \"content\".\n2. The border is always filled with the number 9.\n3. The content is divided into two parts: the \"middle\" and the \"bottom\".\n4. The middle part is always filled with the number 7.\n5. The bottom part is filled with a specific pattern of numbers, which can be described as follows:\n   * The first and last columns of the bottom part are always filled with the number 9.\n   * The second and second-to-last columns of the bottom part are always filled with the number 5.\n   * The third and third-to-last columns of the bottom part are always filled with the number 3.\n   * The fourth and fourth-to-last columns of the bottom part are always filled with the number 2.\n6. The OUTPUT grid is created by applying the following transformations to the INPUT grid:\n   * The border is copied from the INPUT grid to the OUTPUT grid.\n   * The middle part of the content is copied from the INPUT grid to the OUTPUT grid.\n   * The bottom part of the content is transformed according to the pattern described in step 5.\n   * The numbers in the bottom part of the OUTPUT grid are shifted one position to the right compared to the INPUT grid."
    },
    {
      "instructions": "1. Identify the middle row of the INPUT grid.\n2. Replace the middle row with the OUTPUT grid's middle row.\n3. Replace the row above the middle row with the OUTPUT grid's row above the middle row.\n4. Replace the row below the middle row with the OUTPUT grid's row below the middle row.\n5. Replace the remaining rows in the INPUT grid with the OUTPUT grid's rows above and below the middle row, alternating between the two."
    },
    {
      "instructions": "1. Identify the top-left 4x4 sub-grid in the INPUT grid.\n2. Mirror the top-left 4x4 sub-grid horizontally across the middle row.\n3. Replace the middle row of the top-left 4x4 sub-grid with the second row of the INPUT grid.\n4. Replace the bottom row of the top-left 4x4 sub-grid with the third row of the INPUT grid.\n5. Replace the top-left 4x4 sub-grid in the INPUT grid with the modified sub-grid from steps 2-4.\n6. Replace all values in the INPUT grid that are greater than 7 with 9.\n7. Replace all values in the INPUT grid that are less than or equal to 7 with 0.\n8. Replace the bottom row of the INPUT grid with the last row of the OUTPUT grid.\n9. Replace the second row from the bottom of the INPUT grid with the second-to-last row of the OUTPUT grid.\n10. Replace the second row of the INPUT grid with the second row of the OUTPUT grid.\n11. Replace the top row of the INPUT grid with the first row of the OUTPUT grid."
    },
    {
      "instructions": "1. Identify the middle row in the INPUT grid.\n2. Invert the colors of the middle row in the INPUT grid.\n3. Replace the middle row in the INPUT grid with the inverted middle row.\n4. The resulting grid is the OUTPUT grid."
    },
    {
      "instructions": "1. Identify the top-left 4x4 sub-grid in the INPUT grid.\n2. Replace the top-left 4x4 sub-grid in the INPUT grid with the corresponding 4x4 sub-grid in the OUTPUT grid.\n3. Replace the bottom-right 4x4 sub-grid in the INPUT grid with the corresponding 4x4 sub-grid in the OUTPUT grid.\n4. Replace the remaining elements in the INPUT grid with the corresponding elements in the OUTPUT grid, excluding the top-left and bottom-right 4x4 sub-grids."
    },
    {
      "instructions": "1. Identify the top-left 4x4 sub-grid in the INPUT grid.\n2. Replace the top-left 4x4 sub-grid with the bottom-right 4x4 sub-grid from the same INPUT grid.\n3. Replace the bottom-right 4x4 sub-grid with the top-left 4x4 sub-grid from the same INPUT grid.\n4. The remaining elements in the INPUT grid remain unchanged."
    }
  ]
}