{
  "task_id": "80af3007",
  "split": "training",
  "candidates": [
    {
      "instructions": "1. Identify all non-zero values in the INPUT grid.\n2. Filter out values that are not 5.\n3. Create a new grid with the same dimensions as the INPUT grid.\n4. For each 5 in the filtered grid, place a 5 in the corresponding position in the new grid.\n5. For each 5 in the new grid, create a ring of 5s around it with a radius of 1.\n6. Remove any 5s that are not part of a ring.\n7. If a ring is completely surrounded by other rings, remove it.\n8. The resulting grid is the OUTPUT."
    },
    {
      "instructions": "1. Identify the outermost square of non-zero values in the INPUT grid.\n2. Extract the inner square of non-zero values from the INPUT grid, centered around the outermost square.\n3. Rotate the inner square 90 degrees clockwise.\n4. Place the rotated inner square at the center of the OUTPUT grid.\n5. Fill the remaining cells in the OUTPUT grid with the value 5, except for the cells that are part of the rotated inner square.\n6. If the INPUT grid has an odd number of rows or columns, add a border of value 5 around the OUTPUT grid."
    },
    {
      "instructions": "1. Identify the outermost square of 5s in the INPUT grid.\n2. Remove all other 5s from the INPUT grid.\n3. Create a new grid with the same dimensions as the INPUT grid.\n4. Place a 5 in the center of the new grid.\n5. Place a 5 in the top-left and bottom-right corners of the new grid.\n6. Place a 5 in the top-right and bottom-left corners of the new grid.\n7. Fill in the remaining cells of the new grid with 0s.\n8. The resulting grid is the OUTPUT grid."
    },
    {
      "instructions": "1. Identify the 5s in the INPUT grid.\n2. Create a new grid with the same dimensions as the INPUT grid.\n3. Place a 5 in the new grid at the center of the INPUT grid's 5s.\n4. For each 5 in the INPUT grid, place a 5 in the new grid at the same distance from the center 5 as the original 5 was from the center.\n5. Remove any 5s from the new grid that are not at the same distance from the center 5 as the original 5s were from the center.\n6. Replace any remaining 0s in the new grid with 5s.\n7. Remove any 5s from the new grid that are not part of a connected group of 5s.\n8. Remove any remaining 0s from the new grid.\n9. The resulting grid is the OUTPUT grid."
    },
    {
      "instructions": "1. Identify the outermost rectangular region of the INPUT grid that contains non-zero values.\n2. Extract the innermost rectangular region of the identified outermost region that contains non-zero values.\n3. Rotate the extracted innermost region 90 degrees clockwise.\n4. Place the rotated region at the center of a new grid with dimensions equal to the outermost region.\n5. Fill the remaining space in the new grid with zeros."
    },
    {
      "instructions": "1. Identify the outermost ring of 5's in the INPUT grid.\n2. Create a new grid with the same dimensions as the INPUT grid, but with all values initially set to 0.\n3. For each cell in the outermost ring of 5's, set the corresponding cell in the new grid to 5.\n4. For each cell in the new grid that is not in the outermost ring, set it to 0 if it is not adjacent to a 5, and set it to 5 if it is adjacent to a 5.\n5. The resulting grid is the OUTPUT grid."
    },
    {
      "instructions": "1. Identify the outermost ring of non-zero values in the INPUT grid.\n2. Set all non-zero values outside this ring to zero in the OUTPUT grid.\n3. For each non-zero value within the ring, set it to 5 in the OUTPUT grid.\n4. Identify the innermost ring of non-zero values in the INPUT grid.\n5. For each non-zero value in this innermost ring, set it to 5 in the OUTPUT grid.\n6. For each non-zero value in the ring between the outermost and innermost rings, set it to 0 in the OUTPUT grid.\n7. Set all non-zero values in the ring between the outermost and innermost rings to 5 in the OUTPUT grid if they are adjacent to a non-zero value in the innermost ring.\n8. Set all non-zero values in the ring between the outermost and innermost rings to 0 in the OUTPUT grid if they are not adjacent to a non-zero value in the innermost ring."
    },
    {
      "instructions": "1. Identify all non-zero values in the INPUT grid, which represent the '5' cells.\n2. Create a bounding box around these '5' cells, noting the top-left and bottom-right coordinates.\n3. Extract the '5' cells within this bounding box, creating a new grid.\n4. Mirror the new grid horizontally, creating a mirrored version.\n5. Create a new grid with the same dimensions as the original INPUT grid.\n6. Place the original '5' cells from step 2 at the top-left and bottom-right corners of the new grid.\n7. Place the mirrored '5' cells from step 4 in the remaining positions, ensuring they are centered within the new grid.\n8. Replace all non-zero values in the new grid with '5', effectively filling in the gaps with the mirrored '5' cells."
    },
    {
      "instructions": "1. Identify the top-left 5x5 sub-grid in the INPUT grid.\n2. Rotate this sub-grid 90 degrees clockwise to form a square.\n3. Place the square at the center of the OUTPUT grid.\n4. Fill the remaining cells in the OUTPUT grid with 0s."
    },
    {
      "instructions": "1. Identify the top-left 5 in the INPUT grid.\n2. Create a new grid with the same dimensions as the INPUT grid.\n3. In the new grid, place a 5 at the position corresponding to the top-left 5 in the INPUT grid.\n4. For each 5 in the INPUT grid, starting from the top-left 5, move right and down one cell at a time.\n5. For each 5 encountered in step 4, place a 0 in the new grid at the position corresponding to the current 5 in the INPUT grid.\n6. For each 0 in the INPUT grid, starting from the top-left 0, move right and down one cell at a time.\n7. For each 0 encountered in step 6, place a 5 in the new grid at the position corresponding to the current 0 in the INPUT grid.\n8. Remove all 0s from the new grid.\n9. The resulting grid is the OUTPUT grid."
    }
  ]
}