{
  "task_id": "84ba50d3",
  "split": "training",
  "candidates": [
    {
      "instructions": "<empty; error=request error: >"
    },
    {
      "instructions": "<empty; error=request error: >"
    },
    {
      "instructions": "<empty; error=request error: >"
    },
    {
      "instructions": "1. Identify the target cell in the INPUT grid, which is the cell containing the value 1.\n2. If the target cell is in the top-left 3x3 sub-grid, move it to the bottom-right 3x3 sub-grid.\n3. If the target cell is in the bottom-right 3x3 sub-grid, move it to the top-left 3x3 sub-grid.\n4. Replace the target cell with the value 1.\n5. Replace the cell directly above the target cell with the value 8.\n6. Replace the cell directly below the target cell with the value 8.\n7. Replace the cell to the left of the target cell with the value 8.\n8. Replace the cell to the right of the target cell with the value 8.\n9. Replace the cell diagonally above-left of the target cell with the value 8.\n10. Replace the cell diagonally above-right of the target cell with the value 8.\n11. Replace the cell diagonally below-left of the target cell with the value 8.\n12. Replace the cell diagonally below-right of the target cell with the value 8."
    },
    {
      "instructions": "1. Identify the target cell in the INPUT grid that contains the value 1.\n2. If the target cell is in the second row from the bottom, move it to the second row from the top.\n3. If the target cell is in the second column from the left, move it to the second column from the right.\n4. Replace the target cell with the value 8.\n5. Replace the cell to the left of the target cell with the value 1.\n6. Replace the cell to the right of the target cell with the value 1.\n7. Replace the cell below the target cell with the value 2.\n8. Replace the cell above the target cell with the value 2.\n9. Replace the cell diagonally above and to the left of the target cell with the value 2.\n10. Replace the cell diagonally above and to the right of the target cell with the value 2.\n11. Replace the cell diagonally below and to the left of the target cell with the value 2.\n12. Replace the cell diagonally below and to the right of the target cell with the value 2.\n13. Replace all remaining cells in the second column from the left with the value 2.\n14. Replace all remaining cells in the second column from the right with the value 2.\n15. Replace all remaining cells in the second row from the top with the value 2.\n16. Replace all remaining cells in the second row from the bottom with the value 2."
    },
    {
      "instructions": "1. Identify the target cell in the INPUT grid, which is the cell with the value 1.\n2. Check the row and column indices of the target cell.\n3. If the row index is even, replace the target cell with 8.\n4. If the row index is odd, replace the target cell with 1.\n5. If the column index of the target cell is 0 or 8, replace the target cell with 8.\n6. If the column index of the target cell is 1 or 7, replace the target cell with 1.\n7. If the column index of the target cell is 2-6, do not change the target cell's value."
    },
    {
      "instructions": "<empty; error=request error: >"
    },
    {
      "instructions": "1. Identify the target cell in the INPUT grid that contains the value 1.\n2. If the target cell is in the top-left 4x4 sub-grid, replace the entire row with the value 8.\n3. If the target cell is in the 5th row, replace the entire 5th row with the value 8, except for the cell in the 9th column, which remains 1.\n4. If the target cell is in the 6th row, replace the entire 6th row with the value 1, except for the cell in the 5th column, which remains 8.\n5. If the target cell is in any other position, replace the cell in the 9th column of the 5th row with the value 8, and replace the cell in the 5th column of the 6th row with the value 8."
    },
    {
      "instructions": "<empty; error=request error: >"
    },
    {
      "instructions": "1. Identify the target cell in the INPUT grid, which is the cell with the value 1.\n2. If the target cell is located in the second row from the bottom, move it to the second row from the top.\n3. If the target cell is located in the second column from the right, move it to the second column from the left.\n4. Replace all cells in the second row from the top with the value 1, except for the cell that was moved in step 2.\n5. Replace all cells in the second column from the left with the value 1, except for the cell that was moved in step 3.\n6. Replace all cells with the value 2 with the value 8, except for the cells in the last row and the cells that were moved in steps 2 and 3.\n7. Replace all cells with the value 1 in the last row with the value 2."
    }
  ]
}