{
  "task_id": "8dab14c2",
  "split": "training",
  "candidates": [
    {
      "instructions": "1. Identify the center column of the INPUT grid.\n2. Replace all elements in the center column with 8, except for the top and bottom elements which are already 8.\n3. Replace all elements in the second column from the left and the second column from the right with 8.\n4. Replace all elements in the remaining columns with 8, except for the top and bottom elements which are already 8.\n5. Replace the element in the second row from the top in the center column with 1.\n6. Replace the element in the second row from the bottom in the center column with 1.\n7. Replace the elements in the second row from the top and the second row from the bottom in the second column from the left and the second column from the right with 1.\n8. Replace the elements in the remaining rows with 1, except for the top and bottom rows which are already 1.\n9. Replace the elements in the top and bottom rows with 8, except for the center column which is already 1.\n10. Replace the elements in the center column with 1, except for the top and bottom elements which are already 8."
    },
    {
      "instructions": "1. Identify the central square of the grid, which is the 4x4 square of 1s.\n2. For each row above the central square, replace the 1s with 8s, except for the top row, which remains unchanged.\n3. For each row below the central square, replace the 1s with 8s, except for the bottom row, which remains unchanged.\n4. The central square remains unchanged.\n5. The resulting grid is the output."
    },
    {
      "instructions": "1. Identify the central square of the grid, which is the 4x4 square of 1s.\n2. For each row above and below the central square, replace the 1s with 8s if they are not already 8s.\n3. For each column to the left and right of the central square, replace the 1s with 8s if they are not already 8s.\n4. For each cell in the grid that is not part of the central square, replace the 1s with 8s if they are not already 8s.\n5. The resulting grid is the output."
    },
    {
      "instructions": "1. Identify the central square (4x4) in the INPUT grid.\n2. Replace the central square with a 1x1 square of value 8.\n3. Replace the remaining 1x1 squares of value 1 in the central square with a 1x1 square of value 8.\n4. Replace the 1x1 squares of value 1 in the outer rows and columns with a 1x1 square of value 8.\n5. Replace the 1x1 squares of value 1 in the remaining positions with a 1x1 square of value 8.\n6. Replace the 1x1 squares of value 8 in the outer rows and columns with a 1x1 square of value 8.\n7. Replace the 1x1 squares of value 8 in the remaining positions with a 1x1 square of value 8."
    },
    {
      "instructions": "1. Identify the central square of the grid, which is the 4x4 square with the top-left corner at (4,4) and the bottom-right corner at (7,7).\n2. Within the central square, replace all 8's with 1's.\n3. Outside the central square, replace all 8's with 8's.\n4. The resulting grid is the transformed output."
    },
    {
      "instructions": "1. Identify the central square of the grid, which is the 4x4 square of 1s.\n2. For each row above the central square, replace the 1s with 8s, except for the first and last rows, which remain unchanged.\n3. For each row below the central square, replace the 1s with 8s, except for the first and last rows, which remain unchanged.\n4. The central square remains unchanged.\n5. The remaining rows above and below the central square are unchanged."
    },
    {
      "instructions": "1. Identify the outermost border of the INPUT grid, which consists of 8s.\n2. For each cell in the INPUT grid, if it is an 8, replace it with an 8 in the OUTPUT grid.\n3. For each cell in the INPUT grid, if it is an 1, replace it with an 1 in the OUTPUT grid.\n4. Identify the first occurrence of a cell with value 1 in the INPUT grid from the top-left to the bottom-right.\n5. Replace all cells with value 1 in the INPUT grid, except for the first occurrence, with an 8 in the OUTPUT grid.\n6. Replace the first occurrence of a cell with value 1 in the INPUT grid with an 8 in the OUTPUT grid, if it is not already an 8.\n7. Replace the cell below the first occurrence of a cell with value 1 in the INPUT grid with an 8 in the OUTPUT grid, if it is not already an 8.\n8. Replace the cell to the right of the first occurrence of a cell with value 1 in the INPUT grid with an 8 in the OUTPUT grid, if it is not already an 8.\n9. Repeat steps 7 and 8 until a cell with value 8 is reached, or the bottom-right corner of the grid is reached.\n10. Replace the first occurrence of a cell with value 1 in the INPUT grid with an 8 in the OUTPUT grid, if it is not already an 8.\n11. Replace the cell below the first occurrence of a cell with value 1 in the INPUT grid with an 8 in the OUTPUT grid, if it is not already an 8.\n12. Replace the cell to the right of the first occurrence of a cell with value 1 in the INPUT grid with an 8 in the OUTPUT grid, if it is not already an 8.\n13. Repeat steps 11 and 12 until a cell with value 8 is reached, or the bottom-right corner of the grid is reached.\n14. Replace all cells with value 1 in the INPUT grid, except for the first occurrence, with an 8 in the OUTPUT grid.\n15. Replace the first occurrence of a cell with value 1 in the INPUT grid with an 8 in the OUTPUT grid, if it is not already an 8.\n16. Replace the cell below the first occurrence of a cell with value 1 in the INPUT grid with an 8 in the OUTPUT grid, if it is not already an 8.\n17. Replace the cell to the right of the first occurrence of a cell with value 1 in the INPUT grid with an 8 in the OUTPUT grid, if it is not already an 8.\n18. Repeat steps 16 and 17 until a cell with value 8 is reached, or the bottom-right corner of the grid is reached.\n19. Replace the first occurrence of a cell with value 1 in the INPUT grid with an 8 in the OUTPUT grid, if it is not already an 8.\n20. Replace the cell below the first occurrence of a cell with value 1 in the INPUT grid with an 8 in the OUTPUT grid, if it is not already an 8.\n21. Replace the cell to the right of the first occurrence of a cell with value 1 in the INPUT grid with an 8 in the OUTPUT grid, if it is not already an 8.\n22. Repeat steps 20 and 21 until a cell with value 8 is reached, or the bottom-right corner of the grid is reached.\n23. Replace all cells with value 1 in the INPUT grid, except for the first occurrence, with an 8 in the OUTPUT grid.\n24. Replace the first occurrence of a cell with value 1 in the INPUT grid with an 8 in the OUTPUT grid, if it is not already an 8.\n25"
    },
    {
      "instructions": "1. Identify the central square in the INPUT grid, which is the 4x4 square with the value 1.\n2. For each cell in the central square, replace it with the value 8 if it is not already 8.\n3. For each cell in the INPUT grid, if it is not in the central square and its value is 1, replace it with 8.\n4. For each cell in the INPUT grid, if it is not in the central square and its value is 8, replace it with 1 if it is adjacent to the central square (horizontally, vertically, or diagonally), otherwise replace it with 8.\n5. The OUTPUT grid is the resulting grid after applying the above steps."
    },
    {
      "instructions": "1. Identify the central square in the INPUT grid, which is the 4x4 square of 1s.\n2. Determine the position of the central square in the INPUT grid.\n3. If the central square is in the top-left quadrant (rows 0-3, columns 0-3), do nothing.\n4. If the central square is in the top-right quadrant (rows 0-3, columns 4-7), mirror the central square horizontally across the vertical axis.\n5. If the central square is in the bottom-left quadrant (rows 4-7, columns 0-3), mirror the central square vertically across the horizontal axis.\n6. If the central square is in the bottom-right quadrant (rows 4-7, columns 4-7), mirror the central square both horizontally and vertically across the respective axes.\n7. Replace all 1s in the INPUT grid with 8s, except for the central square, which remains unchanged.\n8. The resulting grid is the OUTPUT."
    },
    {
      "instructions": "1. Identify the target cell in the INPUT grid that contains the value 1.\n2. Determine the row and column indices of the target cell.\n3. Calculate the distance from the target cell to the nearest edge of the grid.\n4. Create a new grid with the same dimensions as the INPUT grid.\n5. Iterate over each cell in the new grid, starting from the top-left corner.\n6. If the cell is within the distance calculated in step 3 from the target cell, set its value to 1.\n7. Otherwise, set its value to 8.\n8. The resulting grid is the OUTPUT grid."
    }
  ]
}