{
  "task_id": "92e50de0",
  "split": "training",
  "candidates": [
    {
      "instructions": "<empty; error=request error: >"
    },
    {
      "instructions": "<empty; error=request error: >"
    },
    {
      "instructions": "<empty; error=request error: >"
    },
    {
      "instructions": "1. Identify the grid size: The grid size is 23x23.\n2. Identify the target value: The target value is 2.\n3. Identify the source values: The source values are 1, 3, 8.\n4. Apply the transformation rule:\n   • For each cell in the grid, if the cell value is 1, replace it with 0.\n   • For each cell in the grid, if the cell value is 3, replace it with 0.\n   • For each cell in the grid, if the cell value is 8, replace it with 2 if the cell is in the top-left 5x5 sub-grid, otherwise replace it with 0.\n5. The resulting grid is the output."
    },
    {
      "instructions": "<empty; error=request error: >"
    },
    {
      "instructions": "<empty; error=request error: >"
    },
    {
      "instructions": "<empty; error=request error: >"
    },
    {
      "instructions": "<empty; error=request error: >"
    },
    {
      "instructions": "<empty; error=request error: >"
    },
    {
      "instructions": "<empty; error=request error: >"
    }
  ]
}