{
  "task_id": "94133066",
  "split": "training",
  "candidates": [
    {
      "instructions": "1. Identify the outermost square of the INPUT grid, which is a 21x21 grid.\n2. The OUTPUT grid is a 9x9 grid, which is a 3x3 subsquare of the INPUT grid.\n3. The OUTPUT grid is located at the center of the INPUT grid.\n4. The OUTPUT grid is a mirror image of the center 9x9 subsquare of the INPUT grid, but with some modifications.\n5. The top-left 3x3 subsquare of the OUTPUT grid is a mirror image of the top-left 3x3 subsquare of the center 9x9 subsquare of the INPUT grid.\n6. The bottom-right 3x3 subsquare of the OUTPUT grid is a mirror image of the bottom-right 3x3 subsquare of the center 9x9 subsquare of the INPUT grid.\n7. The remaining 3x3 subsquares of the OUTPUT grid are a mirror image of the corresponding 3x3 subsquares of the center 9x9 subsquare of the INPUT grid, but with some modifications.\n8. The numbers in the OUTPUT grid are the same as the numbers in the center 9x9 subsquare of the INPUT grid, but with some modifications.\n9. The numbers 4 and 5 in the INPUT grid are replaced by 5 and 4 in the OUTPUT grid, respectively.\n10. The numbers 8 in the INPUT grid are replaced by 1 in the OUTPUT grid.\n11. The numbers 2 in the INPUT grid are replaced by 1 in the OUTPUT grid.\n12. The numbers 3 in the INPUT grid are replaced by 1 in the OUTPUT grid.\n13. The numbers 1 in the INPUT grid are replaced by 1 in the OUTPUT grid.\n14. The numbers 0 in the INPUT grid are replaced by 1 in the OUTPUT grid."
    },
    {
      "instructions": "1. Identify the top row of the INPUT grid and replace it with a row of 1s, matching the length of the INPUT grid.\n2. Identify the second row from the top of the INPUT grid and replace it with a row of 1s, matching the length of the INPUT grid.\n3. Identify the third row from the top of the INPUT grid and replace it with a row of 1s, matching the length of the INPUT grid.\n4. Identify the fourth row from the top of the INPUT grid and replace it with a row of 1s, matching the length of the INPUT grid.\n5. Identify the fifth row from the top of the INPUT grid and replace it with a row of 1s, matching the length of the INPUT grid.\n6. Identify the sixth row from the top of the INPUT grid and replace it with a row of 1s, matching the length of the INPUT grid.\n7. Identify the seventh row from the top of the INPUT grid and replace it with a row of 1s, matching the length of the INPUT grid.\n8. Identify the eighth row from the top of the INPUT grid and replace it with a row of 1s, matching the length of the INPUT grid.\n9. Identify the ninth row from the top of the INPUT grid and replace it with a row of 1s, matching the length of the INPUT grid.\n10. Identify the tenth row from the top of the INPUT grid and replace it with a row of 1s, matching the length of the INPUT grid.\n11. Replace all values in the INPUT grid that are greater than 1 with the corresponding value in the OUTPUT grid, shifted down by the number of rows replaced in steps 1-10."
    },
    {
      "instructions": "1. Identify the outermost square of the INPUT grid, which is a 21x21 grid.\n2. The OUTPUT grid is a 9x9 grid.\n3. The transformation rule is to take the 21x21 INPUT grid and transform it into a 9x9 grid by applying the following steps:\n    * Extract the central 9x9 sub-grid from the INPUT grid.\n    * Replace each cell in the extracted sub-grid with the average value of the 3x3 sub-grid centered at that cell.\n    * The resulting 9x9 grid is the OUTPUT grid."
    },
    {
      "instructions": "1. Identify the outermost shape of the INPUT grid, which is a rectangle.\n2. The OUTPUT grid is also a rectangle, but its dimensions are not necessarily the same as the INPUT grid.\n3. The OUTPUT grid is a subset of the INPUT grid, where the top-left corner of the OUTPUT grid is at the same position as the top-left corner of the INPUT grid.\n4. The OUTPUT grid has a fixed width of 9 cells, which is the same as the width of the INPUT grid.\n5. The OUTPUT grid has a height that is equal to the number of rows in the INPUT grid that contain a value of 1 in the leftmost column.\n6. For each row in the OUTPUT grid, the value of each cell is determined by the following rules:\n    * If the cell is in the first column, its value is 1.\n    * If the cell is in the second column, its value is the value of the cell in the same row and column in the INPUT grid, but with the following modifications:\n        + If the value is 1, it remains 1.\n        + If the value is 2, it becomes 1.\n        + If the value is 3, it becomes 1.\n        + If the value is 4, it becomes 4.\n        + If the value is 5, it becomes 5.\n        + If the value is 8, it becomes 1.\n    * If the cell is in a column to the right of the second column, its value is the value of the cell in the same row and column in the INPUT grid, but with the following modifications:\n        + If the value is 1, it becomes 1.\n        + If the value is 2, it becomes 2.\n        + If the value is 3, it becomes 3.\n        + If the value is 4, it becomes 4.\n        + If the value is 5, it becomes 5.\n        + If the value is 8, it becomes 8.\n7. The OUTPUT grid is then resized to have a fixed width of 9 cells, and its height is adjusted accordingly."
    },
    {
      "instructions": "1. Identify the outermost square shape in the INPUT grid.\n2. Extract the inner square shape from the INPUT grid by removing the outermost row and column.\n3. Identify the color of the inner square shape in the INPUT grid.\n4. Replace the color of the inner square shape in the INPUT grid with a new color, which is the same as the color of the outermost square shape.\n5. Repeat steps 2-4 until the inner square shape is completely removed.\n6. The resulting grid is the OUTPUT grid."
    },
    {
      "instructions": "1. Identify the outermost frame of the INPUT grid, which is the area where all cells are 0.\n2. Replace the outermost frame with a solid line of 1s, effectively creating a border around the INPUT grid.\n3. Identify the innermost frame of the INPUT grid, which is the area where all cells are 0 and the outermost frame is 1.\n4. Replace the innermost frame with a solid line of 1s, effectively creating a border around the inner area of the INPUT grid.\n5. Identify the cells in the INPUT grid that are greater than 1 and less than 8.\n6. Replace these cells with the corresponding value from the following mapping:\n   - 2 -> 2\n   - 3 -> 3\n   - 4 -> 4\n   - 5 -> 5\n   - 6 -> 5\n   - 7 -> 5\n   - 8 -> 5\n7. Replace the remaining cells in the INPUT grid with 1s.\n8. The resulting grid is the OUTPUT grid."
    },
    {
      "instructions": "1. Identify the outermost border of the INPUT grid, which consists of all zeros.\n2. Replace the outermost border with a single row of ones.\n3. Identify the second outermost border of the INPUT grid, which consists of all ones.\n4. Replace the second outermost border with a single row of the value that is one greater than the value in the second outermost border.\n5. Repeat step 4 until the innermost border is reached.\n6. Replace all values in the innermost border with the value that is one greater than the value in the second outermost border.\n7. Replace all values in the INPUT grid that are greater than the value in the second outermost border with the value in the second outermost border.\n8. Replace all values in the INPUT grid that are less than or equal to the value in the second outermost border with the value in the second outermost border.\n9. Remove all rows from the INPUT grid that are not part of the second outermost border.\n10. Remove all columns from the INPUT grid that are not part of the second outermost border.\n11. Resize the OUTPUT grid to match the dimensions of the second outermost border.\n12. Replace all values in the OUTPUT grid with the value in the second outermost border."
    },
    {
      "instructions": "1. Identify the top row of the INPUT grid and replace all non-zero values with 1.\n2. Identify the second row from the top of the INPUT grid and replace all non-zero values with the corresponding value from the top row, but with the following exceptions:\n   * Replace 1 with 1.\n   * Replace 2 with 3.\n   * Replace 4 with 4.\n   * Replace 5 with 5.\n   * Replace 8 with 8.\n3. Identify the third row from the top of the INPUT grid and replace all non-zero values with the corresponding value from the second row, but with the following exceptions:\n   * Replace 1 with 1.\n   * Replace 2 with 1.\n   * Replace 5 with 5.\n   * Replace 8 with 8.\n4. Repeat steps 2 and 3 for all remaining rows in the INPUT grid, adjusting the replacement values as follows:\n   * Replace 1 with 1.\n   * Replace 2 with 1.\n   * Replace 3 with 1.\n   * Replace 5 with 5.\n   * Replace 8 with 1.\n5. Remove all non-1 values from the bottom row of the INPUT grid.\n6. Remove all rows from the INPUT grid that contain only 0 values.\n7. The resulting grid is the OUTPUT grid."
    },
    {
      "instructions": "1. Identify the top row of the INPUT grid as a reference point.\n2. For each cell in the INPUT grid, if the cell is not in the top row, \n   - If the cell is in the second row, replace its value with the value of the cell directly above it.\n   - If the cell is in a row below the second row, replace its value with the value of the cell directly above it, unless the cell directly above it has a value of 4 or 5, in which case replace the cell's value with the value of the cell two rows above it.\n3. If a cell in the INPUT grid has a value of 4 or 5, replace its value with 5.\n4. If a cell in the INPUT grid has a value of 8, replace its value with 1.\n5. If a cell in the INPUT grid has a value of 2, replace its value with 1.\n6. If a cell in the INPUT grid has a value of 3, replace its value with 1.\n7. If a cell in the INPUT grid has a value of 1, replace its value with 1.\n8. If a cell in the INPUT grid has a value of 0, replace its value with 1.\n9. Remove all rows from the INPUT grid that are not part of the top row or the row directly below the top row.\n10. The resulting grid is the OUTPUT grid."
    },
    {
      "instructions": "1. Identify the top row of the INPUT grid and replace it with a row of ones, matching the width of the grid.\n2. Identify the second row from the top of the INPUT grid and replace it with a row of ones, matching the width of the grid, except for the following:\n   - Replace the value 1 with 4 if the value 1 is adjacent to a 4 in the row above it.\n   - Replace the value 1 with 3 if the value 1 is adjacent to a 3 in the row above it.\n   - Replace the value 1 with 5 if the value 1 is adjacent to a 5 in the row above it.\n   - Replace the value 1 with 8 if the value 1 is adjacent to an 8 in the row above it.\n   - Replace the value 1 with 2 if the value 1 is adjacent to a 2 in the row above it.\n   - Replace the value 1 with the value of the cell to its right if it is not adjacent to any of the above values.\n3. Identify the third row from the top of the INPUT grid and replace it with a row of ones, matching the width of the grid, except for the following:\n   - Replace the value 1 with 2 if the value 1 is adjacent to a 2 in the row above it.\n   - Replace the value 1 with 5 if the value 1 is adjacent to a 5 in the row above it.\n   - Replace the value 1 with 8 if the value 1 is adjacent to an 8 in the row above it.\n   - Replace the value 1 with the value of the cell to its right if it is not adjacent to any of the above values.\n4. Repeat steps 2 and 3 for each row in the INPUT grid, starting from the second row from the top.\n5. Replace all values greater than 1 in the OUTPUT grid with 1."
    }
  ]
}