{
  "task_id": "9720b24f",
  "split": "training",
  "candidates": [
    {
      "instructions": "1. Identify all non-zero values in the INPUT grid.\n2. For each non-zero value, determine its distance from the nearest edge of the grid.\n3. If the non-zero value is located on the edge of the grid, replace it with a zero.\n4. If the non-zero value is not located on the edge of the grid, replace it with a zero if it is not already surrounded by other non-zero values."
    },
    {
      "instructions": "1. Identify and isolate the middle row in the INPUT grid.\n2. Replace all values in the middle row with 0, except for the value 6, which remains unchanged.\n3. Replace all values in the row above the middle row with 0.\n4. Replace all values in the row below the middle row with 0.\n5. The resulting grid is the OUTPUT."
    },
    {
      "instructions": "1. Identify all non-zero values in the INPUT grid.\n2. For each non-zero value, find its closest non-zero value in the same row or column.\n3. If the closest non-zero value is in the same row, replace the original value with 0.\n4. If the closest non-zero value is in the same column, replace the original value with 0, unless it is in the top or bottom row, in which case replace it with the value from the top or bottom row.\n5. If the closest non-zero value is in the top or bottom row, replace the original value with the value from the top or bottom row.\n6. If the closest non-zero value is in the left or right column, replace the original value with 0.\n7. Repeat steps 2-6 for all non-zero values in the INPUT grid.\n8. The resulting grid is the OUTPUT grid."
    },
    {
      "instructions": "1. Identify the top and bottom rows of the grid that are all zeros.\n2. Replace the middle row of the grid with the top row.\n3. Replace the row below the middle row with the bottom row.\n4. Remove the top and bottom rows from the grid."
    },
    {
      "instructions": "1. Identify all 6s in the INPUT grid.\n2. Replace all 6s with 0s in the OUTPUT grid.\n3. Replace all 0s in the INPUT grid with 0s in the OUTPUT grid.\n4. Replace all 5s in the INPUT grid with 0s in the OUTPUT grid.\n5. Replace all 8s in the INPUT grid with 0s in the OUTPUT grid.\n6. Replace all 7s in the INPUT grid with 0s in the OUTPUT grid.\n7. Replace all 9s in the INPUT grid with 0s in the OUTPUT grid.\n8. Replace all other non-zero numbers in the INPUT grid with their corresponding values in the OUTPUT grid."
    },
    {
      "instructions": "1. Identify all 6's in the INPUT grid.\n2. Replace all 6's with 0's in the INPUT grid.\n3. Identify all 8's in the INPUT grid.\n4. Replace all 8's with 7's in the INPUT grid.\n5. Identify all 5's in the INPUT grid.\n6. Replace all 5's with 0's in the INPUT grid.\n7. Identify all 9's in the INPUT grid.\n8. Replace all 9's with 0's in the INPUT grid.\n9. The resulting grid is the OUTPUT grid."
    },
    {
      "instructions": "1. Identify the top-left cell in the INPUT grid.\n2. If the top-left cell is 6, replace all cells in the OUTPUT grid that are also 6 with 0.\n3. If the top-left cell is 3, replace all cells in the OUTPUT grid that are also 3 with 0, and replace all cells in the OUTPUT grid that are 5 with 0.\n4. If the top-left cell is 2, replace all cells in the OUTPUT grid that are also 2 with 0, and replace all cells in the OUTPUT grid that are 5 with 0.\n5. If the top-left cell is not 6, 3, or 2, leave the OUTPUT grid unchanged.\n6. Replace all cells in the OUTPUT grid that are 5 with 0.\n7. Replace all cells in the OUTPUT grid that are 8 with 0.\n8. Replace all cells in the OUTPUT grid that are 7 with 0, except for the cells in the second row from the bottom and the cells in the second column from the right.\n9. Replace all cells in the OUTPUT grid that are 9 with 0."
    },
    {
      "instructions": "1. Identify all non-zero values in the INPUT grid.\n2. Replace all non-zero values with 0, except for the values in the top-left 2x2 sub-grid and the values in the bottom-right 2x2 sub-grid.\n3. Replace the value 7 in the INPUT grid with 8 in the OUTPUT grid.\n4. Replace the value 6 in the INPUT grid with 8 in the OUTPUT grid, except for the values in the top-left 2x2 sub-grid and the values in the bottom-right 2x2 sub-grid.\n5. Replace the value 5 in the INPUT grid with 0 in the OUTPUT grid.\n6. Replace the value 3 in the INPUT grid with 0 in the OUTPUT grid, except for the values in the top-left 2x2 sub-grid and the values in the bottom-right 2x2 sub-grid.\n7. Replace the value 9 in the INPUT grid with 0 in the OUTPUT grid.\n8. The OUTPUT grid is the result of applying the above steps to the INPUT grid."
    },
    {
      "instructions": "1. Identify and isolate the central column in the INPUT grid.\n2. Replace all values in the central column with 0, except for the value at the top and bottom edges of the grid, which should be replaced with the value from the adjacent cell.\n3. Replace all values in the second column from the left with 0.\n4. Replace all values in the second column from the right with 0.\n5. Replace all values in the remaining columns with 0, except for the values in the top and bottom edges of the grid, which should be replaced with the value from the adjacent cell.\n6. Replace all values in the top and bottom edges of the grid with 0, except for the values in the central column, which should be replaced with the value from the adjacent cell.\n7. Replace all values in the remaining cells with 0."
    },
    {
      "instructions": "1. Identify the topmost row and bottommost row in the INPUT grid.\n2. If the topmost row contains a 6, replace the bottommost row with a row of zeros.\n3. If the bottommost row contains a 6, replace the topmost row with a row of zeros.\n4. Identify the leftmost column and rightmost column in the INPUT grid.\n5. If the leftmost column contains a 6, replace the rightmost column with a column of zeros.\n6. If the rightmost column contains a 6, replace the leftmost column with a column of zeros.\n7. Identify the center cell in the INPUT grid.\n8. If the center cell contains a 6, replace it with a zero.\n9. If the center cell contains a 5, replace it with a zero.\n10. Replace all other cells in the INPUT grid with their corresponding cells in the OUTPUT grid."
    }
  ]
}