{
  "task_id": "9caf5b84",
  "split": "training",
  "candidates": [
    {
      "instructions": "1. Identify all non-zero elements in the INPUT grid.\n2. Replace each non-zero element with 7.\n3. Replace each zero element with the value of the element directly above it, if it exists, or the value of the element to its left, if it does not."
    },
    {
      "instructions": "1. Identify the top-left cell in the INPUT grid.\n2. Replace the top-left cell's value with 7.\n3. Replace all other cells' values with the top-left cell's original value."
    },
    {
      "instructions": "1. Identify all non-zero numbers in the INPUT grid.\n2. Replace each non-zero number with 7.\n3. Leave all zero numbers unchanged."
    },
    {
      "instructions": "1. For each cell in the INPUT grid:\n   • If the cell contains a 0, replace it with a 7 in the OUTPUT grid.\n   • If the cell contains a 1, replace it with a 7 in the OUTPUT grid if it is in the top-left or bottom-right corner of the grid, otherwise replace it with a 1 in the OUTPUT grid.\n   • If the cell contains a 2, replace it with a 7 in the OUTPUT grid if it is in the top-left or bottom-right corner of the grid, otherwise replace it with a 2 in the OUTPUT grid.\n   • If the cell contains a 3, replace it with a 7 in the OUTPUT grid if it is in the top-left or bottom-right corner of the grid, otherwise replace it with a 3 in the OUTPUT grid.\n   • If the cell contains a 5, replace it with a 7 in the OUTPUT grid.\n   • If the cell contains a 6, replace it with a 6 in the OUTPUT grid.\n   • If the cell contains a 9, replace it with a 7 in the OUTPUT grid."
    },
    {
      "instructions": "1. Identify all non-zero numbers in the INPUT grid.\n2. Replace each non-zero number with 7.\n3. Leave all zero numbers unchanged."
    },
    {
      "instructions": "1. Identify all non-zero elements in the INPUT grid.\n2. Replace each non-zero element with 7.\n3. Replace each zero element with the value of the element in the same position in the INPUT grid, but mirrored across the middle row and column."
    },
    {
      "instructions": "1. Identify the top-left cell in the INPUT grid.\n2. Replace the value of the top-left cell with 7.\n3. Replace the value of every other cell in the INPUT grid with 7."
    },
    {
      "instructions": "1. Identify all non-zero numbers in the INPUT grid.\n2. Replace each non-zero number with 7.\n3. Replace each zero in the INPUT grid with the number that appears most frequently in the grid."
    },
    {
      "instructions": "1. Identify all non-zero elements in the INPUT grid.\n2. Replace each non-zero element with 7.\n3. Replace each zero element with the value of the element in the same position in the INPUT grid, but mirrored across the center of the grid."
    },
    {
      "instructions": "1. Identify the top-left cell in the INPUT grid.\n2. Replace the value of the top-left cell with 7.\n3. Replace the value of every cell in the first row with 7.\n4. Replace the value of every cell in the first column with 7."
    }
  ]
}