{
  "task_id": "a699fb00",
  "split": "training",
  "candidates": [
    {
      "instructions": "1. Identify all 1s in the INPUT grid.\n2. For each 1 found in step 1, increment its value by 1 if it's in an odd-numbered row, or keep its value the same if it's in an even-numbered row.\n3. Replace all 1s in the INPUT grid with their updated values from step 2.\n4. The resulting grid is the OUTPUT grid."
    },
    {
      "instructions": "1. Identify all 1s in the INPUT grid.\n2. For each 1 identified in step 1, increment its row index by 1 and its column index by 1.\n3. Replace the original 1s in the INPUT grid with the new indices obtained in step 2.\n4. Replace all 0s in the INPUT grid with 0s in the OUTPUT grid.\n5. Replace all 1s in the INPUT grid with 2s in the OUTPUT grid, except for the first 1 in each row, which remains 1."
    },
    {
      "instructions": "1. Identify all 1s in the INPUT grid.\n2. For each 1, increment its value by 1 for each adjacent 1 (horizontally, vertically, or diagonally) in the same row or column.\n3. Replace all 1s with their incremented values.\n4. Replace all 0s with 0s."
    },
    {
      "instructions": "1. Identify all 1s in the INPUT grid.\n2. For each 1 found in step 1, increment its value by 1 if it is in an even row, otherwise keep its value the same.\n3. Replace all 1s in the INPUT grid with their updated values from step 2.\n4. Replace all 0s in the INPUT grid with 1s if they are adjacent to a 1 (horizontally or vertically), otherwise keep them as 0s.\n5. Replace all 1s in the INPUT grid with 0s if they are not adjacent to any 1s, otherwise keep them as 1s.\n6. The resulting grid is the OUTPUT grid."
    },
    {
      "instructions": "1. Identify all 1s in the INPUT grid.\n2. For each 1 in the INPUT grid, create a pair of numbers (a, b) where a is the row index and b is the column index of the 1.\n3. Sort the pairs (a, b) in ascending order based on the row index a.\n4. For each pair (a, b), replace the 1 at row a and column b in the INPUT grid with a number that is one more than the maximum number already present in the OUTPUT grid.\n5. If the maximum number already present in the OUTPUT grid is 0, replace the 1 with 2. Otherwise, replace the 1 with the maximum number plus 1."
    },
    {
      "instructions": "1. Identify all 1s in the INPUT grid.\n2. For each 1 in the INPUT grid, increment its value by 1 if it is in an odd-numbered row, otherwise keep its value the same.\n3. Replace all 1s in the INPUT grid with their corresponding values from step 2.\n4. Replace all 0s in the INPUT grid with 0s in the OUTPUT grid, unless a 1 was replaced with a 2 in step 3, in which case replace the 0 with 1."
    },
    {
      "instructions": "1. Identify all 1s in the INPUT grid.\n2. For each identified 1, increment its value by 1 for each 1 to its right, wrapping around to 0 after the last column.\n3. Replace all 1s in the INPUT grid with their incremented values to obtain the OUTPUT grid."
    },
    {
      "instructions": "1. Identify all 1s in the INPUT grid.\n2. For each 1 found in step 1, increment its value by 1 if it is in an odd-numbered row, otherwise keep its value the same.\n3. Replace all 1s in the INPUT grid with their incremented values from step 2.\n4. Replace all 0s in the INPUT grid with 1s, and replace all 1s with 0s."
    },
    {
      "instructions": "1. Identify all 1s in the INPUT grid.\n2. For each 1 in the INPUT grid, increment its corresponding position in the OUTPUT grid by 1 for each 1 in the row above it, wrapping around to the first row if necessary.\n3. Replace all 1s in the OUTPUT grid with 2s."
    },
    {
      "instructions": "1. Identify all 1s in the INPUT grid.\n2. For each 1, create a pair of numbers (a, b) where a is the row index and b is the column index.\n3. Sort the pairs in ascending order of their row indices (a) and then by their column indices (b).\n4. For each pair (a, b), replace the value at the corresponding position (a, b) in the OUTPUT grid with the value at position (a, b) in the INPUT grid, incremented by 1 if it is not already 0, and then increment the value at position (a, b + 1) by 1 if it is not already 0."
    }
  ]
}