{
  "task_id": "b1948b0a",
  "split": "training",
  "candidates": [
    {
      "instructions": "1. Identify all 7s in the INPUT grid.\n2. Replace each 7 with 2, except for those that are part of a 2x2 square of 7s.\n3. Replace each 7 that is part of a 2x2 square of 7s with 7."
    },
    {
      "instructions": "1. Identify all cells in the INPUT grid that are equal to the maximum value in the grid.\n2. Replace each of these cells with the value 7.\n3. Identify all cells in the INPUT grid that are equal to the second-highest value in the grid.\n4. Replace each of these cells with the value 2.\n5. Replace all remaining cells in the INPUT grid with the value 2."
    },
    {
      "instructions": "1. Identify all cells in the INPUT grid that are equal to the majority value in their respective row.\n2. Replace each cell identified in step 1 with the value 7.\n3. Replace each cell in the INPUT grid that is not identified in step 1 with the value 2.\n4. The resulting grid is the OUTPUT grid."
    },
    {
      "instructions": "1. Identify all 7s in the INPUT grid.\n2. Replace each 7 with a 2 in the OUTPUT grid.\n3. Replace each 6 in the INPUT grid with a 2 in the OUTPUT grid, except for the following cases:\n  • When a 6 is adjacent to one or more 7s in the INPUT grid, replace it with a 7 in the OUTPUT grid.\n  • When a 6 is in the top-left corner of the INPUT grid, replace it with a 2 in the OUTPUT grid.\n  • When a 6 is in the bottom-right corner of the INPUT grid, replace it with a 2 in the OUTPUT grid."
    },
    {
      "instructions": "1. Identify all 7s in the INPUT grid.\n2. Replace each 7 with a 2 in the OUTPUT grid.\n3. Replace each 6 in the INPUT grid with a 2 in the OUTPUT grid, except for the following cases:\n   • If a 6 is adjacent to a 7 in the INPUT grid, replace it with a 7 in the OUTPUT grid.\n   • If a 6 is in the top-left corner of the INPUT grid, replace it with a 2 in the OUTPUT grid.\n   • If a 6 is in the bottom-right corner of the INPUT grid, replace it with a 7 in the OUTPUT grid."
    },
    {
      "instructions": "1. Identify all 7s in the INPUT grid.\n2. Replace each 7 with a 2 in the OUTPUT grid.\n3. Replace each 6 in the INPUT grid with a 2 in the OUTPUT grid, except for the following cases:\n   • If a 6 is adjacent to one or more 7s in the INPUT grid, replace it with a 7 in the OUTPUT grid.\n   • If a 6 is in the top-left or bottom-right corner of the INPUT grid, replace it with a 7 in the OUTPUT grid.\n4. If a cell in the OUTPUT grid is not yet filled, fill it with a 2."
    },
    {
      "instructions": "1. Identify all cells in the INPUT grid that are equal to the majority value in their respective rows.\n2. Replace these identified cells with the value 7.\n3. Replace all remaining cells in the INPUT grid with the value 2.\n4. If a cell in the OUTPUT grid has the value 7, replace it with the value 2.\n5. If a cell in the OUTPUT grid has the value 2, replace it with the value 7."
    },
    {
      "instructions": "1. Identify all 7s in the INPUT grid.\n2. Replace each 7 with a 2 in the OUTPUT grid.\n3. Replace each 6 in the INPUT grid with a 2 in the OUTPUT grid, unless it is part of a 7x7 square with a 7 in the top-left corner, in which case it remains a 6."
    },
    {
      "instructions": "1. Identify all instances of the number 6 in the INPUT grid.\n2. Replace each identified instance of 6 with 2 in the OUTPUT grid.\n3. Identify all instances of the number 7 in the INPUT grid.\n4. Replace each identified instance of 7 with 7 in the OUTPUT grid, except for the instances that are adjacent to a 2 (which is the result of replacing a 6).\n5. If a 7 is adjacent to a 2, replace it with 2 in the OUTPUT grid."
    },
    {
      "instructions": "1. Identify the top row of the INPUT grid and replace all values with 7 with 2.\n2. Identify the bottom row of the INPUT grid and replace all values with 7 with 2.\n3. For all remaining cells in the INPUT grid, if the value is 7, replace it with 7 in the OUTPUT grid; otherwise, replace it with 2."
    }
  ]
}