{
  "task_id": "b25e450b",
  "split": "training",
  "candidates": [
    {
      "instructions": "1. Identify and mark all cells with value 7 in the INPUT grid.\n2. Replace all marked cells with value 0.\n3. Identify and mark all cells with value 5 in the INPUT grid.\n4. Replace all marked cells with value 7.\n5. Identify and mark all cells with value 0 in the INPUT grid.\n6. Replace all marked cells with value 5.\n7. The resulting grid is the OUTPUT grid."
    },
    {
      "instructions": "1. Identify and mark all cells with value 7 in the INPUT grid.\n2. Replace all cells with value 7 in the INPUT grid with value 0 in the OUTPUT grid.\n3. Replace all cells with value 0 in the INPUT grid with value 7 in the OUTPUT grid.\n4. Replace all cells with value 5 in the INPUT grid with value 5 in the OUTPUT grid.\n5. The OUTPUT grid is now complete."
    },
    {
      "instructions": "1. Identify and mark all cells with value 7 in the INPUT grid as 'source cells'.\n2. For each source cell, find the closest cell with value 0 in the INPUT grid.\n3. Replace the value of the source cell with the value of the closest cell with value 0.\n4. Replace the value of the closest cell with value 0 with the value of the source cell.\n5. Repeat steps 2-4 until no more source cells or cells with value 0 are found in the INPUT grid.\n6. The resulting grid is the OUTPUT grid."
    },
    {
      "instructions": "1. Identify and mark all cells with value 7 in the INPUT grid.\n2. Replace all marked cells with value 0.\n3. Replace all unmarked cells with value 5.\n4. The resulting grid is the OUTPUT."
    },
    {
      "instructions": "1. Identify and mark all cells with value 7 in the INPUT grid.\n2. Invert the marked cells to 0 and the unmarked cells to 7.\n3. Remove all rows containing only 0s.\n4. Remove all columns containing only 0s.\n5. If the resulting grid has a row with only one cell, replace that row with a row of 7s equal in length to the original grid.\n6. If the resulting grid has a column with only one cell, replace that column with a column of 7s equal in length to the original grid."
    },
    {
      "instructions": "1. Identify and mark all cells with value 7 in the INPUT grid.\n2. Replace all marked cells with value 0.\n3. Replace all cells with value 0 in the INPUT grid with value 7 in the OUTPUT grid.\n4. Replace all cells with value 5 in the INPUT grid with value 5 in the OUTPUT grid.\n5. Remove all rows and columns containing only value 0 from the OUTPUT grid."
    },
    {
      "instructions": "1. Identify and mark all cells with value 7 in the INPUT grid.\n2. Invert the marked cells to 0 and the non-marked cells to 7.\n3. Replace all cells with value 0 with 7.\n4. Replace all cells with value 5 with 0.\n5. The resulting grid is the OUTPUT."
    },
    {
      "instructions": "1. Identify all non-zero values in the INPUT grid as 'active' cells.\n2. For each active cell, check its row and column indices.\n3. If the row index is even, set the corresponding cell in the OUTPUT grid to the value of the active cell.\n4. If the row index is odd, set the corresponding cell in the OUTPUT grid to 0.\n5. If the column index of the active cell is greater than or equal to the row index, set the corresponding cell in the OUTPUT grid to 0.\n6. Otherwise, set the corresponding cell in the OUTPUT grid to the value of the active cell."
    },
    {
      "instructions": "1. Identify and mark all cells with value 7 in the INPUT grid.\n2. For each marked cell, check if it has a neighbor (horizontally, vertically, or diagonally) with value 0.\n3. If a marked cell has a neighbor with value 0, replace the marked cell's value with 0.\n4. Repeat steps 2-3 until no more changes are made to the grid.\n5. The resulting grid is the OUTPUT."
    },
    {
      "instructions": "1. Identify the top row of the INPUT grid and replace all non-zero values with zero.\n2. Identify the second row from the top of the INPUT grid and replace all non-zero values with zero.\n3. Identify the third row from the top of the INPUT grid and replace all non-zero values with zero.\n4. Identify the bottom row of the INPUT grid and replace all non-zero values with zero.\n5. Replace all zero values in the INPUT grid with the value 7."
    }
  ]
}