{
  "task_id": "b527c5c6",
  "split": "training",
  "candidates": [
    {
      "instructions": "1. Identify the top row of the input grid and replace all non-zero values with 3.\n2. Identify the second row from the top of the input grid and replace all non-zero values with 3.\n3. Identify the third row from the top of the input grid and replace all non-zero values with 3.\n4. Identify the bottom row of the input grid and replace all non-zero values with 3, except for the second column from the left, which should be replaced with 2.\n5. Replace all non-zero values in the second column from the left with 2, starting from the fourth row from the top and moving downwards.\n6. Replace all non-zero values in the second column from the left with 2, starting from the fifth row from the top and moving downwards.\n7. Replace all non-zero values in the second column from the left with 2, starting from the sixth row from the top and moving downwards.\n8. Replace all non-zero values in the second column from the left with 2, starting from the seventh row from the top and moving downwards.\n9. Replace all non-zero values in the second column from the left with 2, starting from the eighth row from the top and moving downwards.\n10. Replace all non-zero values in the second column from the left with 2, starting from the ninth row from the top and moving downwards.\n11. Replace all non-zero values in the second column from the left with 2, starting from the tenth row from the top and moving downwards.\n12. Replace all non-zero values in the second column from the left with 2, starting from the eleventh row from the top and moving downwards.\n13. Replace all non-zero values in the second column from the left with 2, starting from the twelfth row from the top and moving downwards.\n14. Replace all non-zero values in the second column from the left with 2, starting from the thirteenth row from the top and moving downwards.\n15. Replace all non-zero values in the second column from the left with 2, starting from the fourteenth row from the top and moving downwards.\n16. Replace all non-zero values in the second column from the left with 2, starting from the fifteenth row from the top and moving downwards.\n17. Replace all non-zero values in the second column from the left with 2, starting from the sixteenth row from the top and moving downwards.\n18. Replace all non-zero values in the second column from the left with 2, starting from the seventeenth row from the top and moving downwards.\n19. Replace all non-zero values in the second column from the left with 2, starting from the eighteenth row from the top and moving downwards.\n20. Replace all non-zero values in the second column from the left with 2, starting from the nineteenth row from the top and moving downwards.\n21. Replace all non-zero values in the second column from the left with 2, starting from the twentieth row from the top and moving downwards.\n22. Replace all non-zero values in the second column from the left with 2, starting from the twenty-first row from the top and moving downwards.\n23. Replace all non-zero values in the second column from the left with 2, starting from the twenty-second row from the top and moving downwards.\n24. Replace all non-zero values in the second column from the left with 2, starting from the twenty-third row from the top and moving downwards.\n25. Replace all non-zero values in the second column from the left with 2, starting from the twenty-fourth row from the top and moving downwards.\n26. Replace all non-zero values in the second column from the left with 2, starting from the twenty-fifth row from the top and moving downwards.\n27. Replace all non-zero values in the second column from the left with 2, starting from the"
    },
    {
      "instructions": "1. Identify the top row of the input grid and replace all values with 3, except for the second value from the left, which should be 2.\n2. Identify the second row from the top of the input grid and replace all values with 3, except for the second value from the left, which should be 2.\n3. Identify the third row from the top of the input grid and replace all values with 3, except for the second value from the left, which should be 2.\n4. Identify the fourth row from the top of the input grid and replace all values with 3, except for the second value from the left, which should be 2.\n5. Identify the fifth row from the top of the input grid and replace all values with 3, except for the second value from the left, which should be 2.\n6. Identify the sixth row from the top of the input grid and replace all values with 3, except for the second value from the left, which should be 2.\n7. Identify the seventh row from the top of the input grid and replace all values with 3, except for the second value from the left, which should be 2.\n8. Identify the eighth row from the top of the input grid and replace all values with 3, except for the second value from the left, which should be 2.\n9. Identify the ninth row from the top of the input grid and replace all values with 3, except for the second value from the left, which should be 2.\n10. Identify the tenth row from the top of the input grid and replace all values with 3, except for the second value from the left, which should be 2.\n11. Identify the eleventh row from the top of the input grid and replace all values with 3, except for the second value from the left, which should be 2.\n12. Identify the twelfth row from the top of the input grid and replace all values with 3, except for the second value from the left, which should be 2.\n13. Identify the thirteenth row from the top of the input grid and replace all values with 3, except for the second value from the left, which should be 2.\n14. Identify the fourteenth row from the top of the input grid and replace all values with 3, except for the second value from the left, which should be 2.\n15. Identify the fifteenth row from the top of the input grid and replace all values with 3, except for the second value from the left, which should be 2.\n16. Identify the sixteenth row from the top of the input grid and replace all values with 3, except for the second value from the left, which should be 2.\n17. Identify the seventeenth row from the top of the input grid and replace all values with 3, except for the second value from the left, which should be 2.\n18. Identify the eighteenth row from the top of the input grid and replace all values with 3, except for the second value from the left, which should be 2.\n19. Identify the nineteenth row from the top of the input grid and replace all values with 3, except for the second value from the left, which should be 2.\n20. Identify the twentieth row from the top of the input grid and replace all values with 3, except for the second value from the left, which should be 2.\n21. Replace all values in the second column from the left with 3, except for the first row, which should be 0.\n22. Replace all values in the third column from the left with 3, except for the first row, which should be 0.\n23. Replace all values in the fourth column from the left with 3, except for"
    },
    {
      "instructions": "1. Identify the central column in the INPUT grid, which is the column with the most elements.\n2. In the OUTPUT grid, the central column is also the column with the most elements.\n3. The central column in the INPUT grid is mirrored in the OUTPUT grid.\n4. The elements in the INPUT grid, excluding the central column, are shifted one row down in the OUTPUT grid.\n5. The elements in the INPUT grid, excluding the central column, are also mirrored in the OUTPUT grid.\n6. The elements in the INPUT grid, excluding the central column, are resized to fit the new position in the OUTPUT grid.\n7. The elements in the INPUT grid, excluding the central column, are repeated as necessary to fill the new position in the OUTPUT grid."
    },
    {
      "instructions": "1. Identify the \"center\" of the grid, which is the middle row and column.\n2. For each cell in the input grid, if its value is 2, replace it with 3 in the output grid.\n3. For each cell in the input grid, if its value is 3, replace it with 3 in the output grid, unless it is in the top or bottom row, in which case it remains unchanged.\n4. For each cell in the input grid, if its value is 0, replace it with 0 in the output grid, unless it is in the center row and its column is not the center column, in which case it is replaced with 3 if it is to the left of the center column, and 2 if it is to the right of the center column.\n5. For each cell in the input grid, if its value is not 0, 2, or 3, it is not present in the output grid."
    },
    {
      "instructions": "1. Identify the top and bottom borders of the grid, which are composed of zeros.\n2. Identify the middle row of the grid, which contains a specific pattern of numbers.\n3. For each row above and below the middle row, replace the numbers in the middle row with zeros, except for the numbers 2 and 3, which remain unchanged.\n4. For the row above the middle row, replace the numbers in the middle row with zeros, except for the number 2, which remains unchanged, and the number 3, which is replaced with the number 2.\n5. For the row below the middle row, replace the numbers in the middle row with zeros, except for the number 2, which remains unchanged, and the number 3, which is replaced with the number 2.\n6. For the row above the top border, replace the numbers in the middle row with zeros, except for the number 2, which remains unchanged, and the number 3, which is replaced with the number 2.\n7. For the row below the bottom border, replace the numbers in the middle row with zeros, except for the number 2, which remains unchanged, and the number 3, which is replaced with the number 2.\n8. For the row above the top border, replace the numbers in the middle row with zeros, except for the number 2, which remains unchanged, and the number 3, which is replaced with the number 2.\n9. For the row below the bottom border, replace the numbers in the middle row with zeros, except for the number 2, which remains unchanged, and the number 3, which is replaced with the number 2.\n10. The resulting grid is the output."
    },
    {
      "instructions": "1. Identify the central column of the INPUT grid, which contains the value 2.\n2. In the OUTPUT grid, the central column is also the central column of the INPUT grid, but with the value 2 replaced by the value 3.\n3. The values 3 in the INPUT grid form a rectangular shape with a height of 5 and a width of 5, centered around the central column.\n4. In the OUTPUT grid, the rectangular shape of values 3 is preserved, but its top-left corner is shifted 2 units to the left and 2 units up.\n5. The values 2 in the INPUT grid form a rectangular shape with a height of 1 and a width of 5, centered around the central column.\n6. In the OUTPUT grid, the rectangular shape of values 2 is preserved, but its top-left corner is shifted 2 units to the left and 2 units up, and its bottom-right corner is shifted 2 units to the left.\n7. The values 0 in the INPUT grid form a rectangular shape with a height of 5 and a width of 5, centered around the central column.\n8. In the OUTPUT grid, the rectangular shape of values 0 is preserved, but its top-left corner is shifted 2 units to the left and 2 units up, and its bottom-right corner is shifted 2 units to the left.\n9. The values 3 in the INPUT grid that are not part of the rectangular shape form a rectangular shape with a height of 3 and a width of 3, centered around the central column.\n10. In the OUTPUT grid, the rectangular shape of values 3 is preserved, but its top-left corner is shifted 2 units to the left and 2 units up, and its bottom-right corner is shifted 2 units to the left.\n11. The values 0 in the INPUT grid that are not part of the rectangular shape are replaced by the value 3 in the OUTPUT grid.\n12. The values 2 in the INPUT grid that are not part of the rectangular shape are replaced by the value 3 in the OUTPUT grid.\n13. The values 3 in the INPUT grid that are not part of the rectangular shape are replaced by the value 3 in the OUTPUT grid.\n14. The values 3 in the INPUT grid that are not part of the rectangular shape are replaced by the value 3 in the OUTPUT grid.\n15. The values 3 in the INPUT grid that are not part of the rectangular shape are replaced by the value 3 in the OUTPUT grid.\n16. The values 3 in the INPUT grid that are not part of the rectangular shape are replaced by the value 3 in the OUTPUT grid.\n17. The values 3 in the INPUT grid that are not part of the rectangular shape are replaced by the value 3 in the OUTPUT grid.\n18. The values 3 in the INPUT grid that are not part of the rectangular shape are replaced by the value 3 in the OUTPUT grid.\n19. The values 3 in the INPUT grid that are not part of the rectangular shape are replaced by the value 3 in the OUTPUT grid.\n20. The values 3 in the INPUT grid that are not part of the rectangular shape are replaced by the value 3 in the OUTPUT grid.\n21. The values 3 in the INPUT grid that are not part of the rectangular shape are replaced by the value 3 in the OUTPUT grid.\n22. The values 3 in the INPUT grid that are not part of the rectangular shape are replaced by the value 3 in the OUTPUT grid.\n23. The values 3 in the INPUT grid that are not part of the rectangular shape are replaced by the value 3 in the OUTPUT grid.\n24. The values 3 in the INPUT grid that are not part of the rectangular shape are replaced by the value 3 in the OUTPUT grid.\n25. The"
    },
    {
      "instructions": "1. Identify the top-left 3x3 sub-grid in the INPUT grid.\n2. Mirror the top-left 3x3 sub-grid horizontally across the middle row.\n3. Mirror the resulting 3x3 sub-grid vertically across the middle column.\n4. Repeat steps 1-3 for the next 3x3 sub-grid to the right, shifting the sub-grid down by one row.\n5. Continue repeating steps 1-4 until the entire INPUT grid has been processed.\n6. Replace all 2s in the OUTPUT grid with 3s.\n7. Replace all 3s in the OUTPUT grid with 0s, except for the top-left 3x3 sub-grid which remains unchanged.\n8. Replace all 0s in the OUTPUT grid with 3s, except for the top-left 3x3 sub-grid which remains unchanged."
    },
    {
      "instructions": "1. Identify the top row of the INPUT grid and replace all values with 3, except for the second value from the right, which remains unchanged.\n2. Identify the second row from the top of the INPUT grid and replace all values with 3, except for the second value from the right, which remains unchanged.\n3. Identify the third row from the top of the INPUT grid and replace all values with 3, except for the second value from the right, which remains unchanged.\n4. Identify the bottom row of the INPUT grid and replace all values with 3, except for the second value from the right, which remains unchanged.\n5. Identify the second value from the right in the INPUT grid and replace it with the value from the same position in the OUTPUT grid.\n6. Replace all values in the INPUT grid with 0, except for the following:\n   • The top row, except for the second value from the right.\n   • The second row from the top, except for the second value from the right.\n   • The third row from the top, except for the second value from the right.\n   • The bottom row, except for the second value from the right.\n   • The second value from the right in the INPUT grid.\n7. Replace the second value from the right in the INPUT grid with the value from the same position in the OUTPUT grid.\n8. Replace the second value from the right in the INPUT grid with the value from the same position in the OUTPUT grid.\n9. Replace the second value from the right in the INPUT grid with the value from the same position in the OUTPUT grid.\n10. Replace the second value from the right in the INPUT grid with the value from the same position in the OUTPUT grid."
    },
    {
      "instructions": "1. Identify the top row of the INPUT grid as a reference point.\n2. For each cell in the INPUT grid, if the cell is not in the top row, \n   - If the cell is in the second row, move it to the row above the cell in the second row.\n   - If the cell is in the third row or below, move it to the row above the cell in the third row.\n3. For each cell in the INPUT grid, if the cell is not in the top row, \n   - If the cell is in the second row, move it to the column to the left of the cell in the second row.\n   - If the cell is in the third row or below, move it to the column to the left of the cell in the third row.\n4. If a cell is in the INPUT grid and its value is 3, \n   - If the cell is in the second row, move it to the column to the right of the cell in the second row.\n   - If the cell is in the third row or below, move it to the column to the right of the cell in the third row.\n5. If a cell is in the INPUT grid and its value is 2, \n   - Move it to the column to the right of the cell in the second row.\n6. If a cell is in the INPUT grid and its value is 0, \n   - Move it to the column to the right of the cell in the third row.\n7. If a cell is in the INPUT grid and its value is 3 and it is in the second row, \n   - Move it to the column to the right of the cell in the second row.\n8. If a cell is in the INPUT grid and its value is 3 and it is in the third row or below, \n   - Move it to the column to the right of the cell in the third row.\n9. If a cell is in the INPUT grid and its value is 2 and it is in the third row or below, \n   - Move it to the column to the right of the cell in the third row.\n10. If a cell is in the INPUT grid and its value is 0 and it is in the third row or below, \n    - Move it to the column to the right of the cell in the third row.\n11. If a cell is in the INPUT grid and its value is 3 and it is in the third row or below, \n    - Move it to the column to the right of the cell in the third row.\n12. If a cell is in the INPUT grid and its value is 2 and it is in the third row or below, \n    - Move it to the column to the right of the cell in the third row.\n13. If a cell is in the INPUT grid and its value is 0 and it is in the third row or below, \n    - Move it to the column to the right of the cell in the third row.\n14. If a cell is in the INPUT grid and its value is 3 and it is in the third row or below, \n    - Move it to the column to the right of the cell in the third row.\n15. If a cell is in the INPUT grid and its value is 2 and it is in the third row or below, \n    - Move it to the column to the right of the cell in the third row.\n16. If a cell is in the INPUT grid and its value is 0 and it is in the third row or below, \n    - Move it to the column to the right of the cell in the third row.\n17. If a cell is in the INPUT grid and its value is 3 and it is in the third row or below, \n    - Move it to the column to the right of the cell in the third"
    },
    {
      "instructions": "1. Identify the topmost row of the INPUT grid and replace all non-zero values with 3.\n2. Identify the second row from the top of the INPUT grid and replace all non-zero values with 3.\n3. Continue this process for all rows in the INPUT grid, replacing non-zero values with 3, until the bottom row is reached.\n4. Identify the third row from the bottom of the INPUT grid and replace all non-zero values with 2.\n5. Continue this process for all rows in the INPUT grid, replacing non-zero values with 2, until the top row is reached.\n6. Identify the middle column of the INPUT grid and replace all non-zero values with 3.\n7. Identify the column to the left of the middle column and replace all non-zero values with 2.\n8. Identify the column to the right of the middle column and replace all non-zero values with 2.\n9. Replace all non-zero values in the INPUT grid with 3, except for the middle column, which remains unchanged.\n10. Replace all non-zero values in the INPUT grid with 2, except for the middle column, which remains unchanged.\n11. Replace all non-zero values in the INPUT grid with 3, except for the middle column, which remains unchanged, and the row at the bottom, which remains unchanged.\n12. Replace all non-zero values in the INPUT grid with 2, except for the middle column, which remains unchanged, and the row at the bottom, which remains unchanged.\n13. Replace all non-zero values in the INPUT grid with 3, except for the middle column, which remains unchanged, and the row at the bottom, which remains unchanged, and the row at the top, which remains unchanged.\n14. Replace all non-zero values in the INPUT grid with 2, except for the middle column, which remains unchanged, and the row at the bottom, which remains unchanged, and the row at the top, which remains unchanged.\n15. Replace all non-zero values in the INPUT grid with 3, except for the middle column, which remains unchanged, and the row at the bottom, which remains unchanged, and the row at the top, which remains unchanged, and the column to the left of the middle column, which remains unchanged.\n16. Replace all non-zero values in the INPUT grid with 2, except for the middle column, which remains unchanged, and the row at the bottom, which remains unchanged, and the row at the top, which remains unchanged, and the column to the left of the middle column, which remains unchanged.\n17. Replace all non-zero values in the INPUT grid with 3, except for the middle column, which remains unchanged, and the row at the bottom, which remains unchanged, and the row at the top, which remains unchanged, and the column to the left of the middle column, which remains unchanged, and the column to the right of the middle column, which remains unchanged.\n18. Replace all non-zero values in the INPUT grid with 2, except for the middle column, which remains unchanged, and the row at the bottom, which remains unchanged, and the row at the top, which remains unchanged, and the column to the left of the middle column, which remains unchanged, and the column to the right of the middle column, which remains unchanged.\n19. Replace all non-zero values in the INPUT grid with 3, except for the middle column, which remains unchanged, and the row at the bottom, which remains unchanged, and the row at the top, which remains unchanged, and the column to the left of the middle column, which remains unchanged, and the column to the right of the middle column, which remains unchanged, and the row at the bottom, which remains unchanged.\n20. Replace all non-zero values in the INPUT grid with 2, except for the middle column, which remains unchanged, and the row at the bottom"
    }
  ]
}