{
  "task_id": "b9630600",
  "split": "training",
  "candidates": [
    {
      "instructions": "1,0,0,0,0,0,0,0,0,0,0,0,0,0,0,0,0,0,0,0,0,0,0,0,0,0,0,0,0,0,0,0,0,0,0,0,0,0,0,0,0,0,0,0,0,0,0,0,0,0,0,0,0,0,0,0,0,0,0,0,0,0,0,0,0,0,0,0,0,0,0,0,0,0,0,0,0,0,0,0,0,0,0,0,0,"
    },
    {
      "instructions": "<empty; error=request error: >"
    },
    {
      "instructions": "<empty; error=request error: >"
    },
    {
      "instructions": "1. Identify the top and bottom borders of the grid.\n2.0,0,0,0,0,0,0,0,0,0,0,0,0,0,0,0,0,0,0,0,0,0,0,0,0,0,0,0,0,0,0,0,0,0,0,0,0,0,0,0,0,0,0,0,0,0,0,3,0,0,0,0,0,0,0,0,0,0,0,0,0,3,0,0,0,0,0,0,3,0,0,0,0,0,0,0,0,0,0,0,0,3,0,0,0,0,3,0,0,0,0,0,0,0,0,0,0,0,0,0,0,0,0,"
    },
    {
      "instructions": "1. Identify the outermost border of the grid and fill it with zeros.\n2. Identify the inner border of the grid, which is 1 cell away from the outermost border, and fill it with zeros.\n3. Identify the innermost border of the grid, which is 2 cells away from the outermost border, and fill it with zeros.\n4. Identify the innermost border of the grid, which is 2 cells away from the outermost border, and fill it with zeros.\n5. Identify the innermost border of the grid, which is 2 cells away from the outermost border, and fill it with 0, and fill it with, and fill it with, and fill it with,0,0,0, and fill it with 0,0, and fill it is 0,0,0,0,0,0."
    },
    {
      "instructions": "<empty; error=request error: >"
    },
    {
      "instructions": "1,0,0,0,0,0,3,0,0,0,0,0,0,3,0,0,0,0,0,0,0,0,0,0,0,3,0,0,0,0,0,0,0,0,0,0,0,0,3,0,0,0,0,0,0,0,0,0,0,0,0,"
    },
    {
      "instructions": "1,0,0,0,0,0,0,3,0,3,0,0,0,0,3,0,0,0,0,0,0,3,0,0,0,3,0,3,0,0,0,0,0,0,0,0,0,0,0,0,3,0,0,0,0,0,3,0,0,0,0,0,0,"
    },
    {
      "instructions": "1,0,0,0,0,0,0,0,0,0,0,0,0,0,0,0,0,0,0,0,0,0,0,0,0,0,0,0,0,0,0,0,0,0,0,0,0,0,0,0,0,0,0,0,0,0,0,0,0,0,0,0,0,0,0,0,0,0,0,"
    },
    {
      "instructions": "1,0,0,0,0,0,0,0,0,0,0,0,0,0,0,0,3,0,0,0,0,0,0,0,0,0,0,0,0,0,0,0,0,0,0,0,0,0,0,0,0,0,0,0,0,0,0,0,0,0,0,0,0,0,0,0,"
    }
  ]
}