{
  "task_id": "dc2e9a9d",
  "split": "training",
  "candidates": [
    {
      "instructions": "1. Identify all 3x3 squares of 3s in the INPUT grid.\n2. For each 3x3 square of 3s, replace the 3s with 1s, and replace the surrounding 3s with 0s.\n3. Replace all 3s in the INPUT grid with 8s, except for those in the 3x3 squares of 3s.\n4. Replace all 0s in the INPUT grid with 0s, except for those in the 3x3 squares of 3s and the surrounding 3s.\n5. Replace all 3x3 squares of 3s with 3x3 squares of 8s.\n6. Replace all 3x3 squares of 8s with 3x3 squares of 3s.\n7. Replace all 8s in the OUTPUT grid with 3s.\n8. Replace all 1s in the OUTPUT grid with 0s.\n9. Replace all 0s in the OUTPUT grid with 0s, except for those in the 3x3 squares of 3s and the surrounding 3s.\n10. Replace all 3x3 squares of 3s with 3x3 squares of 8s.\n11. Replace all 3x3 squares of 8s with 3x3 squares of 3s."
    },
    {
      "instructions": "1. Identify the top-left 3x3 sub-grid in the INPUT grid.\n2. Replace the top-left 3x3 sub-grid with a 3x3 grid of zeros.\n3. Identify the next 3x3 sub-grid in the INPUT grid, starting from the top-left corner of the remaining grid.\n4. If the top-left cell of the 3x3 sub-grid is 3, replace the entire 3x3 sub-grid with a 3x3 grid of 1s.\n5. If the top-left cell of the 3x3 sub-grid is not 3, replace the entire 3x3 sub-grid with a 3x3 grid of zeros.\n6. Repeat steps 3-5 until the entire INPUT grid has been processed.\n7. Replace all occurrences of the number 3 in the OUTPUT grid with the number 8.\n8. Replace all occurrences of the number 1 in the OUTPUT grid with the number 0."
    },
    {
      "instructions": "1. Identify all 3x3 squares in the INPUT grid.\n2. For each 3x3 square, replace the center cell with a 1 if it's not already a 1, and replace the surrounding cells with a 1 if they're not already a 1.\n3. Replace all 3x3 squares with a single 8.\n4. Replace all 1s with a 3, except for the 1s that are part of a 3x3 square, which should be replaced with a 1.\n5. Replace all 8s with a 0.\n6. Replace all 3x3 squares with a single 0."
    },
    {
      "instructions": "1. Identify the center column of the INPUT grid.\n2. Replace the center column with a new column of alternating 1s and 0s, starting with 1 at the top.\n3. Replace the top row of the INPUT grid with a row of 8s.\n4. Replace the bottom row of the INPUT grid with a row of 8s.\n5. Replace the leftmost column of the INPUT grid with a column of 8s.\n6. Replace the rightmost column of the INPUT grid with a column of 8s.\n7. Replace the top-left 3x3 square with a 3x3 square of 3s.\n8. Replace the bottom-right 3x3 square with a 3x3 square of 3s.\n9. Replace the remaining 3s in the INPUT grid with 3s in the corresponding positions in the OUTPUT grid.\n10. Replace the remaining 0s in the INPUT grid with 0s in the corresponding positions in the OUTPUT grid."
    },
    {
      "instructions": "<empty; error=request error: >"
    },
    {
      "instructions": "<empty; error=request error: >"
    },
    {
      "instructions": "1. Identify the outermost square shape in the INPUT grid, which has a side length of 19.\n2. Within this square, identify the inner square shape with a side length of 11, centered at the 6th row and 6th column.\n3. Within the inner square, identify the smaller square shape with a side length of 5, centered at the 3rd row and 3rd column.\n4. Replace the 5x5 square with a new 5x5 square, where:\n   * The top-left corner is at the same position as the original 5x5 square.\n   * The top-left value of the new 5x5 square is 0.\n   * The bottom-right value of the new 5x5 square is 0.\n   * The values in the new 5x5 square are set to 0, except for the following:\n     * The 3rd row and 3rd column are set to 3.\n     * The 3rd row and 4th column are set to 3.\n     * The 3rd row and 5th column are set to 3.\n     * The 4th row and 3rd column are set to 3.\n     * The 4th row and 4th column are set to 3.\n     * The 4th row and 5th column are set to 3.\n     * The 5th row and 3rd column are set to 3.\n     * The 5th row and 4th column are set to 3.\n     * The 5th row and 5th column are set to 3.\n5. Replace the original 11x11 square with the new 5x5 square.\n6. Replace the original 19x19 square with the new 11x11 square.\n7. The resulting grid is the OUTPUT."
    },
    {
      "instructions": "1. Identify all 3x3 squares of 3s in the INPUT grid.\n2. For each 3x3 square of 3s, replace the 3s with 1s, and replace the surrounding 3s with 0s.\n3. Replace all 0s in the INPUT grid with 8s, except for the top-left 0, which remains unchanged.\n4. Replace all 3x3 squares of 3s in the OUTPUT grid with 8s.\n5. Replace all 1s in the OUTPUT grid with 3s, and replace the surrounding 1s with 0s.\n6. Replace all 0s in the OUTPUT grid with 3s, except for the top-left 0, which remains unchanged."
    },
    {
      "instructions": "<empty; error=request error: >"
    },
    {
      "instructions": "<empty; error=request error: >"
    }
  ]
}