{
  "task_id": "de493100",
  "split": "training",
  "candidates": [
    {
      "instructions": "1. Divide the INPUT grid into 3x3 sub-grids.\n2. For each 3x3 sub-grid, sort the numbers in ascending order.\n3. Replace each number in the sorted sub-grid with its corresponding index (0-8) in the sorted list.\n4. The resulting sub-grids are then rearranged to form the OUTPUT grid."
    },
    {
      "instructions": "1. Divide the input grid into 3x3 sub-grids.\n2. For each sub-grid, sort the numbers in ascending order.\n3. Replace each number in the sorted sub-grid with its corresponding index in the sorted list (1-indexed).\n4. Remove any duplicate numbers from the sub-grid.\n5. If a sub-grid has only one unique number, replace it with a single instance of that number.\n6. If a sub-grid has two unique numbers, replace it with a single instance of the smaller number.\n7. If a sub-grid has three unique numbers, replace it with a single instance of the smallest number.\n8. Combine the modified sub-grids to form the output grid."
    },
    {
      "instructions": "1. Divide the input grid into 3x3 sub-grids.\n2. For each sub-grid, sort the numbers in ascending order.\n3. Replace each number in the sorted sub-grid with its corresponding rank (1st, 2nd, 3rd, etc.) in the sorted order.\n4. Remove any duplicate ranks.\n5. If a rank appears only once in the sub-grid, replace it with the number 9.\n6. If a rank appears twice in the sub-grid, replace it with the number 8.\n7. If a rank appears three or more times in the sub-grid, replace it with the number 7.\n8. Repeat steps 1-7 for all sub-grids in the input grid.\n9. Combine the modified sub-grids to form the output grid."
    },
    {
      "instructions": "1. Divide the INPUT grid into four quadrants along the middle row and middle column.\n2. In each quadrant, replace all numbers with their corresponding rank in the quadrant (1st, 2nd, 3rd, etc.).\n3. In each quadrant, replace the 1st rank with the number 2, the 2nd rank with the number 6, the 3rd rank with the number 9, and the 4th rank with the number 1.\n4. In each quadrant, replace the 5th rank with the number 8, the 6th rank with the number 5, the 7th rank with the number 4, the 8th rank with the number 3, the 9th rank with the number 2, and the 10th rank with the number 1.\n5. Combine the four quadrants to form the OUTPUT grid."
    },
    {
      "instructions": "1. Divide the INPUT grid into 4 equal quadrants.\n2. In each quadrant, sort the elements in ascending order.\n3. In each quadrant, remove any duplicate elements, keeping only the first occurrence of each element.\n4. In each quadrant, replace each element with its corresponding index in the sorted list (1-indexed).\n5. Combine the 4 quadrants into a single grid, maintaining their original positions."
    },
    {
      "instructions": "1. Divide the input grid into 3x3 sub-grids.\n2. For each sub-grid, replace each cell with the number of times it appears in the sub-grid.\n3. If a cell appears only once, replace it with 0.\n4. If a cell appears twice, replace it with 1.\n5. If a cell appears three or more times, replace it with the number of times it appears minus 2.\n6. The resulting grid is the output."
    },
    {
      "instructions": "1. Divide the input grid into four quadrants.\n2. In each quadrant, sort the numbers in ascending order.\n3. In each quadrant, remove any duplicate numbers.\n4. In each quadrant, replace each number with its position in the sorted list (1-indexed).\n5. Combine the four quadrants into a single grid.\n6. Sort the numbers in each row in ascending order.\n7. Remove any duplicate numbers in each row.\n8. Replace each number in each row with its position in the sorted list (1-indexed).\n9. The resulting grid is the output."
    },
    {
      "instructions": "1. Divide the input grid into 3x3 sub-grids.\n2. For each sub-grid, create a new 3x3 grid filled with zeros.\n3. For each cell in the input sub-grid, if its value is greater than 4, replace the corresponding cell in the new grid with the value 9; otherwise, replace it with the value 1.\n4. If the input sub-grid has an odd number of cells with a value greater than 4, replace the center cell of the new grid with the value 8.\n5. Combine the new 3x3 grids to form the output grid."
    },
    {
      "instructions": "<empty; error=request error: >"
    },
    {
      "instructions": "1. Divide the input grid into 3x3 sub-grids.\n2. For each sub-grid, identify the unique numbers and their positions.\n3. Sort the unique numbers in ascending order.\n4. Replace each number in the sub-grid with its sorted index (0-based).\n5. Remove any duplicate numbers from the sub-grid.\n6. If a sub-grid has only one unique number, replace it with a single instance of that number.\n7. Combine the modified sub-grids to form the output grid."
    }
  ]
}