{
  "task_id": "e179c5f4",
  "split": "training",
  "candidates": [
    {
      "instructions": "1. Identify the first non-zero element in each row of the INPUT grid.\n2. Replace the first non-zero element with 8.\n3. Replace the second non-zero element with 1.\n4. Replace the third non-zero element with 8.\n5. Replace all remaining elements in the row with 8."
    },
    {
      "instructions": "1. Identify the top-left cell of the INPUT grid as the \"pivot\" cell.\n2. Replace the pivot cell with the number 8.\n3. Replace the remaining cells in the INPUT grid with the number 1, except for the cell directly below the pivot cell, which should be replaced with the number 8."
    },
    {
      "instructions": "1. Identify the top-left cell of the INPUT grid as the \"anchor\" cell.\n2. Replace the anchor cell with the value 8.\n3. Replace every other cell in the INPUT grid with the value 1.\n4. Mirror the grid horizontally, but only for rows that contain the anchor cell.\n5. Mirror the grid vertically, but only for columns that contain the anchor cell."
    },
    {
      "instructions": "<empty; error=request error: >"
    },
    {
      "instructions": "1. Identify the first non-zero cell in the INPUT grid.\n2. Replace all cells in the INPUT grid with 8, except for the first non-zero cell and its adjacent cells.\n3. Replace the first non-zero cell with 1.\n4. Replace the adjacent cells of the first non-zero cell with 8 and 1 in an alternating pattern, starting from the top-left adjacent cell."
    },
    {
      "instructions": "<empty; error=request error: >"
    },
    {
      "instructions": "1. Identify the top-left cell in the INPUT grid as the \"anchor\" cell.\n2. Replace the anchor cell with the value 8.\n3. Replace all other cells in the grid with the value 1.\n4. If the anchor cell is not in the last row, swap the values of the anchor cell and the cell below it.\n5. If the anchor cell is not in the last column, swap the values of the anchor cell and the cell to its right."
    },
    {
      "instructions": "1. Identify the top-left cell of the INPUT grid as the \"anchor\" cell.\n2. Replace the anchor cell's value with 8.\n3. Replace all other cells in the same row as the anchor cell with 1.\n4. Replace all other cells in the same column as the anchor cell with 8.\n5. Replace the anchor cell's value with 1.\n6. Replace the cell diagonally opposite the anchor cell with 8."
    },
    {
      "instructions": "1. Identify the top-left cell of the INPUT grid and replace its value with 8.\n2. Replace all other cells in the INPUT grid with 1.\n3. Mirror the OUTPUT grid horizontally (left to right) and vertically (top to bottom) to obtain the final result."
    },
    {
      "instructions": "1. Identify the top-left cell in the INPUT grid and replace its value with 8.\n2. Replace all other cells in the INPUT grid with 1.\n3. Mirror the grid horizontally.\n4. Rotate the grid 90 degrees clockwise."
    }
  ]
}