{
  "task_id": "e4888269",
  "split": "training",
  "candidates": [
    {
      "instructions": "1. Identify the bottom row of the INPUT grid.\n2. Replace the bottom row with the row above it, shifting the bottom row up by one position.\n3. Repeat step 2 until the bottom row is empty.\n4. Replace the bottom row with a new row containing zeros.\n5. Repeat steps 2-4 until the INPUT grid has the same number of rows as the OUTPUT grid."
    },
    {
      "instructions": "1. Identify the bottom row of the INPUT grid.\n2. Replace the value in the 4th column of the bottom row with the value in the 3rd column of the bottom row.\n3. Replace the value in the 5th column of the bottom row with the value in the 2nd column of the bottom row.\n4. Replace the value in the 6th column of the bottom row with the value in the 1st column of the bottom row.\n5. Replace the value in the 7th column of the bottom row with the value in the 1st column of the 2nd row from the bottom.\n6. Replace the value in the 8th column of the bottom row with the value in the 2nd column of the 2nd row from the bottom.\n7. Replace the value in the 9th column of the bottom row with the value in the 3rd column of the 2nd row from the bottom.\n8. Replace the value in the 10th column of the bottom row with the value in the 4th column of the 2nd row from the bottom.\n9. Replace the value in the 11th column of the bottom row with the value in the 5th column of the 2nd row from the bottom.\n10. Replace the value in the 12th column of the bottom row with the value in the 6th column of the 2nd row from the bottom.\n11. Replace the value in the 13th column of the bottom row with the value in the 7th column of the 2nd row from the bottom.\n12. Replace the value in the 14th column of the bottom row with the value in the 8th column of the 2nd row from the bottom.\n13. Replace the value in the 15th column of the bottom row with the value in the 9th column of the 2nd row from the bottom.\n14. Replace the value in the 16th column of the bottom row with the value in the 10th column of the 2nd row from the bottom.\n15. Replace the value in the 17th column of the bottom row with the value in the 11th column of the 2nd row from the bottom.\n16. Replace the value in the 18th column of the bottom row with the value in the 12th column of the 2nd row from the bottom.\n17. Replace the value in the 19th column of the bottom row with the value in the 13th column of the 2nd row from the bottom.\n18. Replace the value in the 20th column of the bottom row with the value in the 14th column of the 2nd row from the bottom.\n19. Replace the value in the 21st column of the bottom row with the value in the 15th column of the 2nd row from the bottom.\n20. Replace the value in the 22nd column of the bottom row with the value in the 16th column of the 2nd row from the bottom.\n21. Replace the value in the 23rd column of the bottom row with the value in the 17th column of the 2nd row from the bottom.\n22. Replace the value in the 24th column of the bottom row with the value in the 18th column of the 2nd row from the bottom.\n23. Replace the value in the 25th column of the bottom row with the value in the 19th column of the 2nd row from the bottom.\n24. Replace the value in the 26th column of the bottom row with the value in the 20th column of the 2nd row from the bottom.\n25. Replace the value in the 27th column of the bottom row with the value in the 21"
    },
    {
      "instructions": "1. Identify the bottom row of the INPUT grid, which contains a single non-zero value, '2', in each column.\n2. In the OUTPUT grid, the bottom row is identical to the bottom row of the INPUT grid.\n3. For each column in the INPUT grid, if the bottom row value is non-zero, the corresponding cell in the OUTPUT grid is the same as the cell in the same column and second-to-last row of the INPUT grid.\n4. If the bottom row value is zero, the corresponding cell in the OUTPUT grid is zero.\n5. The second-to-last row of the INPUT grid is mirrored in the OUTPUT grid, with the last cell of the second-to-last row in the INPUT grid appearing in the second cell from the right in the OUTPUT grid.\n6. The rest of the grid remains unchanged."
    },
    {
      "instructions": "1. Identify the bottom row of the INPUT grid.\n2. Replace the bottom row with a new row that is a copy of the second-to-bottom row.\n3. If the new row contains a 1, replace it with a 7.\n4. If the new row contains a 3, replace it with a 5.\n5. If the new row contains a 5, replace it with a 3.\n6. If the new row contains a 6, replace it with a 7.\n7. If the new row contains a 7, replace it with a 6.\n8. If the new row contains a 4, do not change it.\n9. If the new row contains a 0, do not change it.\n10. Repeat steps 1-9 for each row in the INPUT grid, moving up one row at a time."
    },
    {
      "instructions": "1. Identify the bottom row of the INPUT grid, which contains the value 2.\n2. In the OUTPUT grid, the bottom row is also the 10th row from the top, and it contains the value 2.\n3. The value 2 in the OUTPUT grid is surrounded by zeros, indicating that it is isolated from other values.\n4. The value 2 in the INPUT grid is also surrounded by zeros, indicating that it is isolated from other values.\n5. The values in the OUTPUT grid, excluding the bottom row, are identical to the values in the INPUT grid, excluding the bottom row.\n6. The only difference between the INPUT and OUTPUT grids is the value in the bottom-left 4th column of the OUTPUT grid, which is 7 in the first pair, 7 in the second pair, and 4 in the third pair.\n7. The value in the bottom-left 4th column of the OUTPUT grid is equal to the value in the 4th column of the 2nd row from the bottom of the INPUT grid.\n8. The value in the 4th column of the 2nd row from the bottom of the INPUT grid is equal to the value in the 4th column of the 3rd row from the top of the INPUT grid.\n9. The value in the 4th column of the 3rd row from the top of the INPUT grid is equal to the value in the 4th column of the 2nd row from the top of the INPUT grid.\n10. The value in the 4th column of the 2nd row from the top of the INPUT grid is equal to the value in the 4th column of the top row of the INPUT grid.\n11. The value in the 4th column of the top row of the INPUT grid is equal to the value in the 4th column of the 2nd row from the top of the INPUT grid.\n12. The value in the 4th column of the 2nd row from the top of the INPUT grid is equal to the value in the 4th column of the 3rd row from the bottom of the INPUT grid.\n13. The value in the 4th column of the 3rd row from the bottom of the INPUT grid is equal to the value in the 4th column of the bottom row of the INPUT grid.\n14. The value in the 4th column of the bottom row of the INPUT grid is equal to the value in the bottom-left 4th column of the OUTPUT grid.\n15. The value in the bottom-left 4th column of the OUTPUT grid is determined by the value in the 4th column of the 2nd row from the bottom of the INPUT grid.\n16. The value in the 4th column of the 2nd row from the bottom of the INPUT grid is determined by the value in the 4th column of the 3rd row from the top of the INPUT grid.\n17. The value in the 4th column of the 3rd row from the top of the INPUT grid is determined by the value in the 4th column of the 2nd row from the top of the INPUT grid.\n18. The value in the 4th column of the 2nd row from the top of the INPUT grid is determined by the value in the 4th column of the top row of the INPUT grid.\n19. The value in the 4th column of the top row of the INPUT grid is determined by the value in the 4th column of the 2nd row from the top of the INPUT grid.\n20. The value in the 4th column of the 2nd row from the top of the INPUT grid is determined by the value in the 4th column of the 3rd row from the bottom of the INPUT grid.\n21. The"
    },
    {
      "instructions": "1. Identify the bottom row of the INPUT grid.\n2. Replace the value in the bottom left corner of the INPUT grid with the value in the bottom left corner of the OUTPUT grid.\n3. Replace the value in the bottom right corner of the INPUT grid with the value in the bottom right corner of the OUTPUT grid.\n4. Replace the value in the 5th column from the left of the 2nd row from the bottom of the INPUT grid with the value in the 5th column from the left of the 2nd row from the bottom of the OUTPUT grid.\n5. Replace the value in the 5th column from the left of the 3rd row from the bottom of the INPUT grid with the value in the 5th column from the left of the 3rd row from the bottom of the OUTPUT grid.\n6. Replace the value in the 5th column from the left of the 4th row from the bottom of the INPUT grid with the value in the 5th column from the left of the 4th row from the bottom of the OUTPUT grid.\n7. Replace the value in the 5th column from the left of the 5th row from the bottom of the INPUT grid with the value in the 5th column from the left of the 5th row from the bottom of the OUTPUT grid.\n8. Replace the value in the 5th column from the left of the 6th row from the bottom of the INPUT grid with the value in the 5th column from the left of the 6th row from the bottom of the OUTPUT grid.\n9. Replace the value in the 5th column from the left of the 7th row from the bottom of the INPUT grid with the value in the 5th column from the left of the 7th row from the bottom of the OUTPUT grid.\n10. Replace the value in the 5th column from the left of the 8th row from the bottom of the INPUT grid with the value in the 5th column from the left of the 8th row from the bottom of the OUTPUT grid.\n11. Replace the value in the 5th column from the left of the 9th row from the bottom of the INPUT grid with the value in the 5th column from the left of the 9th row from the bottom of the OUTPUT grid.\n12. Replace the value in the 5th column from the left of the 10th row from the bottom of the INPUT grid with the value in the 5th column from the left of the 10th row from the bottom of the OUTPUT grid.\n13. Replace the value in the 6th column from the left of the 2nd row from the bottom of the INPUT grid with the value in the 6th column from the left of the 2nd row from the bottom of the OUTPUT grid.\n14. Replace the value in the 6th column from the left of the 3rd row from the bottom of the INPUT grid with the value in the 6th column from the left of the 3rd row from the bottom of the OUTPUT grid.\n15. Replace the value in the 6th column from the left of the 4th row from the bottom of the INPUT grid with the value in the 6th column from the left of the 4th row from the bottom of the OUTPUT grid.\n16. Replace the value in the 6th column from the left of the 5th row from the bottom of the INPUT grid with the value in the 6th column from the left of the 5th row from the bottom of the OUTPUT grid.\n17. Replace the value in the 6th column from the left of the 6th row from the bottom of the INPUT grid with the value in the 6th column from the left of the 6th row from"
    },
    {
      "instructions": "1. Identify the bottom-left cell in the INPUT grid that contains a non-zero value.\n2. Move up and to the left from this cell, skipping any cells with a non-zero value, until a cell with a zero value is reached.\n3. Replace the cell at the top-left of the INPUT grid with the non-zero value from the identified cell in step 1.\n4. Replace the cell at the bottom-left of the INPUT grid with the non-zero value from the identified cell in step 1.\n5. Replace the cell at the bottom-right of the INPUT grid with the non-zero value from the identified cell in step 1.\n6. Replace the cell at the top-right of the INPUT grid with the non-zero value from the identified cell in step 1.\n7. Replace the cell at the bottom-center of the INPUT grid with the non-zero value from the identified cell in step 1.\n8. Replace the cell at the top-center of the INPUT grid with the non-zero value from the identified cell in step 1.\n9. Replace the cell at the bottom-center of the INPUT grid with the non-zero value from the identified cell in step 1.\n10. Replace the cell at the top-center of the INPUT grid with the non-zero value from the identified cell in step 1.\n11. Replace the cell at the bottom-center of the INPUT grid with the non-zero value from the identified cell in step 1.\n12. Replace the cell at the top-center of the INPUT grid with the non-zero value from the identified cell in step 1.\n13. Replace the cell at the bottom-center of the INPUT grid with the non-zero value from the identified cell in step 1.\n14. Replace the cell at the top-center of the INPUT grid with the non-zero value from the identified cell in step 1.\n15. Replace the cell at the bottom-center of the INPUT grid with the non-zero value from the identified cell in step 1.\n16. Replace the cell at the top-center of the INPUT grid with the non-zero value from the identified cell in step 1.\n17. Replace the cell at the bottom-center of the INPUT grid with the non-zero value from the identified cell in step 1.\n18. Replace the cell at the top-center of the INPUT grid with the non-zero value from the identified cell in step 1.\n19. Replace the cell at the bottom-center of the INPUT grid with the non-zero value from the identified cell in step 1.\n20. Replace the cell at the top-center of the INPUT grid with the non-zero value from the identified cell in step 1.\n21. Replace the cell at the bottom-center of the INPUT grid with the non-zero value from the identified cell in step 1.\n22. Replace the cell at the top-center of the INPUT grid with the non-zero value from the identified cell in step 1.\n23. Replace the cell at the bottom-center of the INPUT grid with the non-zero value from the identified cell in step 1.\n24. Replace the cell at the top-center of the INPUT grid with the non-zero value from the identified cell in step 1.\n25. Replace the cell at the bottom-center of the INPUT grid with the non-zero value from the identified cell in step 1.\n26. Replace the cell at the top-center of the INPUT grid with the non-zero value from the identified cell in step 1.\n27. Replace the cell at the bottom-center of the INPUT grid with the non-zero value from the identified cell in step 1.\n28. Replace the cell at the top-center of the INPUT grid with the non-zero value from the identified cell in step 1.\n29. Replace the cell at the bottom-center of the INPUT grid with the non-zero value from the identified cell in step 1.\n30. Replace the cell at the top-center of the INPUT grid with the non-zero value from the identified cell"
    },
    {
      "instructions": "1. Identify the bottom row of the INPUT grid.\n2. Replace the bottom row with a new row where the first element is the last element of the bottom row, the second element is the second-to-last element of the bottom row, and so on, until the last element is the first element of the bottom row.\n3. Shift all rows above the modified bottom row up by one position.\n4. Repeat steps 1-3 until the entire grid has been processed."
    },
    {
      "instructions": "1. Identify the bottom row of the INPUT grid, which contains the value 2.\n2. In the OUTPUT grid, the bottom row is also the 10th row from the top, and it contains the value 2.\n3. The value in the 11th column of the INPUT grid is 0, 3, or 0.\n4. In the OUTPUT grid, the value in the 11th column is 0, 5, or 0.\n5. If the value in the 11th column of the INPUT grid is 3, then the corresponding value in the OUTPUT grid is 5.\n6. If the value in the 12th column of the INPUT grid is 0, then the corresponding value in the OUTPUT grid is 0.\n7. If the value in the 12th column of the INPUT grid is 3, then the corresponding value in the OUTPUT grid is 0.\n8. In the OUTPUT grid, the value in the 19th column of the bottom row is 1, 7, or 4.\n9. The value in the 19th column of the INPUT grid is 1 or 0.\n10. In the OUTPUT grid, the value in the 19th column is 1 if the corresponding value in the INPUT grid is 1, and 4 if the corresponding value in the INPUT grid is 0."
    },
    {
      "instructions": "1. Identify the bottom row of the INPUT grid, which contains the value 2.\n2. In the OUTPUT grid, the bottom row is also the 10th row from the top, and it contains the value 2.\n3. The 10th row from the top in the INPUT grid is always the bottom row, and it contains the value 2.\n4. The value 2 in the bottom row of the INPUT grid is always in the 10th column from the left.\n5. The value 2 in the OUTPUT grid is always in the 10th column from the left.\n6. The value in the 11th column from the left in the OUTPUT grid is the value in the 11th column from the left in the INPUT grid, shifted up one row.\n7. The value in the 12th column from the left in the OUTPUT grid is the value in the 12th column from the left in the INPUT grid, shifted up one row, unless the value in the 12th column from the left in the INPUT grid is 3, in which case it is shifted up two rows.\n8. The value in the 13th column from the left in the OUTPUT grid is the value in the 13th column from the left in the INPUT grid, shifted up one row, unless the value in the 13th column from the left in the INPUT grid is 0, in which case it is shifted up one row and the value in the 12th column from the left is shifted up one row.\n9. The value in the 14th column from the left in the OUTPUT grid is the value in the 14th column from the left in the INPUT grid, shifted up one row, unless the value in the 14th column from the left in the INPUT grid is 0, in which case it is shifted up one row and the value in the 13th column from the left is shifted up one row.\n10. The value in the 15th column from the left in the OUTPUT grid is the value in the 15th column from the left in the INPUT grid, shifted up one row, unless the value in the 15th column from the left in the INPUT grid is 0, in which case it is shifted up one row and the value in the 14th column from the left is shifted up one row.\n11. The value in the 16th column from the left in the OUTPUT grid is the value in the 16th column from the left in the INPUT grid, shifted up one row, unless the value in the 16th column from the left in the INPUT grid is 0, in which case it is shifted up one row and the value in the 15th column from the left is shifted up one row.\n12. The value in the 17th column from the left in the OUTPUT grid is the value in the 17th column from the left in the INPUT grid, shifted up one row, unless the value in the 17th column from the left in the INPUT grid is 0, in which case it is shifted up one row and the value in the 16th column from the left is shifted up one row.\n13. The value in the 18th column from the left in the OUTPUT grid is the value in the 18th column from the left in the INPUT grid, shifted up one row, unless the value in the 18th column from the left in the INPUT grid is 0, in which case it is shifted up one row and the value in the 17th column from the left is shifted up one row.\n14. The value in the 19th column from the left in the OUTPUT grid is the value in the 19th column from the left in the INPUT grid, shifted up one row, unless the value in the 19th column from the left in the"
    }
  ]
}