{
  "task_id": "f8ff0b80",
  "split": "training",
  "candidates": [
    {
      "instructions": "<empty; error=request error: >"
    },
    {
      "instructions": "<empty; error=request error: >"
    },
    {
      "instructions": "<empty; error=request error: >"
    },
    {
      "instructions": "1. Identify the top-left cell of the INPUT grid that contains a non-zero value.\n2. Extract the value of this cell.\n3. Create a new grid with a single cell containing the extracted value.\n4. The value of the new cell is the OUTPUT for this transformation."
    },
    {
      "instructions": "1. Identify the top-left cell in the INPUT grid that contains a non-zero value.\n2. The value in this cell is the target value to be extracted.\n3. Extract the target value from the INPUT grid.\n4. Create a new grid with a single cell containing the target value.\n5. The new grid is the OUTPUT."
    },
    {
      "instructions": "<empty; error=request error: >"
    },
    {
      "instructions": "<empty; error=request error: >"
    },
    {
      "instructions": "<empty; error=request error: >"
    },
    {
      "instructions": "<empty; error=request error: >"
    },
    {
      "instructions": "1. Identify the top-left cell in the INPUT grid that contains a non-zero value.\n2. The value in this cell is the target value to be extracted.\n3. Extract the target value from the INPUT grid.\n4. The extracted value is the only non-zero value in the OUTPUT grid.\n5. The OUTPUT grid has a size of 1x1, with the target value as its only element."
    }
  ]
}