{
  "task_id": "fc4aaf52",
  "split": "training",
  "candidates": [
    {
      "instructions": "1. Identify the middle row of the INPUT grid.\n2. Replace the middle row with the row above it, shifted one cell to the left.\n3. Replace the row above the middle row with the row below it, shifted one cell to the right.\n4. Repeat steps 2 and 3 until the middle row is at the top of the grid.\n5. Replace the middle column of the grid with the column to its left, shifted one cell up.\n6. Replace the column to the left of the middle column with the column to its right, shifted one cell down.\n7. Repeat steps 5 and 6 until the middle column is at the left of the grid.\n8. Replace the cell at the intersection of the middle row and middle column with the cell above it.\n9. Replace the cell above the intersection with the cell below it.\n10. Repeat steps 8 and 9 until the intersection is at the top-left corner of the grid.\n11. Replace the cell at the intersection with the cell to its left.\n12. Replace the cell to the left of the intersection with the cell to its right.\n13. Repeat steps 11 and 12 until the intersection is at the top-left corner of the grid.\n14. Replace the cell at the intersection with the value 5.\n15. Replace the cell above the intersection with the value 0.\n16. Replace the cell to the left of the intersection with the value 0.\n17. Replace the cell below the intersection with the value 5.\n18. Replace the cell to the right of the intersection with the value 5.\n19. Repeat steps 15-18 until the intersection is at the top-left corner of the grid.\n20. Replace the cell at the intersection with the value 5.\n21. Replace the cell above the intersection with the value 0.\n22. Replace the cell to the left of the intersection with the value 0.\n23. Replace the cell below the intersection with the value 5.\n24. Replace the cell to the right of the intersection with the value 5.\n25. Repeat steps 21-24 until the intersection is at the top-left corner of the grid.\n26. Replace the cell at the intersection with the value 5.\n27. Replace the cell above the intersection with the value 0.\n28. Replace the cell to the left of the intersection with the value 0.\n29. Replace the cell below the intersection with the value 5.\n30. Replace the cell to the right of the intersection with the value 5.\n31. Repeat steps 27-30 until the intersection is at the top-left corner of the grid.\n32. Replace the cell at the intersection with the value 5.\n33. Replace the cell above the intersection with the value 0.\n34. Replace the cell to the left of the intersection with the value 0.\n35. Replace the cell below the intersection with the value 5.\n36. Replace the cell to the right of the intersection with the value 5.\n37. Repeat steps 33-36 until the intersection is at the top-left corner of the grid.\n38. Replace the cell at the intersection with the value 5.\n39. Replace the cell above the intersection with the value 0.\n40. Replace the cell to the left of the intersection with the value 0.\n41. Replace the cell below the intersection with the value 5.\n42. Replace the cell to the right of the intersection with the value 5.\n43. Repeat steps 39-42 until the intersection is at the top-left corner of the grid.\n44. Replace the cell at the intersection with the value 5.\n45. Replace the cell above the intersection with the value 0.\n46. Replace the cell to the left of the intersection with the value 0.\n47. Replace the cell below the intersection with the value 5.\n48. Replace the cell"
    },
    {
      "instructions": "1. Identify the central row in the INPUT grid.\n2. If the central row contains a single cell with value 0, replace the entire row with the value 5.\n3. If the central row contains a single cell with value 1, replace the entire row with the value 2.\n4. If the central row contains a single cell with value 5, replace the entire row with the value 0.\n5. If the central row contains a single cell with value 2, replace the entire row with the value 1.\n6. If the central row contains multiple cells with values 1 and 2, replace the row with alternating values 1 and 2, starting from the left.\n7. If the central row contains multiple cells with values 5 and 0, replace the row with alternating values 5 and 0, starting from the left.\n8. If the central row contains multiple cells with values 0 and 5, replace the row with alternating values 0 and 5, starting from the left.\n9. Repeat steps 2-8 for each row in the INPUT grid, starting from the bottom and moving up.\n10. Replace all cells in the INPUT grid with value 8, except for the cells in the modified rows."
    },
    {
      "instructions": "1. Identify the middle row and column of the INPUT grid.\n2. Replace the middle cell with the value from the OUTPUT grid at the same position.\n3. For each cell in the INPUT grid, if it is in the top-left quadrant (cells above and to the left of the middle row and column), replace its value with 8.\n4. For each cell in the INPUT grid, if it is in the top-right quadrant (cells above the middle row and to the right of the middle column), replace its value with the value from the OUTPUT grid at the corresponding position.\n5. For each cell in the INPUT grid, if it is in the bottom-left quadrant (cells below the middle row and to the left of the middle column), replace its value with the value from the OUTPUT grid at the corresponding position.\n6. For each cell in the INPUT grid, if it is in the bottom-right quadrant (cells below the middle row and to the right of the middle column), replace its value with the value from the OUTPUT grid at the corresponding position."
    },
    {
      "instructions": "1. Identify the center row of the INPUT grid.\n2. If the center row contains a non-8 value, replace the corresponding row in the OUTPUT grid with the non-8 value.\n3. If the center row contains only 8 values, replace the corresponding row in the OUTPUT grid with the value 8.\n4. If the center row contains a single 0 value, replace the corresponding row in the OUTPUT grid with the value 5.\n5. If the center row contains two 0 values, replace the corresponding row in the OUTPUT grid with the value 0.\n6. If the center row contains two 5 values, replace the corresponding row in the OUTPUT grid with the value 5.\n7. If the center row contains two 1 values, replace the corresponding row in the OUTPUT grid with the value 2.\n8. If the center row contains two 2 values, replace the corresponding row in the OUTPUT grid with the value 1.\n9. If the center row contains two 1 and 2 values, replace the corresponding row in the OUTPUT grid with the value 1 and 2 in the same order as they appear in the INPUT grid.\n10. If the center row contains two 2 and 1 values, replace the corresponding row in the OUTPUT grid with the value 2 and 1 in the same order as they appear in the INPUT grid.\n11. If the center row contains two 1 and 2 values and a 1 value, replace the corresponding row in the OUTPUT grid with the value 1, 2, and 1 in the same order as they appear in the INPUT grid.\n12. If the center row contains two 2 and 1 values and a 2 value, replace the corresponding row in the OUTPUT grid with the value 2, 1, and 2 in the same order as they appear in the INPUT grid.\n13. If the center row contains two 1 values and a 2 value, replace the corresponding row in the OUTPUT grid with the value 1, 2, and 1 in the same order as they appear in the INPUT grid.\n14. If the center row contains two 2 values and a 1 value, replace the corresponding row in the OUTPUT grid with the value 2, 1, and 2 in the same order as they appear in the INPUT grid.\n15. If the center row contains two 1 and 2 values and two 1 values, replace the corresponding row in the OUTPUT grid with the value 1, 2, 1, and 1 in the same order as they appear in the INPUT grid.\n16. If the center row contains two 2 and 1 values and two 2 values, replace the corresponding row in the OUTPUT grid with the value 2, 1, 2, and 2 in the same order as they appear in the INPUT grid.\n17. If the center row contains two 1 values and two 2 values, replace the corresponding row in the OUTPUT grid with the value 1, 2, 2, and 1 in the same order as they appear in the INPUT grid.\n18. If the center row contains two 2 values and two 1 values, replace the corresponding row in the OUTPUT grid with the value 2, 1, 1, and 2 in the same order as they appear in the INPUT grid.\n19. If the center row contains two 1 values and two 2 values and a 1 value, replace the corresponding row in the OUTPUT grid with the value 1, 2, 2, 1, and 1 in the same order as they appear in the INPUT grid.\n20. If the center row contains two 2 values and two 1 values and a 2 value, replace the corresponding row in the OUTPUT grid with the value 2, 1, 1,"
    },
    {
      "instructions": "1. Identify the central row in the INPUT grid.\n2. If the central row contains a non-8 value, replace it with the value 5 in the OUTPUT grid.\n3. If the central row contains the value 0, replace it with the value 0 in the OUTPUT grid.\n4. If the central row contains the value 1, replace it with the value 2 in the OUTPUT grid.\n5. If the central row contains the value 2, replace it with the value 1 in the OUTPUT grid.\n6. If the central row contains the value 5, replace it with the value 5 in the OUTPUT grid.\n7. For each row above the central row, replace the value 5 with the value 0 in the OUTPUT grid.\n8. For each row below the central row, replace the value 5 with the value 0 in the OUTPUT grid.\n9. For each row above the central row, replace the value 2 with the value 1 in the OUTPUT grid.\n10. For each row below the central row, replace the value 2 with the value 1 in the OUTPUT grid.\n11. For each row above the central row, replace the value 1 with the value 2 in the OUTPUT grid.\n12. For each row below the central row, replace the value 1 with the value 2 in the OUTPUT grid.\n13. For each row above the central row, replace the value 0 with the value 5 in the OUTPUT grid.\n14. For each row below the central row, replace the value 0 with the value 5 in the OUTPUT grid.\n15. For each row above the central row, replace the value 8 with the value 8 in the OUTPUT grid.\n16. For each row below the central row, replace the value 8 with the value 8 in the OUTPUT grid."
    },
    {
      "instructions": "1. Identify the middle row of the INPUT grid.\n2. Replace the middle row with a new row where each element is the same as the corresponding element in the row above it, but mirrored horizontally.\n3. Replace the middle column of the INPUT grid with a new column where each element is the same as the corresponding element in the column to its left, but mirrored horizontally.\n4. Replace the element at the intersection of the middle row and middle column with the value 5.\n5. Replace the element at the intersection of the row above the middle row and the column to the right of the middle column with the value 0.\n6. Replace the element at the intersection of the row below the middle row and the column to the left of the middle column with the value 0.\n7. Replace the element at the intersection of the row above the middle row and the column to the left of the middle column with the value 5.\n8. Replace the element at the intersection of the row below the middle row and the column to the right of the middle column with the value 5.\n9. Replace all elements in the INPUT grid that are not part of the middle row or middle column with the value 8."
    },
    {
      "instructions": "1. Identify the center column of the INPUT grid.\n2. Replace the value in the center column with the value in the second row from the top.\n3. Replace the value in the second row from the top with the value in the center column.\n4. Repeat steps 2 and 3 until the center column is empty.\n5. Replace the value in the center column with the value in the second row from the bottom.\n6. Replace the value in the second row from the bottom with the value in the center column.\n7. Repeat steps 5 and 6 until the center column is empty.\n8. Replace the value in the center column with the value in the row directly above the center row.\n9. Replace the value in the row directly above the center row with the value in the center column.\n10. Repeat steps 8 and 9 until the center column is empty.\n11. Replace the value in the center column with the value in the row directly below the center row.\n12. Replace the value in the row directly below the center row with the value in the center column.\n13. Repeat steps 11 and 12 until the center column is empty.\n14. Replace the value in the center column with the value in the row directly above the second row from the top.\n15. Replace the value in the row directly above the second row from the top with the value in the center column.\n16. Repeat steps 14 and 15 until the center column is empty.\n17. Replace the value in the center column with the value in the row directly below the second row from the bottom.\n18. Replace the value in the row directly below the second row from the bottom with the value in the center column.\n19. Repeat steps 17 and 18 until the center column is empty.\n20. Replace the value in the center column with the value in the row directly above the second row from the bottom.\n21. Replace the value in the row directly above the second row from the bottom with the value in the center column.\n22. Repeat steps 20 and 21 until the center column is empty.\n23. Replace the value in the center column with the value in the row directly below the second row from the top.\n24. Replace the value in the row directly below the second row from the top with the value in the center column.\n25. Repeat steps 23 and 24 until the center column is empty.\n26. Replace the value in the center column with the value in the row directly above the center row.\n27. Replace the value in the row directly above the center row with the value in the center column.\n28. Repeat steps 26 and 27 until the center column is empty.\n29. Replace the value in the center column with the value in the row directly below the center row.\n30. Replace the value in the row directly below the center row with the value in the center column.\n31. Repeat steps 29 and 30 until the center column is empty.\n32. Replace the value in the center column with the value in the row directly above the second row from the top.\n33. Replace the value in the row directly above the second row from the top with the value in the center column.\n34. Repeat steps 32 and 33 until the center column is empty.\n35. Replace the value in the center column with the value in the row directly below the second row from the bottom.\n36. Replace the value in the row directly below the second row from the bottom with the value in the center column.\n37. Repeat steps 35 and 36 until the center column is empty.\n38. Replace the value in the center column with the value in the row directly above the second row from the bottom.\n39. Replace the value in the row directly above the second row from the bottom with the value in the center column.\n40. Repeat steps 38 and 39 until the center column"
    },
    {
      "instructions": "1. Identify the center row in the INPUT grid.\n2. Invert the colors of the elements in the center row.\n3. Invert the colors of the elements in the row immediately above the center row.\n4. Invert the colors of the elements in the row immediately below the center row.\n5. Repeat steps 3 and 4 until the top and bottom rows are reached.\n6. The remaining rows remain unchanged."
    },
    {
      "instructions": "1. Identify the center row of the INPUT grid.\n2. If the center row contains a 0, replace it with 5 in the OUTPUT grid.\n3. If the center row contains a 1, replace it with 2 in the OUTPUT grid.\n4. If the center row contains a 2, replace it with 1 in the OUTPUT grid.\n5. If the center row contains a 5, replace it with 0 in the OUTPUT grid.\n6. If the center row contains an 8, leave it unchanged in the OUTPUT grid.\n7. Repeat steps 2-6 for each row in the INPUT grid, moving outward from the center."
    },
    {
      "instructions": "1. Identify the middle row of the INPUT grid.\n2. Replace the middle row with a new row where each element is the same as the corresponding element in the row above it, except for the middle element, which is replaced with the middle element of the row below it.\n3. If the middle row is the first or last row, replace it with a row of zeros.\n4. If the middle element is zero, replace it with the middle element of the row above it.\n5. If the middle element is one, replace it with the middle element of the row below it.\n6. Repeat steps 2-5 until no further changes are made to the grid."
    }
  ]
}