{
  "task_id": "ff805c23",
  "split": "training",
  "candidates": [
    {
      "instructions": "1. Identify the outermost rectangular region of the INPUT grid.\n2. Extract the innermost rectangular region from the identified outermost region.\n3. Replace the extracted innermost region with a solid rectangle of the same dimensions, using the color of the top-left cell of the original innermost region.\n4. Replace the remaining cells outside the extracted innermost region with a solid rectangle of the same dimensions, using the color of the top-left cell of the original outermost region.\n5. The resulting grid is the OUTPUT."
    },
    {
      "instructions": "1. Identify the topmost row in the INPUT grid that contains the value 8.\n2. Replace all values in the identified row with 6.\n3. Remove all rows from the INPUT grid that do not contain the value 8.\n4. Repeat steps 1-3 for each column in the INPUT grid.\n5. The resulting grid is the OUTPUT grid."
    },
    {
      "instructions": "1. Identify the outermost rectangle that completely encloses the input grid.\n2. Extract the inner rectangle that is 5 units wide and centered within the outermost rectangle.\n3. Replace all values within the inner rectangle with the value 6.\n4. Remove all values outside the inner rectangle.\n5. If the resulting grid is not a square, resize it to the nearest square size by padding with the value 6."
    },
    {
      "instructions": "<empty; error=request error: >"
    },
    {
      "instructions": "1. Identify the outermost rectangular region of the INPUT grid.\n2. Extract the innermost rectangular region from the center of the outermost region.\n3. Replace the innermost region with a solid rectangle of the same height and width, filled with the color 6 (or 5 in Pair 2).\n4. Remove all other elements from the INPUT grid."
    },
    {
      "instructions": "1. Identify the outermost rectangular region of the INPUT grid.\n2. Extract the inner rectangular region of the same size as the OUTPUT grid from the center of the INPUT grid.\n3. Replace the extracted region with the OUTPUT grid.\n4. Fill the remaining area of the INPUT grid with the color of the outermost rectangular region."
    },
    {
      "instructions": "<empty; error=request error: >"
    },
    {
      "instructions": "<empty; error=request error: >"
    },
    {
      "instructions": "<empty; error=request error: >"
    },
    {
      "instructions": "1. Identify the topmost row in the INPUT grid that contains the value 3.\n2. Replace all values in this row with 6.\n3. Remove all rows from the INPUT grid that do not contain the value 3.\n4. If the resulting grid is empty, return a grid of all zeros with the same dimensions as the original INPUT grid.\n5. Otherwise, return the resulting grid."
    }
  ]
}