{
  "task_id": "fc4aaf52",
  "candidate_id": "7",
  "candidate_index": 7,
  "instr_json": "/content/gdrive/MyDrive/full_arc_runs/run1/outputs/training/fc4aaf52.json",
  "out_py": "/content/gdrive/MyDrive/full_arc_runs/run1/debug_multi/fc4aaf52_allc_out/fc4aaf52.cand_7.transform.nl.py",
  "status": "ok",
  "latency_s": 12.225,
  "llm": {
    "latency_s": 12.225,
    "status_code": 200,
    "usage": {
      "prompt_tokens": 1245,
      "total_tokens": 1783,
      "completion_tokens": 538
    }
  },
  "prompt_bytes": {
    "system": 3470,
    "user": 690,
    "n_instructions": 6,
    "shots": 0
  },
  "generated_code": "from dsl_primitives import *\n\ndef transform(grid: List[List[int]]) -> List[List[int]]:\n    center_row = dsl_iter_coords(grid).filter(lambda x: dsl_get_cell(grid, x[0], x[1]) == dsl_shape(grid)[1] // 2).next()[0]\n    mask = dsl_mask_eq(grid, dsl_get_cell(grid, center_row, dsl_shape(grid)[1] // 2))\n    grid = dsl_paint_row(grid, center_row, dsl_clamp(255 - dsl_get_cell(grid, center_row, dsl_shape(grid)[1] // 2)))\n    grid = dsl_paint_row(grid, center_row - 1, dsl_clamp(255 - dsl_get_cell(grid, center_row - 1, dsl_shape(grid)[1] // 2)))\n    grid = dsl_paint_row(grid, center_row + 1, dsl_clamp(255 - dsl_get_cell(grid, center_row + 1, dsl_shape(grid)[1] // 2)))\n    while True:\n        new_mask = dsl_mask_eq(grid, dsl_clamp(255 - dsl_get_cell(grid, center_row - 1, dsl_shape(grid)[1] // 2)))\n        if not dsl_iter_coords(new_mask).any():\n            break\n        center_row -= 1\n        mask = new_mask\n        grid = dsl_paint_row(grid, center_row, dsl_clamp(255 - dsl_get_cell(grid, center_row, dsl_shape(grid)[1] // 2)))\n        grid = dsl_paint_row(grid, center_row - 1, dsl_clamp(255 - dsl_get_cell(grid, center_row - 1, dsl_shape(grid)[1] // 2)))\n    while True:\n        new_mask = dsl_mask_eq(grid, dsl_clamp(255 - dsl_get_cell(grid, center_row + 1, dsl_shape(grid)[1] // 2)))\n        if not dsl_iter_coords(new_mask).any():\n            break\n        center_row += 1\n        mask = new_mask\n        grid = dsl_paint_row(grid, center_row, dsl_clamp(255 - dsl_get_cell(grid, center_row, dsl_shape(grid)[1] // 2)))\n        grid = dsl_paint_row(grid, center_row + 1, dsl_clamp(255 - dsl_get_cell(grid, center_row + 1, dsl_shape(grid)[1] // 2)))\n    return grid"
}