{
  "task_id": "fc4aaf52",
  "candidate_id": "8",
  "candidate_index": 8,
  "instr_json": "/content/gdrive/MyDrive/full_arc_runs/run1/outputs/training/fc4aaf52.json",
  "out_py": "/content/gdrive/MyDrive/full_arc_runs/run1/debug_multi/fc4aaf52_allc_out/fc4aaf52.cand_8.transform.nl.py",
  "status": "ok",
  "latency_s": 7.085,
  "llm": {
    "latency_s": 7.085,
    "status_code": 200,
    "usage": {
      "prompt_tokens": 1293,
      "total_tokens": 1536,
      "completion_tokens": 243
    }
  },
  "prompt_bytes": {
    "system": 3470,
    "user": 823,
    "n_instructions": 7,
    "shots": 0
  },
  "generated_code": "from dsl_primitives import *\n\ndef transform(grid: List[List[int]]) -> List[List[int]]:\n    def transform_row(row: List[int]) -> List[int]:\n        center = dsl_get_cell(row, dsl_shape(row)[0] // 2)\n        if center == 0:\n            return dsl_paint_row(dsl_clone(row), dsl_shape(row)[0] // 2, 5)\n        elif center == 1:\n            return dsl_paint_row(dsl_clone(row), dsl_shape(row)[0] // 2, 2)\n        elif center == 2:\n            return dsl_paint_row(dsl_clone(row), dsl_shape(row)[0] // 2, 1)\n        elif center == 5:\n            return dsl_paint_row(dsl_clone(row), dsl_shape(row)[0] // 2, 0)\n        else:\n            return dsl_paint_row(dsl_clone(row), dsl_shape(row)[0] // 2, center)\n\n    return dsl_iter(dsl_iter_coords(grid), lambda r, c: dsl_set_cell(transform_row(dsl_get_row(grid, r)), r, c))"
}