{
  "task_id": "fc4aaf52",
  "candidate_id": "0",
  "candidate_index": 0,
  "instr_json": "/content/gdrive/MyDrive/full_arc_runs/run1/outputs/training/fc4aaf52.json",
  "out_py": "/content/gdrive/MyDrive/full_arc_runs/run1/debug_multi/fc4aaf52_allc_out/fc4aaf52.cand_0.transform.nl.py",
  "status": "invalid_code",
  "latency_s": 22.762,
  "llm": {
    "latency_s": 22.762,
    "status_code": 200,
    "usage": {
      "prompt_tokens": 1915,
      "total_tokens": 2815,
      "completion_tokens": 900
    }
  },
  "prompt_bytes": {
    "system": 3470,
    "user": 3622,
    "n_instructions": 48,
    "shots": 0
  },
  "generated_code": "from dsl_primitives import *\n\ndef transform(grid: List[List[int]]) -> List[List[int]]:\n    def shift_row_up(row: List[int]) -> List[int]:\n        return [0] + row[:-1]\n\n    def shift_row_left(row: List[int]) -> List[int]:\n        return row[1:] + [0]\n\n    def shift_col_up(col: List[int]) -> List[int]:\n        return [0] + col[:-1]\n\n    def shift_col_right(col: List[int]) -> List[int]:\n        return col[1:] + [0]\n\n    def shift_cell_up(cell: int) -> int:\n        return 0\n\n    def shift_cell_left(cell: int) -> int:\n        return 0\n\n    def replace_cell(grid: List[List[int]], r: int, c: int, val: int) -> List[List[int]]:\n        return dsl_paint_cell(grid, r, c, val)\n\n    def replace_row(grid: List[List[int]], r: int, row: List[int]) -> List[List[int]]:\n        return dsl_copy_row(grid, r, r)\n\n    def replace_col(grid: List[List[int]], c: int, col: List[int]) -> List[List[int]]:\n        return dsl_copy_col(grid, c, c)\n\n    def replace_middle_row(grid: List[List[int]]) -> List[List[int]]:\n        r = dsl_shape(grid)[0] // 2\n        row = dsl_get_row(grid, r)\n        return replace_row(grid, r, shift_row_up(row))\n\n    def replace_middle_col(grid: List[List[int]]) -> List[List[int]]:\n        c = dsl_shape(grid)[1] // 2\n        col = dsl_get_col(grid, c)\n        return replace_col(grid, c, shift_col_right(col))\n\n    def replace_middle_cell(grid: List[List[int]]) -> List[List[int]]:\n        r = dsl_shape(grid)[0] // 2\n        c = dsl_shape(grid)[1] // 2\n        return replace_cell(grid, r, c, 5)\n\n    def replace_above_cell(grid: List[List[int]]) -> List[List[int]]:\n        r = dsl_shape(grid)[0] // 2 - 1\n        c = dsl_shape(grid)[1] // 2\n        return replace_cell(grid, r, c, 0)\n\n    def replace_left_cell(grid: List[List[int]]) -> List[List[int]]:\n        r = dsl_shape(grid)[0] // 2\n        c = dsl_shape(grid)[1] // 2 - 1\n        return replace_cell(grid, r, c, 0)\n\n    def replace_below_cell(grid: List[List[int]]) -> List[List[int]]:\n        r = dsl_shape(grid)[0] // 2 + 1\n        c = dsl_shape(grid)[1] // 2\n        return replace_cell(grid, r, c, 0)\n\n    def replace_right_cell(grid: List[List[int]]) -> List[List[int]]:\n        r = dsl_shape(grid)[0] // 2\n        c = dsl_shape(grid)[1] // 2 + 1\n        return replace_cell(grid, r, c, 5)\n\n    grid = replace_middle_row(grid)\n    while not dsl_in_bounds(grid, dsl_shape(grid)[0] // 2, 0):\n        grid = replace_middle_row(grid)\n        grid = replace_middle_col(grid)\n    while not dsl_in_bounds(grid, 0, dsl_shape(grid)[1] // 2):\n        grid = replace_middle_col(grid)\n        grid = replace_middle_row(grid)\n    while not dsl_in_bounds(grid, 0, 0):\n        grid = replace_middle_col(grid)\n        grid = replace_middle_row(grid)\n    while not dsl_in_bounds(grid, 0, 0):\n        grid = replace_middle_col(grid)\n        grid = replace_middle_row(grid)\n    while not dsl_in_bounds(grid, 0, 0):\n        grid = replace_middle_col(grid)\n        grid = replace_middle_row(grid)\n    while not dsl_in_bounds(grid, 0, 0):\n        grid = replace_middle_col(grid)\n        grid = replace_middle_row(grid)\n    while not dsl_in_bounds(grid, 0, 0):\n        grid = replace_middle_col(grid",
  "error": "SyntaxError: '(' was never closed (<unknown>, line 86)"
}