{
  "task_id": "fc4aaf52",
  "candidate_id": "3",
  "candidate_index": 3,
  "instr_json": "/content/gdrive/MyDrive/full_arc_runs/run1/outputs/training/fc4aaf52.json",
  "out_py": "/content/gdrive/MyDrive/full_arc_runs/run1/debug_multi/fc4aaf52_allc_out/fc4aaf52.cand_3.transform.nl.py",
  "status": "ok",
  "latency_s": 12.194,
  "llm": {
    "latency_s": 12.194,
    "status_code": 200,
    "usage": {
      "prompt_tokens": 1545,
      "total_tokens": 2081,
      "completion_tokens": 536
    }
  },
  "prompt_bytes": {
    "system": 3470,
    "user": 1971,
    "n_instructions": 14,
    "shots": 0
  },
  "generated_code": "from dsl_primitives import *\n\ndef transform(grid: List[List[int]]) -> List[List[int]]:\n    def process_row(row: List[int]) -> List[int]:\n        center = len(row) // 2\n        if dsl_mask_eq(row, 8)[center]:\n            return dsl_paint_row(dsl_zeros_like(grid, 8), center, 8)\n        elif dsl_mask_eq(row, 0)[center]:\n            if sum(1 for x in row if x == 0) == 1:\n                return dsl_paint_row(dsl_zeros_like(grid, 8), center, 5)\n            elif sum(1 for x in row if x == 0) == 2:\n                return dsl_paint_row(dsl_zeros_like(grid, 8), center, [0, 5])\n            elif sum(1 for x in row if x == 0) == 3:\n                return dsl_paint_row(dsl_zeros_like(grid, 8), center, [0, 5, 0])\n        elif dsl_mask_eq(row, 1)[center]:\n            if sum(1 for x in row if x == 1) == 1:\n                return dsl_paint_row(dsl_zeros_like(grid, 8), center, 2)\n            elif sum(1 for x in row if x == 1) == 2:\n                return dsl_paint_row(dsl_zeros_like(grid, 8), center, [1, 2])\n            elif sum(1 for x in row if x == 1) == 3:\n                return dsl_paint_row(dsl_zeros_like(grid, 8), center, [1, 2, 1])\n        elif dsl_mask_eq(row, 5)[center]:\n            if sum(1 for x in row if x == 5) == 1:\n                return dsl_paint_row(dsl_zeros_like(grid, 8), center, 0)\n            elif sum(1 for x in row if x == 5) == 2:\n                return dsl_paint_row(dsl_zeros_like(grid, 8), center, [0, 5])\n            elif sum(1 for x in row if x == 5) == 3:\n                return dsl_paint_row(dsl_zeros_like(grid, 8), center, [0, 5, 0])\n        else:\n            return dsl_paint_row(dsl_zeros_like(grid, 8), center, dsl_get_cell(grid, center, center))\n    return [process_row(row) for row in grid]"
}