{
  "task_id": "fc4aaf52",
  "candidate_id": "1",
  "candidate_index": 1,
  "instr_json": "/content/gdrive/MyDrive/full_arc_runs/run1/outputs/training/fc4aaf52.json",
  "out_py": "/content/gdrive/MyDrive/full_arc_runs/run1/debug_multi/fc4aaf52_allc_out/fc4aaf52.cand_1.transform.nl.py",
  "status": "invalid_code",
  "latency_s": 22.762,
  "llm": {
    "latency_s": 22.762,
    "status_code": 200,
    "usage": {
      "prompt_tokens": 1412,
      "total_tokens": 2312,
      "completion_tokens": 900
    }
  },
  "prompt_bytes": {
    "system": 3470,
    "user": 1366,
    "n_instructions": 10,
    "shots": 0
  },
  "generated_code": "from dsl_primitives import *\n\ndef transform(grid: List[List[int]]) -> List[List[int]]:\n    for r in reversed(dsl_iter_coords(grid)):\n        mask = dsl_mask_eq(grid, 8)\n        if dsl_bbox_of_mask(mask) is not None:\n            mask = dsl_paint_row(mask, r, 0)\n        if dsl_bbox_of_mask(mask) is not None:\n            central_val = dsl_get_cell(grid, r, dsl_shape(mask)[1] // 2)\n            if central_val == 0:\n                grid = dsl_paint_row(grid, r, 5)\n            elif central_val == 1:\n                grid = dsl_paint_row(grid, r, 2)\n            elif central_val == 5:\n                grid = dsl_paint_row(grid, r, 0)\n            elif central_val == 2:\n                grid = dsl_paint_row(grid, r, 1)\n            elif central_val == 5 and dsl_get_cell(grid, r, dsl_shape(mask)[1] // 2 - 1) == 0:\n                grid = dsl_paint_row(grid, r, 5)\n                for c in dsl_iter_coords(mask):\n                    if c[1] % 2 == 0:\n                        grid = dsl_paint_cell(grid, r, c[1], 5)\n                    else:\n                        grid = dsl_paint_cell(grid, r, c[1], 0)\n            elif central_val == 0 and dsl_get_cell(grid, r, dsl_shape(mask)[1] // 2 - 1) == 5:\n                grid = dsl_paint_row(grid, r, 0)\n                for c in dsl_iter_coords(mask):\n                    if c[1] % 2 == 0:\n                        grid = dsl_paint_cell(grid, r, c[1], 0)\n                    else:\n                        grid = dsl_paint_cell(grid, r, c[1], 5)\n            elif central_val == 2 and dsl_get_cell(grid, r, dsl_shape(mask)[1] // 2 - 1) == 1:\n                grid = dsl_paint_row(grid, r, 1)\n                for c in dsl_iter_coords(mask):\n                    if c[1] % 2 == 0:\n                        grid = dsl_paint_cell(grid, r, c[1], 1)\n                    else:\n                        grid = dsl_paint_cell(grid, r, c[1], 2)\n            elif central_val == 1 and dsl_get_cell(grid, r, dsl_shape(mask)[1] // 2 - 1) == 2:\n                grid = dsl_paint_row(grid, r, 2)\n                for c in dsl_iter_coords(mask):\n                    if c[1] % 2 == 0:\n                        grid = dsl_paint_cell(grid, r, c[1], 2)\n                    else:\n                        grid = dsl_paint_cell(grid, r, c[1], 1)\n            elif central_val == 5 and dsl_get_cell(grid, r, dsl_shape(mask)[1] // 2 - 1) == 0:\n                grid = dsl_paint_row(grid, r, 5)\n                for c in dsl_iter_coords(mask):\n                    if c[1] % 2 == 0:\n                        grid = dsl_paint_cell(grid, r, c[1], 5)\n                    else:\n                        grid = dsl_paint_cell(grid, r, c[1], 0)\n            elif central_val == 0 and dsl_get_cell(grid, r, dsl_shape(mask)[1] // 2 - 1) == 5:\n                grid = dsl_paint_row(grid, r, 0)\n                for c in dsl_iter_coords(mask):\n                    if c[1] % 2 == 0:\n                        grid = dsl_paint_cell(grid, r, c[1], 0)\n                    else:\n                        grid = dsl_paint_cell(grid, r, c[1], 5)\n            elif central_val == 2 and dsl_get_cell(grid, r, dsl_shape(mask)[1] // 2 - 1) == 1:\n                grid = dsl_paint_row(grid, r,",
  "error": "SyntaxError: '(' was never closed (<unknown>, line 61)"
}