{
  "task_id": "fc4aaf52",
  "candidate_key": "5",
  "candidate_path": "/content/gdrive/MyDrive/full_arc_runs/run1/debug_multi/fc4aaf52_allc_out/fc4aaf52.cand_5.transform.nl.py",
  "exact_total": 0,
  "exact_rate": 0.0,
  "mean_per_cell_acc": 0.0,
  "elapsed_sec": 0.209,
  "pairs": [
    {
      "pair": 0,
      "status": "error",
      "error": "AttributeError: 'generator' object has no attribute 'map'"
    },
    {
      "pair": 1,
      "status": "error",
      "error": "AttributeError: 'generator' object has no attribute 'map'"
    }
  ]
}