{
  "task_id": "fc4aaf52",
  "candidate_id": "2",
  "candidate_index": 2,
  "instr_json": "/content/gdrive/MyDrive/full_arc_runs/run1/outputs/training/fc4aaf52.json",
  "out_py": "/content/gdrive/MyDrive/full_arc_runs/run1/debug_multi/fc4aaf52_allc_out/fc4aaf52.cand_2.transform.nl.py",
  "status": "ok",
  "latency_s": 5.563,
  "llm": {
    "latency_s": 5.563,
    "status_code": 200,
    "usage": {
      "prompt_tokens": 1300,
      "total_tokens": 1464,
      "completion_tokens": 164
    }
  },
  "prompt_bytes": {
    "system": 3470,
    "user": 976,
    "n_instructions": 6,
    "shots": 0
  },
  "generated_code": "from dsl_primitives import *\n\ndef transform(grid: List[List[int]]) -> List[List[int]]:\n    output = dsl_clone(grid)\n    middle_row, middle_col = dsl_iter_coords(output)\n    dsl_set_cell(output, middle_row, middle_col, dsl_get_cell(grid, middle_row, middle_col))\n    while True:\n        updated = False\n        for r, c in dsl_iter_coords(output):\n            if dsl_in_bounds(grid, r, c) and dsl_in_bounds(output, r, c):\n                if dsl_get_cell(output, r, c) == 0:\n                    updated = True\n                    dsl_set_cell(output, r, c, dsl_get_cell(grid, r, c))\n        if not updated:\n            break\n    return output"
}