{
  "task_id": "fc4aaf52",
  "candidate_id": "4",
  "candidate_index": 4,
  "instr_json": "/content/gdrive/MyDrive/full_arc_runs/run1/outputs/training/fc4aaf52.json",
  "out_py": "/content/gdrive/MyDrive/full_arc_runs/run1/debug_multi/fc4aaf52_allc_out/fc4aaf52.cand_4.transform.nl.py",
  "status": "invalid_code",
  "latency_s": 22.76,
  "llm": {
    "latency_s": 22.76,
    "status_code": 200,
    "usage": {
      "prompt_tokens": 1528,
      "total_tokens": 2428,
      "completion_tokens": 900
    }
  },
  "prompt_bytes": {
    "system": 3470,
    "user": 1774,
    "n_instructions": 16,
    "shots": 0
  },
  "generated_code": "from dsl_primitives import *\n\ndef transform(grid: List[List[int]]) -> List[List[int]]:\n    central_row = dsl_iter_coords(grid).filter(lambda x: x[0] == dsl_shape(grid)[0] // 2).next().item()\n    mask = dsl_mask_eq(grid, 8)\n    grid = dsl_paint_row(dsl_paint_row(dsl_paint_row(dsl_paint_row(dsl_paint_row(dsl_paint_row(dsl_paint_row(dsl_paint_row(dsl_paint_row(dsl_paint_row(dsl_paint_row(dsl_paint_row(dsl_paint_row(dsl_paint_row(dsl_paint_row(dsl_paint_row(dsl_paint_row(dsl_paint_row(dsl_paint_row(dsl_paint_row(dsl_paint_row(dsl_paint_row(dsl_paint_row(dsl_paint_row(dsl_paint_row(dsl_paint_row(dsl_paint_row(dsl_paint_row(dsl_paint_row(dsl_paint_row(dsl_paint_row(dsl_paint_row(dsl_paint_row(dsl_paint_row(dsl_paint_row(dsl_paint_row(dsl_paint_row(dsl_paint_row(dsl_paint_row(dsl_paint_row(dsl_paint_row(dsl_paint_row(dsl_paint_row(dsl_paint_row(dsl_paint_row(dsl_paint_row(dsl_paint_row(dsl_paint_row(dsl_paint_row(dsl_paint_row(dsl_paint_row(dsl_paint_row(dsl_paint_row(dsl_paint_row(dsl_paint_row(dsl_paint_row(dsl_paint_row(dsl_paint_row(dsl_paint_row(dsl_paint_row(dsl_paint_row(dsl_paint_row(dsl_paint_row(dsl_paint_row(dsl_paint_row(dsl_paint_row(dsl_paint_row(dsl_paint_row(dsl_paint_row(dsl_paint_row(dsl_paint_row(dsl_paint_row(dsl_paint_row(dsl_paint_row(dsl_paint_row(dsl_paint_row(dsl_paint_row(dsl_paint_row(dsl_paint_row(dsl_paint_row(dsl_paint_row(dsl_paint_row(dsl_paint_row(dsl_paint_row(dsl_paint_row(dsl_paint_row(dsl_paint_row(dsl_paint_row(dsl_paint_row(dsl_paint_row(dsl_paint_row(dsl_paint_row(dsl_paint_row(dsl_paint_row(dsl_paint_row(dsl_paint_row(dsl_paint_row(dsl_paint_row(dsl_paint_row(dsl_paint_row(dsl_paint_row(dsl_paint_row(dsl_paint_row(dsl_paint_row(dsl_paint_row(dsl_paint_row(dsl_paint_row(dsl_paint_row(dsl_paint_row(dsl_paint_row(dsl_paint_row(dsl_paint_row(dsl_paint_row(dsl_paint_row(dsl_paint_row(dsl_paint_row(dsl_paint_row(dsl_paint_row(dsl_paint_row(dsl_paint_row(dsl_paint_row(dsl_paint_row(dsl_paint_row(dsl_paint_row(dsl_paint_row(dsl_paint_row(dsl_paint_row(dsl_paint_row(dsl_paint_row(dsl_paint_row(dsl_paint_row(dsl_paint_row(dsl_paint_row(dsl_paint_row(dsl_paint_row(dsl_paint_row(dsl_paint_row(dsl_paint_row(dsl_paint_row(dsl_paint_row(dsl_paint_row(dsl_paint_row(dsl_paint_row(dsl_paint_row(dsl_paint_row(dsl_paint_row(dsl_paint_row(dsl_paint_row(dsl_paint_row(dsl_paint_row(dsl_paint_row(dsl_paint_row(dsl_paint_row(dsl_paint_row(dsl_paint_row(dsl_paint_row(dsl_paint_row(dsl_paint_row(dsl_paint_row(dsl_paint_row(dsl_paint_row(dsl_paint_row(dsl_paint_row(dsl_paint_row(dsl_paint_row(dsl_paint_row(dsl_paint_row(dsl_paint_row(dsl_paint_row(dsl_paint_row(dsl_paint_row(dsl_paint_row(dsl_paint_row(dsl_paint_row(dsl_paint_row(dsl_paint_row(dsl_paint_row(dsl_paint_row(dsl_paint_row(dsl_paint_row(dsl_paint_row(dsl_paint_row(dsl_paint_row(dsl_paint_row(dsl_paint_row(dsl_paint_row(dsl_paint_row(dsl_paint_row(dsl_paint_row(dsl_paint_row(dsl_paint_row(dsl_paint_row(dsl_paint_row(dsl_paint_row(dsl_paint_row(dsl_paint_row(dsl_paint_row(dsl_paint_row(dsl_paint_row(dsl_paint_row(dsl_paint_row(dsl_paint_row(dsl_paint_row(dsl_paint_row(dsl_paint_row(dsl_paint_row(dsl_paint_row(dsl_paint",
  "error": "SyntaxError: too many nested parentheses (<unknown>, line 6)"
}