{
  "task_id": "fc4aaf52",
  "candidate_id": "5",
  "candidate_index": 5,
  "instr_json": "/content/gdrive/MyDrive/full_arc_runs/run1/outputs/training/fc4aaf52.json",
  "out_py": "/content/gdrive/MyDrive/full_arc_runs/run1/debug_multi/fc4aaf52_allc_out/fc4aaf52.cand_5.transform.nl.py",
  "status": "ok",
  "latency_s": 5.644,
  "llm": {
    "latency_s": 5.644,
    "status_code": 200,
    "usage": {
      "prompt_tokens": 1248,
      "total_tokens": 1416,
      "completion_tokens": 168
    }
  },
  "prompt_bytes": {
    "system": 3470,
    "user": 715,
    "n_instructions": 4,
    "shots": 0
  },
  "generated_code": "from dsl_primitives import *\n\ndef transform(grid: List[List[int]]) -> List[List[int]]:\n    target_row = dsl_iter_coords(grid).map(lambda x: x[0]).median()\n    for r in dsl_iter_coords(grid):\n        if r[0] == target_row:\n            new_row = dsl_zeros_like(grid)\n            new_row[0] = dsl_get_cell(grid, r[0], r[1])\n            grid = dsl_paint_row(grid, r[0], new_row)\n            grid = dsl_paint_row(grid, r[0] - 1, dsl_get_cell(grid, r[0] - 1, r[1]))\n        else:\n            grid = dsl_paint_row(grid, r[0], dsl_zeros_like(grid))\n    return grid"
}