{
  "task_id": "fc4aaf52",
  "candidate_id": "6",
  "candidate_index": 6,
  "instr_json": "/content/gdrive/MyDrive/full_arc_runs/run1/outputs/training/fc4aaf52.json",
  "out_py": "/content/gdrive/MyDrive/full_arc_runs/run1/debug_multi/fc4aaf52_allc_out/fc4aaf52.cand_6.transform.nl.py",
  "status": "ok",
  "latency_s": 4.699,
  "llm": {
    "latency_s": 4.699,
    "status_code": 200,
    "usage": {
      "prompt_tokens": 1919,
      "total_tokens": 2043,
      "completion_tokens": 124
    }
  },
  "prompt_bytes": {
    "system": 3470,
    "user": 3673,
    "n_instructions": 44,
    "shots": 0
  },
  "generated_code": "from dsl_primitives import *\n\ndef transform(grid: List[List[int]]) -> List[List[int]]:\n    for _ in range(40):\n        center_col = dsl_paint_col(grid, dsl_shape(grid)[1] // 2, 0)\n        second_row = dsl_paint_row(grid, 1, 0)\n        grid = dsl_paint_row(grid, 1, dsl_get_cell(center_col, 0))\n        grid = dsl_paint_col(grid, dsl_shape(grid)[1] // 2, dsl_get_cell(second_row, 0))\n    return grid"
}