{
  "task_id": "fc4aaf52",
  "candidate_id": "9",
  "candidate_index": 9,
  "instr_json": "/content/gdrive/MyDrive/full_arc_runs/run1/outputs/training/fc4aaf52.json",
  "out_py": "/content/gdrive/MyDrive/full_arc_runs/run1/debug_multi/fc4aaf52_allc_out/fc4aaf52.cand_9.transform.nl.py",
  "status": "ok",
  "latency_s": 15.467,
  "llm": {
    "latency_s": 15.467,
    "status_code": 200,
    "usage": {
      "prompt_tokens": 1368,
      "total_tokens": 1987,
      "completion_tokens": 619
    }
  },
  "prompt_bytes": {
    "system": 3470,
    "user": 1278,
    "n_instructions": 9,
    "shots": 0
  },
  "generated_code": "from dsl_primitives import *\n\ndef transform(grid: List[List[int]]) -> List[List[int]]:\n    output = dsl_clone(grid)\n    for r in dsl_iter_coords(grid):\n        middle_row = dsl_mask_eq(grid, dsl_get_cell(grid, r[0], dsl_shape(grid)[1] // 2))\n        if dsl_bbox_of_mask(middle_row):\n            middle_row = dsl_zeros_like(middle_row)\n            above_row = dsl_zeros_like(dsl_component_mask(grid, r[0], dsl_shape(grid)[1] // 2 - 1))\n            below_row = dsl_zeros_like(dsl_component_mask(grid, r[0], dsl_shape(grid)[1] // 2 + 1))\n            middle_row = dsl_paint_row(middle_row, r[0], dsl_get_cell(output, r[0], dsl_shape(grid)[1] // 2))\n            middle_row = dsl_paint_col(middle_row, dsl_shape(grid)[1] // 2, dsl_get_cell(output, r[0], dsl_shape(grid)[1] // 2 - 2))\n            middle_row = dsl_paint_col(middle_row, dsl_shape(grid)[1] // 2, dsl_get_cell(output, r[0], dsl_shape(grid)[1] // 2 + 2))\n            for c in dsl_iter_coords(grid):\n                if dsl_bbox_of_mask(middle_row) and dsl_bbox_of_mask(above_row) and dsl_bbox_of_mask(below_row):\n                    if c[1] == dsl_shape(grid)[1] // 2:\n                        middle_row = dsl_paint_col(middle_row, c[1], dsl_get_cell(output, r[0], c[1]))\n                    elif c[1] < dsl_shape(grid)[1] // 2:\n                        middle_row = dsl_paint_col(middle_row, c[1], dsl_get_cell(output, r[0], c[1] - 2))\n                    else:\n                        middle_row = dsl_paint_col(middle_row, c[1], dsl_get_cell(output, r[0], c[1] + 2))\n            grid = dsl_paint_row(grid, r[0], dsl_get_cell(middle_row, r[0], dsl_shape(grid)[1] // 2))\n            grid = dsl_paint_row(grid, r[0], dsl_get_cell(above_row, r[0], dsl_shape(grid)[1] // 2 - 1))\n            grid = dsl_paint_row(grid, r[0], dsl_get_cell(below_row, r[0], dsl_shape(grid)[1] // 2 + 1))\n            grid = dsl_paint_row(grid, r[0], dsl_get_cell(middle_row, r[0], dsl_shape(grid)[1] // 2))\n    return grid"
}