{
  "task_id": "fc4aaf52",
  "candidate_key": "8",
  "candidate_path": "/content/gdrive/MyDrive/full_arc_runs/run1/debug_multi/fc4aaf52_allc_out/fc4aaf52.cand_8.transform.nl.py",
  "exact_total": 0,
  "exact_rate": 0.0,
  "mean_per_cell_acc": 0.0,
  "elapsed_sec": 0.204,
  "pairs": [
    {
      "pair": 0,
      "status": "error",
      "error": "NameError: name 'dsl_iter' is not defined"
    },
    {
      "pair": 1,
      "status": "error",
      "error": "NameError: name 'dsl_iter' is not defined"
    }
  ]
}