{
  "task_id": "fc4aaf52",
  "candidate_key": "6",
  "candidate_path": "/content/gdrive/MyDrive/full_arc_runs/run1/debug_multi/fc4aaf52_allc_out/fc4aaf52.cand_6.transform.nl.py",
  "exact_total": 0,
  "exact_rate": 0.0,
  "mean_per_cell_acc": 0.0,
  "elapsed_sec": 0.203,
  "pairs": [
    {
      "pair": 0,
      "status": "error",
      "error": "TypeError: dsl_get_cell() missing 1 required positional argument: 'c'"
    },
    {
      "pair": 1,
      "status": "error",
      "error": "TypeError: dsl_get_cell() missing 1 required positional argument: 'c'"
    }
  ]
}