{
  "task_id": "f3b10344",
  "candidate_key": "4",
  "candidate_path": "/content/gdrive/MyDrive/full_arc_runs/run1/debug_multi/f3b10344_allc_out/f3b10344.cand_4.transform.nl.py",
  "exact_total": 0,
  "exact_rate": 0.0,
  "mean_per_cell_acc": 0.08377777777777778,
  "elapsed_sec": 0.315,
  "pairs": [
    {
      "pair": 0,
      "status": "ok",
      "exact": false,
      "per_cell_acc": 0.087778
    },
    {
      "pair": 1,
      "status": "ok",
      "exact": false,
      "per_cell_acc": 0.088889
    },
    {
      "pair": 2,
      "status": "ok",
      "exact": false,
      "per_cell_acc": 0.074667
    }
  ]
}