{
  "task_id": "f3b10344",
  "candidate_id": "5",
  "candidate_index": 5,
  "instr_json": "/content/gdrive/MyDrive/full_arc_runs/run1/outputs/training/f3b10344.json",
  "out_py": "/content/gdrive/MyDrive/full_arc_runs/run1/debug_multi/f3b10344_allc_out/f3b10344.cand_5.transform.nl.py",
  "status": "ok",
  "latency_s": 2.052,
  "llm": {
    "latency_s": 2.052,
    "status_code": 200,
    "usage": {
      "prompt_tokens": 1962,
      "total_tokens": 2001,
      "completion_tokens": 39
    }
  },
  "prompt_bytes": {
    "system": 3470,
    "user": 1123,
    "n_instructions": 1,
    "shots": 0
  },
  "generated_code": "from dsl_primitives import *\n\ndef transform(grid: List[List[int]]) -> List[List[int]]:\n    grid = dsl_replace_color(grid, 0, 8)\n    return grid"
}