{
  "task_id": "f3b10344",
  "candidate_id": "0",
  "candidate_index": 0,
  "instr_json": "/content/gdrive/MyDrive/full_arc_runs/run1/outputs/training/f3b10344.json",
  "out_py": "/content/gdrive/MyDrive/full_arc_runs/run1/debug_multi/f3b10344_allc_out/f3b10344.cand_0.transform.nl.py",
  "status": "invalid_code",
  "latency_s": 17.377,
  "llm": {
    "latency_s": 17.377,
    "status_code": 200,
    "usage": {
      "prompt_tokens": 1962,
      "total_tokens": 2862,
      "completion_tokens": 900
    }
  },
  "prompt_bytes": {
    "system": 3470,
    "user": 1123,
    "n_instructions": 1,
    "shots": 0
  },
  "generated_code": "from dsl_primitives import *\n\ndef transform(grid: List[List[int]]) -> List[List[int]]:\n    grid = dsl_paint_row(grid, 0, 0)\n    grid = dsl_paint_row(grid, 1, 0)\n    grid = dsl_paint_row(grid, 2, 0)\n    grid = dsl_paint_row(grid, 3, 0)\n    grid = dsl_paint_row(grid, 4, 0)\n    grid = dsl_paint_row(grid, 5, 0)\n    grid = dsl_paint_row(grid, 6, 0)\n    grid = dsl_paint_row(grid, 7, 0)\n    grid = dsl_paint_row(grid, 8, 0)\n    grid = dsl_paint_row(grid, 9, 0)\n    grid = dsl_paint_row(grid, 10, 0)\n    grid = dsl_paint_row(grid, 11, 0)\n    grid = dsl_paint_row(grid, 12, 0)\n    grid = dsl_paint_row(grid, 13, 0)\n    grid = dsl_paint_row(grid, 14, 0)\n    grid = dsl_paint_row(grid, 15, 0)\n    grid = dsl_paint_row(grid, 16, 0)\n    grid = dsl_paint_row(grid, 17, 0)\n    grid = dsl_paint_row(grid, 18, 0)\n    grid = dsl_paint_row(grid, 19, 0)\n    grid = dsl_paint_row(grid, 20, 0)\n    grid = dsl_paint_row(grid, 21, 0)\n    grid = dsl_paint_row(grid, 22, 0)\n    grid = dsl_paint_row(grid, 23, 0)\n    grid = dsl_paint_row(grid, 24, 0)\n    grid = dsl_paint_row(grid, 25, 0)\n    grid = dsl_paint_row(grid, 26, 0)\n    grid = dsl_paint_row(grid, 27, 0)\n    grid = dsl_paint_row(grid, 28, 0)\n    grid = dsl_paint_row(grid, 29, 0)\n    grid = dsl_paint_row(grid, 30, 0)\n    grid = dsl_paint_row(grid, 31, 0)\n    grid = dsl_paint_row(grid, 32, 0)\n    grid = dsl_paint_row(grid, 33, 0)\n    grid = dsl_paint_row(grid, 34, 0)\n    grid = dsl_paint_row(grid, 35, 0)\n    grid = dsl_paint_row(grid, 36, 0)\n    grid = dsl_paint_row(grid, 37, 0)\n    grid = dsl_paint_row(grid, 38, 0)\n    grid = dsl_paint_row(grid, 39, 0)\n    grid = dsl_paint_row(grid, 40, 0)\n    grid = dsl_paint_row(grid, 41, 0)\n    grid = dsl_paint_row(grid, 42, 0)\n    grid = dsl_paint_row(grid, 43, 0)\n    grid = dsl_paint_row(grid, 44, 0)\n    grid = dsl_paint_row(grid, 45, 0)\n    grid = dsl_paint_row(grid, 46, 0)\n    grid = dsl_paint_row(grid, 47, 0)\n    grid = dsl_paint_row(grid, 48, 0)\n    grid = dsl_paint_row(grid, 49, 0)\n    grid = dsl_paint_row(grid, 50, 0)\n    grid = dsl_paint_row(grid, 51, 0)\n    grid = dsl_paint_row(grid, 52, 0)\n    grid = dsl_paint_row(grid, 53, 0)\n    grid = dsl_paint_row(grid, 54, 0)\n    grid = dsl_paint_row(grid, 55, 0)\n    grid = dsl_paint_row(grid, 56, 0)\n    grid = dsl_paint_row(grid, 57, 0)\n    grid = dsl_paint_row(grid,",
  "error": "SyntaxError: '(' was never closed (<unknown>, line 62)"
}