{
  "task_id": "f3b10344",
  "candidate_id": "7",
  "candidate_index": 7,
  "instr_json": "/content/gdrive/MyDrive/full_arc_runs/run1/outputs/training/f3b10344.json",
  "out_py": "/content/gdrive/MyDrive/full_arc_runs/run1/debug_multi/f3b10344_allc_out/f3b10344.cand_7.transform.nl.py",
  "status": "ok",
  "latency_s": 2.316,
  "llm": {
    "latency_s": 2.316,
    "status_code": 200,
    "usage": {
      "prompt_tokens": 1963,
      "total_tokens": 2017,
      "completion_tokens": 54
    }
  },
  "prompt_bytes": {
    "system": 3470,
    "user": 1123,
    "n_instructions": 1,
    "shots": 0
  },
  "generated_code": "from dsl_primitives import *\n\ndef transform(grid: List[List[int]]) -> List[List[int]]:\n    grid = dsl_paint_row(grid, 0, 0)\n    grid = dsl_paint_row(grid, 8, 0)\n    return grid"
}