{
  "task_id": "f3b10344",
  "candidate_id": "4",
  "candidate_index": 4,
  "instr_json": "/content/gdrive/MyDrive/full_arc_runs/run1/outputs/training/f3b10344.json",
  "out_py": "/content/gdrive/MyDrive/full_arc_runs/run1/debug_multi/f3b10344_allc_out/f3b10344.cand_4.transform.nl.py",
  "status": "ok",
  "latency_s": 1.929,
  "llm": {
    "latency_s": 1.929,
    "status_code": 200,
    "usage": {
      "prompt_tokens": 1962,
      "total_tokens": 1994,
      "completion_tokens": 32
    }
  },
  "prompt_bytes": {
    "system": 3470,
    "user": 1123,
    "n_instructions": 1,
    "shots": 0
  },
  "generated_code": "from dsl_primitives import *\n\ndef transform(grid: List[List[int]]) -> List[List[int]]:\n    return dsl_zeros_like(grid, 8)"
}