{
  "task_id": "f3b10344",
  "candidate_key": "5",
  "candidate_path": "/content/gdrive/MyDrive/full_arc_runs/run1/debug_multi/f3b10344_allc_out/f3b10344.cand_5.transform.nl.py",
  "exact_total": 0,
  "exact_rate": 0.0,
  "mean_per_cell_acc": 0.3066666666666667,
  "elapsed_sec": 0.317,
  "pairs": [
    {
      "pair": 0,
      "status": "ok",
      "exact": false,
      "per_cell_acc": 0.322222
    },
    {
      "pair": 1,
      "status": "ok",
      "exact": false,
      "per_cell_acc": 0.271111
    },
    {
      "pair": 2,
      "status": "ok",
      "exact": false,
      "per_cell_acc": 0.326667
    }
  ]
}