{
  "task_id": "f5aa3634",
  "candidate_id": "4",
  "candidate_index": 4,
  "instr_json": "/content/gdrive/MyDrive/full_arc_runs/run1/outputs/training/f5aa3634.json",
  "out_py": "/content/gdrive/MyDrive/full_arc_runs/run1/debug_multi/f5aa3634_allc_out/f5aa3634.cand_4.transform.nl.py",
  "status": "ok",
  "latency_s": 4.734,
  "llm": {
    "latency_s": 4.734,
    "status_code": 200,
    "usage": {
      "prompt_tokens": 1226,
      "total_tokens": 1403,
      "completion_tokens": 177
    }
  },
  "prompt_bytes": {
    "system": 3470,
    "user": 589,
    "n_instructions": 4,
    "shots": 0
  },
  "generated_code": "from dsl_primitives import *\n\ndef transform(grid: List[List[int]]) -> List[List[int]]:\n    mid_row = dsl_iter_coords(grid).filter(lambda x: x[0] == dsl_shape(grid)[0] // 2).next()[0]\n    mid_col = dsl_iter_coords(grid).filter(lambda x: x[1] == dsl_shape(grid)[1] // 2).next()[1]\n    sub_grid = dsl_crop(grid, mid_row - 1, mid_col - 1, 3, 3)\n    output_grid = dsl_clone(grid)\n    dsl_crop(output_grid, mid_row - 1, mid_col - 1, 3, 3)\n    dsl_paste(output_grid, sub_grid, mid_row - 1, mid_col - 1)\n    return output_grid"
}