{
  "task_id": "f5aa3634",
  "candidate_id": "3",
  "candidate_index": 3,
  "instr_json": "/content/gdrive/MyDrive/full_arc_runs/run1/outputs/training/f5aa3634.json",
  "out_py": "/content/gdrive/MyDrive/full_arc_runs/run1/debug_multi/f5aa3634_allc_out/f5aa3634.cand_3.transform.nl.py",
  "status": "ok",
  "latency_s": 4.841,
  "llm": {
    "latency_s": 4.841,
    "status_code": 200,
    "usage": {
      "prompt_tokens": 1215,
      "total_tokens": 1398,
      "completion_tokens": 183
    }
  },
  "prompt_bytes": {
    "system": 3470,
    "user": 534,
    "n_instructions": 4,
    "shots": 0
  },
  "generated_code": "from dsl_primitives import *\n\ndef transform(grid: List[List[int]]) -> List[List[int]]:\n    middle_row = dsl_copy_row(grid, dsl_shape(grid)[0] // 2, 0)\n    non_zero_values = dsl_mask_eq(middle_row, 0)\n    mask = dsl_not(non_zero_values)\n    values = dsl_paint_row(middle_row, 0, 255)\n    new_grid = dsl_zeros_like(grid, 0)\n    dsl_paint_row(new_grid, 0, values)\n    dsl_paint_row(new_grid, 1, values)\n    dsl_paint_row(new_grid, 2, values)\n    dsl_paint_col(new_grid, 0, values)\n    dsl_paint_col(new_grid, 1, values)\n    dsl_paint_col(new_grid, 2, values)\n    return new_grid"
}