{
  "task_id": "f5aa3634",
  "candidate_id": "1",
  "candidate_index": 1,
  "instr_json": "/content/gdrive/MyDrive/full_arc_runs/run1/outputs/training/f5aa3634.json",
  "out_py": "/content/gdrive/MyDrive/full_arc_runs/run1/debug_multi/f5aa3634_allc_out/f5aa3634.cand_1.transform.nl.py",
  "status": "ok",
  "latency_s": 1.719,
  "llm": {
    "latency_s": 1.719,
    "status_code": 200,
    "usage": {
      "prompt_tokens": 1199,
      "total_tokens": 1253,
      "completion_tokens": 54
    }
  },
  "prompt_bytes": {
    "system": 3470,
    "user": 475,
    "n_instructions": 3,
    "shots": 0
  },
  "generated_code": "from dsl_primitives import *\n\ndef transform(grid: List[List[int]]) -> List[List[int]]:\n    top_left_3x3 = dsl_crop(grid, 0, 0, 3, 3)\n    return top_left_3x3"
}