{
  "task_id": "f5aa3634",
  "candidate_id": "5",
  "candidate_index": 5,
  "instr_json": "/content/gdrive/MyDrive/full_arc_runs/run1/outputs/training/f5aa3634.json",
  "out_py": "/content/gdrive/MyDrive/full_arc_runs/run1/debug_multi/f5aa3634_allc_out/f5aa3634.cand_5.transform.nl.py",
  "status": "ok",
  "latency_s": 2.038,
  "llm": {
    "latency_s": 2.038,
    "status_code": 200,
    "usage": {
      "prompt_tokens": 1223,
      "total_tokens": 1296,
      "completion_tokens": 73
    }
  },
  "prompt_bytes": {
    "system": 3470,
    "user": 559,
    "n_instructions": 4,
    "shots": 0
  },
  "generated_code": "from dsl_primitives import *\n\ndef transform(grid: List[List[int]]) -> List[List[int]]:\n    sub_grid = dsl_crop(grid, 0, 0, 3, 3)\n    output = dsl_zeros_like(grid, 8)\n    dsl_paste(output, sub_grid, 1, 1)\n    return output"
}