{
  "task_id": "f5aa3634",
  "candidate_id": "2",
  "candidate_index": 2,
  "instr_json": "/content/gdrive/MyDrive/full_arc_runs/run1/outputs/training/f5aa3634.json",
  "out_py": "/content/gdrive/MyDrive/full_arc_runs/run1/debug_multi/f5aa3634_allc_out/f5aa3634.cand_2.transform.nl.py",
  "status": "ok",
  "latency_s": 4.111,
  "llm": {
    "latency_s": 4.111,
    "status_code": 200,
    "usage": {
      "prompt_tokens": 1246,
      "total_tokens": 1388,
      "completion_tokens": 142
    }
  },
  "prompt_bytes": {
    "system": 3470,
    "user": 703,
    "n_instructions": 4,
    "shots": 0
  },
  "generated_code": "from dsl_primitives import *\n\ndef transform(grid: List[List[int]]) -> List[List[int]]:\n    mid_row = next(r for r, _ in dsl_iter_coords(grid))\n    mid_col = next(c for _, c in dsl_iter_coords(grid))\n    sub_grid = dsl_crop(grid, mid_row - 1, mid_col - 1, 3, 3)\n    output_grid = dsl_clone(grid)\n    dsl_crop(output_grid, mid_row - 1, mid_col - 1, 3, 3)\n    dsl_paste(output_grid, sub_grid, mid_row - 1, mid_col - 1)\n    return output_grid"
}