{
  "task_id": "f5aa3634",
  "candidate_id": "6",
  "candidate_index": 6,
  "instr_json": "/content/gdrive/MyDrive/full_arc_runs/run1/outputs/training/f5aa3634.json",
  "out_py": "/content/gdrive/MyDrive/full_arc_runs/run1/debug_multi/f5aa3634_allc_out/f5aa3634.cand_6.transform.nl.py",
  "status": "ok",
  "latency_s": 4.013,
  "llm": {
    "latency_s": 4.013,
    "status_code": 200,
    "usage": {
      "prompt_tokens": 1225,
      "total_tokens": 1362,
      "completion_tokens": 137
    }
  },
  "prompt_bytes": {
    "system": 3470,
    "user": 616,
    "n_instructions": 5,
    "shots": 0
  },
  "generated_code": "from dsl_primitives import *\n\ndef transform(grid: List[List[int]]) -> List[List[int]]:\n    middle_row = dsl_copy_row(grid, dsl_shape(grid)[0] // 2, 0)\n    non_zero_values = [dsl_get_cell(middle_row, c) for c in dsl_iter_coords(middle_row) if dsl_get_cell(middle_row, c) != 0]\n    square_size = len(non_zero_values)\n    square = dsl_full(square_size, square_size, 0)\n    for i, val in enumerate(non_zero_values):\n        dsl_set_cell(square, i, i, val)\n    return square"
}