{
  "task_id": "f5aa3634",
  "candidate_key": "9",
  "candidate_path": "/content/gdrive/MyDrive/full_arc_runs/run1/debug_multi/f5aa3634_allc_out/f5aa3634.cand_9.transform.nl.py",
  "exact_total": 0,
  "exact_rate": 0.0,
  "mean_per_cell_acc": 0.0,
  "elapsed_sec": 0.309,
  "pairs": [
    {
      "pair": 0,
      "status": "error",
      "error": "TypeError: '<' not supported between instances of 'tuple' and 'int'"
    },
    {
      "pair": 1,
      "status": "error",
      "error": "TypeError: '<' not supported between instances of 'tuple' and 'int'"
    },
    {
      "pair": 2,
      "status": "error",
      "error": "TypeError: '<' not supported between instances of 'tuple' and 'int'"
    }
  ]
}