{
  "task_id": "f5aa3634",
  "candidate_key": "4",
  "candidate_path": "/content/gdrive/MyDrive/full_arc_runs/run1/debug_multi/f5aa3634_allc_out/f5aa3634.cand_4.transform.nl.py",
  "exact_total": 0,
  "exact_rate": 0.0,
  "mean_per_cell_acc": 0.0,
  "elapsed_sec": 0.304,
  "pairs": [
    {
      "pair": 0,
      "status": "error",
      "error": "AttributeError: 'generator' object has no attribute 'filter'"
    },
    {
      "pair": 1,
      "status": "error",
      "error": "AttributeError: 'generator' object has no attribute 'filter'"
    },
    {
      "pair": 2,
      "status": "error",
      "error": "AttributeError: 'generator' object has no attribute 'filter'"
    }
  ]
}