{
  "task_id": "f5aa3634",
  "candidate_id": "7",
  "candidate_index": 7,
  "instr_json": "/content/gdrive/MyDrive/full_arc_runs/run1/outputs/training/f5aa3634.json",
  "out_py": "/content/gdrive/MyDrive/full_arc_runs/run1/debug_multi/f5aa3634_allc_out/f5aa3634.cand_7.transform.nl.py",
  "status": "ok",
  "latency_s": 2.086,
  "llm": {
    "latency_s": 2.086,
    "status_code": 200,
    "usage": {
      "prompt_tokens": 1212,
      "total_tokens": 1288,
      "completion_tokens": 76
    }
  },
  "prompt_bytes": {
    "system": 3470,
    "user": 524,
    "n_instructions": 3,
    "shots": 0
  },
  "generated_code": "from dsl_primitives import *\n\ndef transform(grid: List[List[int]]) -> List[List[int]]:\n    middle_row = dsl_copy_row(grid, dsl_shape(grid)[0] // 2, 0)\n    third_col = dsl_copy_col(middle_row, 2)\n    return dsl_full(3, 3, third_col[0])"
}