{
  "task_id": "f5aa3634",
  "candidate_id": "9",
  "candidate_index": 9,
  "instr_json": "/content/gdrive/MyDrive/full_arc_runs/run1/outputs/training/f5aa3634.json",
  "out_py": "/content/gdrive/MyDrive/full_arc_runs/run1/debug_multi/f5aa3634_allc_out/f5aa3634.cand_9.transform.nl.py",
  "status": "ok",
  "latency_s": 3.859,
  "llm": {
    "latency_s": 3.859,
    "status_code": 200,
    "usage": {
      "prompt_tokens": 1257,
      "total_tokens": 1386,
      "completion_tokens": 129
    }
  },
  "prompt_bytes": {
    "system": 3470,
    "user": 771,
    "n_instructions": 5,
    "shots": 0
  },
  "generated_code": "from dsl_primitives import *\n\ndef transform(grid: List[List[int]]) -> List[List[int]]:\n    middle_row = dsl_copy_row(grid, dsl_shape(grid)[0] // 2, 0)\n    unique_values = set(dsl_iter_coords(middle_row))\n    unique_values = [val for val in unique_values if val != 0]\n    new_grid = dsl_zeros_like(grid)\n    for i, val in enumerate(unique_values):\n        r, c = divmod(i, dsl_shape(grid)[1])\n        dsl_set_cell(new_grid, r, c, val)\n    return new_grid"
}