{
  "task_id": "f5aa3634",
  "candidate_id": "0",
  "candidate_index": 0,
  "instr_json": "/content/gdrive/MyDrive/full_arc_runs/run1/outputs/training/f5aa3634.json",
  "out_py": "/content/gdrive/MyDrive/full_arc_runs/run1/debug_multi/f5aa3634_allc_out/f5aa3634.cand_0.transform.nl.py",
  "status": "ok",
  "latency_s": 2.689,
  "llm": {
    "latency_s": 2.689,
    "status_code": 200,
    "usage": {
      "prompt_tokens": 1210,
      "total_tokens": 1321,
      "completion_tokens": 111
    }
  },
  "prompt_bytes": {
    "system": 3470,
    "user": 521,
    "n_instructions": 3,
    "shots": 0
  },
  "generated_code": "from dsl_primitives import *\n\ndef transform(grid: List[List[int]]) -> List[List[int]]:\n    middle_row = dsl_iter_coords(grid).filter(lambda x: x[0] == dsl_shape(grid)[0] // 2).map(lambda x: x[1]).first()\n    top_left_3x3 = dsl_crop(grid, middle_row - 1, middle_row - 1, 3, 3)\n    return dsl_copy_col(top_left_3x3, 0, 0)"
}