{
  "task_id": "f5aa3634",
  "candidate_id": "8",
  "candidate_index": 8,
  "instr_json": "/content/gdrive/MyDrive/full_arc_runs/run1/outputs/training/f5aa3634.json",
  "out_py": "/content/gdrive/MyDrive/full_arc_runs/run1/debug_multi/f5aa3634_allc_out/f5aa3634.cand_8.transform.nl.py",
  "status": "ok",
  "latency_s": 2.809,
  "llm": {
    "latency_s": 2.809,
    "status_code": 200,
    "usage": {
      "prompt_tokens": 1223,
      "total_tokens": 1342,
      "completion_tokens": 119
    }
  },
  "prompt_bytes": {
    "system": 3470,
    "user": 592,
    "n_instructions": 4,
    "shots": 0
  },
  "generated_code": "from dsl_primitives import *\n\ndef transform(grid: List[List[int]]) -> List[List[int]]:\n    top_left = dsl_crop(grid, 0, 0, 3, 3)\n    unique_values = dsl_remap_colors(top_left, {val: i for i, val in enumerate(set(dsl_iter_coords(top_left)))})\n    result = dsl_clone(grid)\n    for r, c in dsl_iter_coords(top_left):\n        dsl_set_cell(result, r, c, dsl_get_cell(unique_values, r, c))\n    return result"
}