{
  "task_id": "f25fbde4",
  "candidate_id": "8",
  "candidate_index": 8,
  "instr_json": "/content/gdrive/MyDrive/full_arc_runs/run1/outputs/training/f25fbde4.json",
  "out_py": "/content/gdrive/MyDrive/full_arc_runs/run1/debug_multi/f25fbde4_allc_out/f25fbde4.cand_8.transform.nl.py",
  "status": "ok",
  "latency_s": 4.955,
  "llm": {
    "latency_s": 4.955,
    "status_code": 200,
    "usage": {
      "prompt_tokens": 1244,
      "total_tokens": 1419,
      "completion_tokens": 175
    }
  },
  "prompt_bytes": {
    "system": 3470,
    "user": 676,
    "n_instructions": 4,
    "shots": 0
  },
  "generated_code": "from dsl_primitives import *\n\ndef transform(grid: List[List[int]]) -> List[List[int]]:\n    top_left_3x3 = dsl_crop(grid, 0, 0, 3, 3)\n    rotated_3x3 = dsl_rot90(top_left_3x3, 1)\n    center_r = dsl_shape(grid)[0] // 2 - 1\n    center_c = dsl_shape(grid)[1] // 2 - 1\n    output = dsl_zeros_like(grid, 4)\n    dsl_paint_row(output, center_r - 1, 0)\n    dsl_paint_col(output, center_c - 1, 0)\n    dsl_paste(output, rotated_3x3, center_r - 1, center_c - 1)\n    return output"
}