{
  "task_id": "f25fbde4",
  "candidate_id": "4",
  "candidate_index": 4,
  "instr_json": "/content/gdrive/MyDrive/full_arc_runs/run1/outputs/training/f25fbde4.json",
  "out_py": "/content/gdrive/MyDrive/full_arc_runs/run1/debug_multi/f25fbde4_allc_out/f25fbde4.cand_4.transform.nl.py",
  "status": "ok",
  "latency_s": 11.9,
  "llm": {
    "latency_s": 11.9,
    "status_code": 200,
    "usage": {
      "prompt_tokens": 1270,
      "total_tokens": 1721,
      "completion_tokens": 451
    }
  },
  "prompt_bytes": {
    "system": 3470,
    "user": 777,
    "n_instructions": 5,
    "shots": 0
  },
  "generated_code": "from dsl_primitives import *\n\ndef transform(grid: List[List[int]]) -> List[List[int]]:\n    max_val = 4\n    max_bbox = dsl_bbox_of_mask(dsl_mask_eq(grid, max_val))\n    if max_bbox is None:\n        return dsl_full(dsl_shape(grid)[0], dsl_shape(grid)[1], max_val)\n    max_subgrid = dsl_crop(grid, max_bbox[0], max_bbox[1], max_bbox[2], max_bbox[3])\n    rotated_subgrid = dsl_rot90(max_subgrid, 1)\n    center_bbox = dsl_bbox_of_mask(dsl_mask_eq(dsl_zeros_like(grid, 0), 0))\n    center_subgrid = dsl_crop(grid, center_bbox[0], center_bbox[1], center_bbox[2], center_bbox[3])\n    center_subgrid = dsl_paint_row(center_subgrid, center_bbox[0] + center_bbox[2] // 2, 0)\n    center_subgrid = dsl_paint_col(center_subgrid, center_bbox[1] + center_bbox[3] // 2, 0)\n    output_grid = dsl_paste_masked(grid, rotated_subgrid, max_bbox[0] + max_bbox[2] // 2, max_bbox[1] + max_bbox[3] // 2, dsl_zeros_like(grid, 0))\n    output_grid = dsl_paint_row(output_grid, 0, max_val)\n    output_grid = dsl_paint_col(output_grid, 0, max_val)\n    if dsl_shape(grid)[0] % 2 == 1:\n        output_grid = dsl_set_cell(output_grid, center_bbox[0] + center_bbox[2] // 2, center_bbox[1] + center_bbox[3] // 2, 0)\n    if dsl_shape(grid)[1] % 2 == 1:\n        output_grid = dsl_set_cell(output_grid, center_bbox[0] + center_bbox[2] // 2, center_bbox[1] + center_bbox[3] // 2, 0)\n    return output_grid"
}