{
  "task_id": "f25fbde4",
  "candidate_key": "5",
  "candidate_path": "/content/gdrive/MyDrive/full_arc_runs/run1/debug_multi/f25fbde4_allc_out/f25fbde4.cand_5.transform.nl.py",
  "exact_total": 0,
  "exact_rate": 0.0,
  "mean_per_cell_acc": 0.0,
  "elapsed_sec": 0.299,
  "pairs": [
    {
      "pair": 0,
      "status": "error",
      "error": "TypeError: dsl_crop() missing 1 required positional argument: 'w'"
    },
    {
      "pair": 1,
      "status": "error",
      "error": "TypeError: dsl_crop() missing 1 required positional argument: 'w'"
    },
    {
      "pair": 2,
      "status": "error",
      "error": "TypeError: dsl_crop() missing 1 required positional argument: 'w'"
    }
  ]
}