{
  "task_id": "f25fbde4",
  "candidate_id": "7",
  "candidate_index": 7,
  "instr_json": "/content/gdrive/MyDrive/full_arc_runs/run1/outputs/training/f25fbde4.json",
  "out_py": "/content/gdrive/MyDrive/full_arc_runs/run1/debug_multi/f25fbde4_allc_out/f25fbde4.cand_7.transform.nl.py",
  "status": "ok",
  "latency_s": 8.669,
  "llm": {
    "latency_s": 8.669,
    "status_code": 200,
    "usage": {
      "prompt_tokens": 1287,
      "total_tokens": 1589,
      "completion_tokens": 302
    }
  },
  "prompt_bytes": {
    "system": 3470,
    "user": 825,
    "n_instructions": 5,
    "shots": 0
  },
  "generated_code": "from dsl_primitives import *\n\ndef transform(grid: List[List[int]]) -> List[List[int]]:\n    max_val = 4\n    max_bbox = dsl_bbox_of_mask(dsl_mask_eq(grid, max_val))\n    if max_bbox is None:\n        return grid\n    max_subgrid = dsl_crop(grid, max_bbox[0], max_bbox[1], 4, 4)\n    new_subgrid = dsl_rot90(max_subgrid, 1)\n    center_r = dsl_shape(grid)[0] // 2\n    center_c = dsl_shape(grid)[1] // 2\n    output = dsl_zeros_like(grid, max_val)\n    dsl_paint_row(output, center_r, max_val)\n    dsl_paint_col(output, center_c, max_val)\n    dsl_paint_row(output, center_r - 1, max_val)\n    dsl_paint_col(output, center_c - 1, max_val)\n    dsl_paint_row(output, center_r - 2, max_val)\n    dsl_paint_col(output, center_c - 2, max_val)\n    dsl_paint_row(output, center_r - 3, max_val)\n    dsl_paint_col(output, center_c - 3, max_val)\n    dsl_paste_masked(output, new_subgrid, center_r - 2, center_c - 2, dsl_mask_eq(new_subgrid, max_val))\n    return output"
}