{
  "task_id": "f25fbde4",
  "candidate_id": "3",
  "candidate_index": 3,
  "instr_json": "/content/gdrive/MyDrive/full_arc_runs/run1/outputs/training/f25fbde4.json",
  "out_py": "/content/gdrive/MyDrive/full_arc_runs/run1/debug_multi/f25fbde4_allc_out/f25fbde4.cand_3.transform.nl.py",
  "status": "ok",
  "latency_s": 12.237,
  "llm": {
    "latency_s": 12.237,
    "status_code": 200,
    "usage": {
      "prompt_tokens": 1300,
      "total_tokens": 1769,
      "completion_tokens": 469
    }
  },
  "prompt_bytes": {
    "system": 3470,
    "user": 897,
    "n_instructions": 5,
    "shots": 0
  },
  "generated_code": "from dsl_primitives import *\n\ndef transform(grid: List[List[int]]) -> List[List[int]]:\n    max_val = 4\n    max_bbox = dsl_bbox_of_mask(dsl_mask_eq(grid, max_val))\n    if max_bbox is None:\n        return grid\n    max_r0, max_c0, max_h, max_w = max_bbox\n    max_subgrid = dsl_crop(grid, max_r0, max_c0, max_h, max_w)\n    rotated_subgrid = dsl_rot90(max_subgrid, 1)\n    center_r = len(grid) // 2\n    center_c = len(grid[0]) // 2\n    output = dsl_zeros_like(grid, 4)\n    dsl_paste(output, rotated_subgrid, center_r - max_h // 2, center_c - max_w // 2)\n    r, c = center_r - 1, center_c - 1\n    direction = 0\n    for _ in range((len(grid) + len(grid[0]) - 2) // 2):\n        output = dsl_paint_cell(output, r, c, 4)\n        if direction == 0 and c < center_c - 1:\n            c += 1\n        elif direction == 0 and c == center_c - 1 and r < center_r - 1:\n            r += 1\n            direction = 1\n        elif direction == 1 and r < center_r - 1:\n            r += 1\n        elif direction == 1 and r == center_r - 1 and c < center_c + 1:\n            c += 1\n            direction = 2\n        elif direction == 2 and c < center_c + 1:\n            c += 1\n        elif direction == 2 and c == center_c + 1 and r > center_r - 1:\n            r -= 1\n            direction = 3\n        elif direction == 3 and r > center_r - 1:\n            r -= 1\n        elif direction == 3 and r == center_r - 1 and c > center_c - 1:\n            c -= 1\n            direction = 0\n    return output"
}