{
  "task_id": "f25fbde4",
  "candidate_id": "5",
  "candidate_index": 5,
  "instr_json": "/content/gdrive/MyDrive/full_arc_runs/run1/outputs/training/f25fbde4.json",
  "out_py": "/content/gdrive/MyDrive/full_arc_runs/run1/debug_multi/f25fbde4_allc_out/f25fbde4.cand_5.transform.nl.py",
  "status": "ok",
  "latency_s": 4.222,
  "llm": {
    "latency_s": 4.222,
    "status_code": 200,
    "usage": {
      "prompt_tokens": 1227,
      "total_tokens": 1371,
      "completion_tokens": 144
    }
  },
  "prompt_bytes": {
    "system": 3470,
    "user": 586,
    "n_instructions": 4,
    "shots": 0
  },
  "generated_code": "from dsl_primitives import *\n\ndef transform(grid: List[List[int]]) -> List[List[int]]:\n    mask = dsl_mask_eq(grid, 0)\n    sub_grid = dsl_crop(grid, *dsl_bbox_of_mask(mask)[:-1])\n    sub_grid = dsl_rot90(sub_grid, 1)\n    center = dsl_shape(dsl_zeros_like(grid))[::-1] // 2\n    grid = dsl_paste_masked(grid, sub_grid, *center, dsl_component_mask(grid, *center))\n    grid = dsl_paint_row(grid, *center, 0)\n    grid = dsl_paint_col(grid, *center, 0)\n    return grid"
}