{
  "task_id": "f25fbde4",
  "candidate_id": "2",
  "candidate_index": 2,
  "instr_json": "/content/gdrive/MyDrive/full_arc_runs/run1/outputs/training/f25fbde4.json",
  "out_py": "/content/gdrive/MyDrive/full_arc_runs/run1/debug_multi/f25fbde4_allc_out/f25fbde4.cand_2.transform.nl.py",
  "status": "ok",
  "latency_s": 12.403,
  "llm": {
    "latency_s": 12.403,
    "status_code": 200,
    "usage": {
      "prompt_tokens": 1278,
      "total_tokens": 1756,
      "completion_tokens": 478
    }
  },
  "prompt_bytes": {
    "system": 3470,
    "user": 806,
    "n_instructions": 6,
    "shots": 0
  },
  "generated_code": "from dsl_primitives import *\n\ndef transform(grid: List[List[int]]) -> List[List[int]]:\n    def new_square(r0: int, c0: int, h: int, w: int) -> List[List[int]]:\n        return dsl_fill_rect(dsl_zeros_like(grid, 4), r0, c0, h, w, 4)\n\n    def remove_outside_4s(G: List[List[int]]) -> List[List[int]]:\n        return dsl_replace_color(G, 4, 0)\n\n    def is_new_square_fully_contained(G: List[List[int]], new_square: List[List[int]]) -> bool:\n        return dsl_bbox_of_mask(dsl_mask_eq(G, 4)) is None or dsl_bbox_of_mask(dsl_mask_eq(new_square, 4)) is None\n\n    while True:\n        outermost_4_bbox = dsl_bbox_of_mask(dsl_mask_eq(grid, 4))\n        if outermost_4_bbox is None:\n            return grid\n        r0, c0, r1, c1 = outermost_4_bbox\n        new_square_size = max(r1 - r0, c1 - c0)\n        new_square_r0, new_square_c0 = r0 - new_square_size // 2, c0 - new_square_size // 2\n        new_square = new_square(new_square_r0, new_square_c0, new_square_size, new_square_size)\n        new_square_bbox = dsl_bbox_of_mask(dsl_mask_eq(new_square, 4))\n        if new_square_bbox is None:\n            return grid\n        new_square_r0, new_square_c0, new_square_r1, new_square_c1 = new_square_bbox\n        if new_square_r0 < 0 or new_square_c0 < 0 or new_square_r1 >= dsl_shape(grid)[0] or new_square_c1 >= dsl_shape(grid)[1]:\n            grid = remove_outside_4s(grid)\n            continue\n        if is_new_square_fully_contained(grid, new_square):\n            break\n        grid = remove_outside_4s(grid)\n        grid = dsl_paste_masked(grid, new_square, new_square_r0, new_square_c0, dsl_mask_eq(new_square, 4))"
}