{
  "task_id": "f25fbde4",
  "candidate_id": "1",
  "candidate_index": 1,
  "instr_json": "/content/gdrive/MyDrive/full_arc_runs/run1/outputs/training/f25fbde4.json",
  "out_py": "/content/gdrive/MyDrive/full_arc_runs/run1/debug_multi/f25fbde4_allc_out/f25fbde4.cand_1.transform.nl.py",
  "status": "ok",
  "latency_s": 9.681,
  "llm": {
    "latency_s": 9.681,
    "status_code": 200,
    "usage": {
      "prompt_tokens": 1318,
      "total_tokens": 1664,
      "completion_tokens": 346
    }
  },
  "prompt_bytes": {
    "system": 3470,
    "user": 965,
    "n_instructions": 7,
    "shots": 0
  },
  "generated_code": "from dsl_primitives import *\n\ndef transform(grid: List[List[int]]) -> List[List[int]]:\n    center = (dsl_shape(grid)[0] // 2, dsl_shape(grid)[1] // 2)\n    target_cells = [r for r, row in enumerate(grid) for c, cell in enumerate(row) if cell == 4]\n    for r, c in target_cells:\n        distance = dsl_distance((r, c), center)\n        if distance <= 2:\n            continue\n        elif distance == 3:\n            if r < center[0]:\n                grid = dsl_paint_row(grid, r, dsl_get_cell(grid, center[0], c))\n            elif r > center[0]:\n                grid = dsl_paint_row(grid, r, dsl_get_cell(grid, center[0], c))\n            elif c < center[1]:\n                grid = dsl_paint_col(grid, c, dsl_get_cell(grid, r, center[1]))\n            elif c > center[1]:\n                grid = dsl_paint_col(grid, c, dsl_get_cell(grid, r, center[1]))\n        else:\n            grid = dsl_paint_row(grid, r, dsl_get_cell(grid, center[0], center[1]))\n            grid = dsl_paint_col(grid, c, dsl_get_cell(grid, r, center[1]))\n    return grid\n\ndef dsl_distance(p1: Tuple[int, int], p2: Tuple[int, int]) -> int:\n    return dsl_clamp(abs(p1[0] - p2[0]) + abs(p1[1] - p2[1]))"
}