{
  "task_id": "f25fbde4",
  "candidate_id": "9",
  "candidate_index": 9,
  "instr_json": "/content/gdrive/MyDrive/full_arc_runs/run1/outputs/training/f25fbde4.json",
  "out_py": "/content/gdrive/MyDrive/full_arc_runs/run1/debug_multi/f25fbde4_allc_out/f25fbde4.cand_9.transform.nl.py",
  "status": "ok",
  "latency_s": 5.312,
  "llm": {
    "latency_s": 5.312,
    "status_code": 200,
    "usage": {
      "prompt_tokens": 1274,
      "total_tokens": 1465,
      "completion_tokens": 191
    }
  },
  "prompt_bytes": {
    "system": 3470,
    "user": 782,
    "n_instructions": 5,
    "shots": 0
  },
  "generated_code": "from dsl_primitives import *\n\ndef transform(grid: List[List[int]]) -> List[List[int]]:\n    def process_subgrid(G: List[List[int]]) -> List[List[int]]:\n        R = dsl_rot90(dsl_crop(G, 0, 0, 3, 3), 1)\n        T = dsl_paste(dsl_zeros_like(G, 4), R, 0, 0)\n        return dsl_fill_rect(T, 0, 0, dsl_shape(G)[0], dsl_shape(G)[1], 4)\n\n    def process_grid(G: List[List[int]]) -> List[List[int]]:\n        if dsl_shape(G)[0] <= 3:\n            return G\n        return dsl_transpose(dsl_paint_row(dsl_paint_col(process_subgrid(dsl_clone(G)), 0, 4), 0, 4))\n\n    return process_grid(grid)"
}