{
  "task_id": "f25fbde4",
  "candidate_id": "6",
  "candidate_index": 6,
  "instr_json": "/content/gdrive/MyDrive/full_arc_runs/run1/outputs/training/f25fbde4.json",
  "out_py": "/content/gdrive/MyDrive/full_arc_runs/run1/debug_multi/f25fbde4_allc_out/f25fbde4.cand_6.transform.nl.py",
  "status": "ok",
  "latency_s": 7.937,
  "llm": {
    "latency_s": 7.937,
    "status_code": 200,
    "usage": {
      "prompt_tokens": 1286,
      "total_tokens": 1557,
      "completion_tokens": 271
    }
  },
  "prompt_bytes": {
    "system": 3470,
    "user": 844,
    "n_instructions": 6,
    "shots": 0
  },
  "generated_code": "from dsl_primitives import *\n\ndef transform(grid: List[List[int]]) -> List[List[int]]:\n    outer_square = dsl_crop(grid, 2, 2, 5, 5)\n    inner_square = dsl_crop(outer_square, 1, 1, 3, 3)\n    max_val = max(max(row) for row in inner_square)\n    max_coords = next((r, c) for r, row in enumerate(inner_square) for c, val in enumerate(row) if val == max_val)\n    target_square = dsl_rot90(dsl_crop(inner_square, max_coords[0], max_coords[1], 3, 3))\n    center_coords = (2, 2)\n    target_square = dsl_paint_row(target_square, center_coords[0], 4)\n    target_square = dsl_paint_col(target_square, center_coords[1], 4)\n    outer_square = dsl_zeros_like(outer_square)\n    outer_square = dsl_paint_row(outer_square, center_coords[0], 4)\n    outer_square = dsl_paint_col(outer_square, center_coords[1], 4)\n    outer_square = dsl_paste(outer_square, target_square, center_coords[0], center_coords[1])\n    return outer_square"
}