{
  "task_id": "f25fbde4",
  "candidate_key": "1",
  "candidate_path": "/content/gdrive/MyDrive/full_arc_runs/run1/debug_multi/f25fbde4_allc_out/f25fbde4.cand_1.transform.nl.py",
  "exact_total": 0,
  "exact_rate": 0.0,
  "mean_per_cell_acc": 0.0,
  "elapsed_sec": 0.301,
  "pairs": [
    {
      "pair": 0,
      "status": "error",
      "error": "TypeError: cannot unpack non-iterable int object"
    },
    {
      "pair": 1,
      "status": "error",
      "error": "TypeError: cannot unpack non-iterable int object"
    },
    {
      "pair": 2,
      "status": "error",
      "error": "TypeError: cannot unpack non-iterable int object"
    }
  ]
}