{
  "task_id": "f25fbde4",
  "candidate_id": "0",
  "candidate_index": 0,
  "instr_json": "/content/gdrive/MyDrive/full_arc_runs/run1/outputs/training/f25fbde4.json",
  "out_py": "/content/gdrive/MyDrive/full_arc_runs/run1/debug_multi/f25fbde4_allc_out/f25fbde4.cand_0.transform.nl.py",
  "status": "ok",
  "latency_s": 6.055,
  "llm": {
    "latency_s": 6.055,
    "status_code": 200,
    "usage": {
      "prompt_tokens": 1229,
      "total_tokens": 1454,
      "completion_tokens": 225
    }
  },
  "prompt_bytes": {
    "system": 3470,
    "user": 579,
    "n_instructions": 4,
    "shots": 0
  },
  "generated_code": "from dsl_primitives import *\n\ndef transform(grid: List[List[int]]) -> List[List[int]]:\n    max_val = 4\n    max_bbox = dsl_bbox_of_mask(dsl_mask_eq(grid, max_val))\n    if max_bbox is None:\n        return dsl_full(dsl_shape(grid)[0], dsl_shape(grid)[1], 0)\n    max_subgrid = dsl_crop(grid, max_bbox[0], max_bbox[1], max_bbox[2] - max_bbox[0], max_bbox[3] - max_bbox[1])\n    rotated_subgrid = dsl_rot90(max_subgrid, 1)\n    center_r = dsl_shape(grid)[0] // 2\n    center_c = dsl_shape(grid)[1] // 2\n    output = dsl_zeros_like(grid, 0)\n    output = dsl_paste(output, rotated_subgrid, center_r - (dsl_shape(rotated_subgrid)[0] // 2), center_c - (dsl_shape(rotated_subgrid)[1] // 2))\n    return output"
}