{
  "task_id": "ff805c23",
  "candidate_id": "9",
  "candidate_index": 9,
  "instr_json": "/content/gdrive/MyDrive/full_arc_runs/run1/outputs/training/ff805c23.json",
  "out_py": "/content/gdrive/MyDrive/full_arc_runs/run1/debug_multi/ff805c23_allc_out/ff805c23.cand_9.transform.nl.py",
  "status": "invalid_code",
  "latency_s": 5.977,
  "llm": {
    "latency_s": 5.977,
    "status_code": 200,
    "usage": {
      "prompt_tokens": 1300,
      "total_tokens": 1530,
      "completion_tokens": 230
    }
  },
  "prompt_bytes": {
    "system": 3470,
    "user": 918,
    "n_instructions": 7,
    "shots": 0
  },
  "generated_code": "from dsl_primitives import *\n\ndef transform(grid: List[List[int]]) -> List[List[int]]:\n    topmost_row = next((r for r in dsl_iter_coords(grid) if 3 in r), None)\n    if topmost_row is not None:\n        grid = dsl_paint_row(dsl_paint_row(dsl_paint_row(dsl_paint_row(grid, topmost_row[0], 6), topmost_row[0], 6), topmost_row[0], 6), topmost_row[0], 6), topmost_row[0], 6)\n        grid = dsl_mask_eq(grid, 3)\n    grid = dsl_paint_row(grid, 0, 6)\n    if dsl_shape(grid)[1] > 1:\n        grid = dsl_paint_col(grid, dsl_shape(grid)[1] // 2, 6)\n    if dsl_shape(grid)[0] > 1:\n        grid = dsl_copy_row(grid, 0, 0)\n    grid = dsl_paint_row(grid, 0, 6)\n    return grid",
  "error": "SyntaxError: unmatched ')' (<unknown>, line 6)"
}