{
  "task_id": "ff805c23",
  "candidate_id": "1",
  "candidate_index": 1,
  "instr_json": "/content/gdrive/MyDrive/full_arc_runs/run1/outputs/training/ff805c23.json",
  "out_py": "/content/gdrive/MyDrive/full_arc_runs/run1/debug_multi/ff805c23_allc_out/ff805c23.cand_1.transform.nl.py",
  "status": "invalid_code",
  "latency_s": 4.372,
  "llm": {
    "latency_s": 4.372,
    "status_code": 200,
    "usage": {
      "prompt_tokens": 1243,
      "total_tokens": 1397,
      "completion_tokens": 154
    }
  },
  "prompt_bytes": {
    "system": 3470,
    "user": 674,
    "n_instructions": 5,
    "shots": 0
  },
  "generated_code": "from dsl_primitives import *\n\ndef transform(grid: List[List[int]]) -> List[List[int]]:\n    mask = dsl_mask_eq(grid, 3)\n    row = dsl_iter_coords(dsl_mask_eq(grid, 3)).next()\n    grid = dsl_paint_row(dsl_paint_row(dsl_paint_row(dsl_paint_row(grid, row[1], 6), row[1], 6), row[1], 6), row[1], 6), row[1], 6)\n    grid = dsl_crop(grid, row[0], 0, dsl_shape(grid)[0], dsl_shape(grid)[1])\n    grid = dsl_paint_row(grid, 0, 0)\n    return grid",
  "error": "SyntaxError: unmatched ')' (<unknown>, line 6)"
}