{
  "task_id": "ff805c23",
  "candidate_key": "5",
  "candidate_path": "/content/gdrive/MyDrive/full_arc_runs/run1/debug_multi/ff805c23_allc_out/ff805c23.cand_5.transform.nl.py",
  "exact_total": 0,
  "exact_rate": 0.0,
  "mean_per_cell_acc": 0.0,
  "elapsed_sec": 0.313,
  "pairs": [
    {
      "pair": 0,
      "status": "error",
      "error": "TypeError: dsl_paste_masked() takes 5 positional arguments but 7 were given"
    },
    {
      "pair": 1,
      "status": "error",
      "error": "TypeError: dsl_paste_masked() takes 5 positional arguments but 7 were given"
    },
    {
      "pair": 2,
      "status": "error",
      "error": "TypeError: dsl_paste_masked() takes 5 positional arguments but 7 were given"
    }
  ]
}