{
  "task_id": "ff805c23",
  "candidate_id": "0",
  "candidate_index": 0,
  "instr_json": "/content/gdrive/MyDrive/full_arc_runs/run1/outputs/training/ff805c23.json",
  "out_py": "/content/gdrive/MyDrive/full_arc_runs/run1/debug_multi/ff805c23_allc_out/ff805c23.cand_0.transform.nl.py",
  "status": "ok",
  "latency_s": 6.009,
  "llm": {
    "latency_s": 6.009,
    "status_code": 200,
    "usage": {
      "prompt_tokens": 1250,
      "total_tokens": 1481,
      "completion_tokens": 231
    }
  },
  "prompt_bytes": {
    "system": 3470,
    "user": 771,
    "n_instructions": 5,
    "shots": 0
  },
  "generated_code": "from dsl_primitives import *\n\ndef transform(grid: List[List[int]]) -> List[List[int]]:\n    outer = dsl_bbox_of_mask(dsl_mask_eq(grid, dsl_get_cell(grid, 0, 0)))\n    inner = dsl_bbox_of_mask(dsl_mask_eq(grid, dsl_get_cell(grid, outer[0], outer[1])))\n    solid = dsl_full(inner[2] - inner[0], inner[3] - inner[1], dsl_get_cell(grid, inner[0], inner[1]))\n    result = dsl_crop(grid, outer[0], outer[1], outer[2] - outer[0], outer[3] - outer[1])\n    result = dsl_paint_rect(result, inner[0], inner[1], inner[2] - inner[0], inner[3] - inner[1], dsl_get_cell(grid, inner[0], inner[1]))\n    result = dsl_crop(result, 0, 0, outer[2] - outer[0], outer[3] - outer[1])\n    return result"
}