{
  "task_id": "ff805c23",
  "candidate_id": "6",
  "candidate_index": 6,
  "instr_json": "/content/gdrive/MyDrive/full_arc_runs/run1/outputs/training/ff805c23.json",
  "out_py": "/content/gdrive/MyDrive/full_arc_runs/run1/debug_multi/ff805c23_allc_out/ff805c23.cand_6.transform.nl.py",
  "status": "ok",
  "latency_s": 4.71,
  "llm": {
    "latency_s": 4.71,
    "status_code": 200,
    "usage": {
      "prompt_tokens": 1344,
      "total_tokens": 1514,
      "completion_tokens": 170
    }
  },
  "prompt_bytes": {
    "system": 3470,
    "user": 1094,
    "n_instructions": 7,
    "shots": 0
  },
  "generated_code": "from dsl_primitives import *\n\ndef transform(grid: List[List[int]]) -> List[List[int]]:\n    shape = dsl_shape(grid)\n    roi_shape = dsl_bbox_of_mask(dsl_mask_eq(grid, dsl_get_cell(grid, *dsl_iter_coords(grid)[0])))\n    roi_color = set(dsl_iter_coords(dsl_mask_eq(grid, dsl_get_cell(grid, *dsl_iter_coords(grid)[0]))))\n    if len(roi_color) == 1:\n        grid = dsl_replace_color(grid, list(roi_color)[0], 6)\n    elif len(roi_color) > 1:\n        grid = dsl_replace_color(grid, list(roi_color)[0], 0)\n        grid = dsl_replace_color(grid, list(roi_color)[1], 6)\n    return grid"
}