{
  "task_id": "ff805c23",
  "candidate_id": "3",
  "candidate_index": 3,
  "instr_json": "/content/gdrive/MyDrive/full_arc_runs/run1/outputs/training/ff805c23.json",
  "out_py": "/content/gdrive/MyDrive/full_arc_runs/run1/debug_multi/ff805c23_allc_out/ff805c23.cand_3.transform.nl.py",
  "status": "ok",
  "latency_s": 5.035,
  "llm": {
    "latency_s": 5.035,
    "status_code": 200,
    "usage": {
      "prompt_tokens": 1269,
      "total_tokens": 1454,
      "completion_tokens": 185
    }
  },
  "prompt_bytes": {
    "system": 3470,
    "user": 840,
    "n_instructions": 6,
    "shots": 0
  },
  "generated_code": "from dsl_primitives import *\n\ndef transform(grid: List[List[int]]) -> List[List[int]]:\n    outermost = dsl_bbox_of_mask(dsl_mask_eq(grid, 0))\n    innermost = dsl_crop(grid, *outermost)\n    width = dsl_shape(innermost)[1]\n    if width >= 5:\n        innermost = dsl_fill_rect(innermost, 0, 0, *dsl_shape(innermost), 6)\n    else:\n        innermost = dsl_fill_rect(innermost, 0, 0, *dsl_shape(innermost), 0)\n    outermost = dsl_bbox_of_mask(dsl_mask_eq(grid, 0))\n    grid = dsl_paste_masked(grid, innermost, *outermost)\n    grid = dsl_fill_rect(grid, *outermost, *dsl_shape(grid), 0)\n    return grid"
}