{
  "task_id": "ff805c23",
  "candidate_id": "2",
  "candidate_index": 2,
  "instr_json": "/content/gdrive/MyDrive/full_arc_runs/run1/outputs/training/ff805c23.json",
  "out_py": "/content/gdrive/MyDrive/full_arc_runs/run1/debug_multi/ff805c23_allc_out/ff805c23.cand_2.transform.nl.py",
  "status": "ok",
  "latency_s": 7.171,
  "llm": {
    "latency_s": 7.171,
    "status_code": 200,
    "usage": {
      "prompt_tokens": 1242,
      "total_tokens": 1536,
      "completion_tokens": 294
    }
  },
  "prompt_bytes": {
    "system": 3470,
    "user": 715,
    "n_instructions": 5,
    "shots": 0
  },
  "generated_code": "from dsl_primitives import *\n\ndef transform(grid: List[List[int]]) -> List[List[int]]:\n    outer = dsl_bbox_of_mask(dsl_mask_eq(grid, 0))\n    inner = dsl_crop(grid, (outer[0] + 2), (outer[1] + 2), 5, 5)\n    inner = dsl_fill_rect(inner, 0, 0, 5, 5, 6)\n    inner = dsl_mask_eq(inner, 6)\n    inner = dsl_zeros_like(grid, 6)\n    inner = dsl_paint_row(inner, 0, 6)\n    inner = dsl_paint_row(inner, 4, 6)\n    inner = dsl_paint_col(inner, 0, 6)\n    inner = dsl_paint_col(inner, 4, 6)\n    inner = dsl_mask_eq(inner, 6)\n    size = dsl_shape(inner)\n    if size[0] != size[1]:\n        inner = dsl_zeros_like(grid, 6)\n        inner = dsl_paint_row(inner, 0, 6)\n        inner = dsl_paint_row(inner, size[0] - 1, 6)\n        inner = dsl_paint_col(inner, 0, 6)\n        inner = dsl_paint_col(inner, size[1] - 1, 6)\n    return inner"
}