{
  "task_id": "ff805c23",
  "candidate_key": "6",
  "candidate_path": "/content/gdrive/MyDrive/full_arc_runs/run1/debug_multi/ff805c23_allc_out/ff805c23.cand_6.transform.nl.py",
  "exact_total": 0,
  "exact_rate": 0.0,
  "mean_per_cell_acc": 0.0,
  "elapsed_sec": 0.308,
  "pairs": [
    {
      "pair": 0,
      "status": "error",
      "error": "TypeError: 'generator' object is not subscriptable"
    },
    {
      "pair": 1,
      "status": "error",
      "error": "TypeError: 'generator' object is not subscriptable"
    },
    {
      "pair": 2,
      "status": "error",
      "error": "TypeError: 'generator' object is not subscriptable"
    }
  ]
}