{
  "task_id": "ff805c23",
  "candidate_id": "4",
  "candidate_index": 4,
  "instr_json": "/content/gdrive/MyDrive/full_arc_runs/run1/outputs/training/ff805c23.json",
  "out_py": "/content/gdrive/MyDrive/full_arc_runs/run1/debug_multi/ff805c23_allc_out/ff805c23.cand_4.transform.nl.py",
  "status": "ok",
  "latency_s": 4.075,
  "llm": {
    "latency_s": 4.075,
    "status_code": 200,
    "usage": {
      "prompt_tokens": 1246,
      "total_tokens": 1387,
      "completion_tokens": 141
    }
  },
  "prompt_bytes": {
    "system": 3470,
    "user": 721,
    "n_instructions": 4,
    "shots": 0
  },
  "generated_code": "from dsl_primitives import *\n\ndef transform(grid: List[List[int]]) -> List[List[int]]:\n    r0, c0, h, w = dsl_bbox_of_mask(dsl_mask_eq(grid, 6))\n    inner = dsl_crop(grid, r0, c0, h, w)\n    solid = dsl_fill_rect(dsl_zeros_like(grid, 6), r0, c0, h, w, 6)\n    return dsl_replace_color(dsl_paint_row(dsl_paint_col(dsl_paint_cell(solid, r0, c0, 6), c0, 6), r0, 6), r0, 6)"
}