{
  "task_id": "ff805c23",
  "candidate_id": "8",
  "candidate_index": 8,
  "instr_json": "/content/gdrive/MyDrive/full_arc_runs/run1/outputs/training/ff805c23.json",
  "out_py": "/content/gdrive/MyDrive/full_arc_runs/run1/debug_multi/ff805c23_allc_out/ff805c23.cand_8.transform.nl.py",
  "status": "ok",
  "latency_s": 8.451,
  "llm": {
    "latency_s": 8.451,
    "status_code": 200,
    "usage": {
      "prompt_tokens": 1284,
      "total_tokens": 1653,
      "completion_tokens": 369
    }
  },
  "prompt_bytes": {
    "system": 3470,
    "user": 831,
    "n_instructions": 8,
    "shots": 0
  },
  "generated_code": "from dsl_primitives import *\n\ndef transform(grid: List[List[int]]) -> List[List[int]]:\n    for r in range(dsl_shape(grid)[0] - 1):\n        top_row = dsl_copy_row(grid, r, r)\n        dsl_set_cell(top_row, 0, 0, 0)\n        dsl_set_cell(top_row, 0, 1, 6)\n        for c in dsl_iter_coords(top_row):\n            if dsl_get_cell(top_row, c[0], c[1]) != 0:\n                dsl_set_cell(top_row, c[0], c[1], 0)\n            elif dsl_get_cell(top_row, c[0], c[1]) == 0:\n                dsl_set_cell(top_row, c[0], c[1], 6)\n        dsl_set_row(grid, r, top_row)\n    bottom_row = dsl_copy_row(grid, dsl_shape(grid)[0] - 1, dsl_shape(grid)[0] - 1)\n    dsl_set_cell(bottom_row, 0, 0, 0)\n    dsl_set_cell(bottom_row, 0, 1, 6)\n    for c in dsl_iter_coords(bottom_row):\n        if dsl_get_cell(bottom_row, c[0], c[1]) != 0:\n            dsl_set_cell(bottom_row, c[0], c[1], 0)\n        elif dsl_get_cell(bottom_row, c[0], c[1]) == 0:\n            dsl_set_cell(bottom_row, c[0], c[1], 6)\n    dsl_set_row(grid, dsl_shape(grid)[0] - 1, bottom_row)\n    return grid"
}