{
  "task_id": "ff805c23",
  "candidate_id": "5",
  "candidate_index": 5,
  "instr_json": "/content/gdrive/MyDrive/full_arc_runs/run1/outputs/training/ff805c23.json",
  "out_py": "/content/gdrive/MyDrive/full_arc_runs/run1/debug_multi/ff805c23_allc_out/ff805c23.cand_5.transform.nl.py",
  "status": "ok",
  "latency_s": 7.819,
  "llm": {
    "latency_s": 7.819,
    "status_code": 200,
    "usage": {
      "prompt_tokens": 1224,
      "total_tokens": 1555,
      "completion_tokens": 331
    }
  },
  "prompt_bytes": {
    "system": 3470,
    "user": 643,
    "n_instructions": 4,
    "shots": 0
  },
  "generated_code": "from dsl_primitives import *\n\ndef transform(grid: List[List[int]]) -> List[List[int]]:\n    outer_bbox = dsl_bbox_of_mask(dsl_mask_eq(grid, dsl_get_cell(grid, *next(dsl_iter_coords(grid)))))\n    outer_region = dsl_crop(grid, *outer_bbox)\n    output_region = dsl_zeros_like(grid)\n    output_region = dsl_paint_row(output_region, 0, dsl_get_cell(outer_region, 0, 0))\n    output_region = dsl_paint_col(output_region, 0, dsl_get_cell(outer_region, 0, 0))\n    output_region = dsl_paint_row(output_region, dsl_shape(output_region)[0] - 1, dsl_get_cell(outer_region, 0, 0))\n    output_region = dsl_paint_col(output_region, dsl_shape(output_region)[1] - 1, dsl_get_cell(outer_region, 0, 0))\n    inner_bbox = dsl_bbox_of_mask(dsl_mask_eq(grid, dsl_get_cell(grid, *next(dsl_iter_coords(grid)))))\n    inner_region = dsl_crop(grid, *inner_bbox)\n    grid = dsl_paste_masked(grid, output_region, *inner_bbox, dsl_mask_eq(grid, dsl_get_cell(grid, *next(dsl_iter_coords(grid)))))\n    grid = dsl_fill_rect(grid, *outer_bbox, dsl_shape(outer_bbox)[0], dsl_shape(outer_bbox)[1], dsl_get_cell(outer_region, 0, 0))\n    return grid"
}