{
  "task_id": "ff805c23",
  "candidate_key": "4",
  "candidate_path": "/content/gdrive/MyDrive/full_arc_runs/run1/debug_multi/ff805c23_allc_out/ff805c23.cand_4.transform.nl.py",
  "exact_total": 0,
  "exact_rate": 0.0,
  "mean_per_cell_acc": 0.0,
  "elapsed_sec": 0.306,
  "pairs": [
    {
      "pair": 0,
      "status": "ok",
      "exact": false,
      "per_cell_acc": 0.0
    },
    {
      "pair": 1,
      "status": "error",
      "error": "TypeError: cannot unpack non-iterable NoneType object"
    },
    {
      "pair": 2,
      "status": "error",
      "error": "TypeError: cannot unpack non-iterable NoneType object"
    }
  ]
}