{
  "task_id": "ff805c23",
  "candidate_id": "7",
  "candidate_index": 7,
  "instr_json": "/content/gdrive/MyDrive/full_arc_runs/run1/outputs/training/ff805c23.json",
  "out_py": "/content/gdrive/MyDrive/full_arc_runs/run1/debug_multi/ff805c23_allc_out/ff805c23.cand_7.transform.nl.py",
  "status": "ok",
  "latency_s": 2.714,
  "llm": {
    "latency_s": 2.714,
    "status_code": 200,
    "usage": {
      "prompt_tokens": 1272,
      "total_tokens": 1354,
      "completion_tokens": 82
    }
  },
  "prompt_bytes": {
    "system": 3470,
    "user": 811,
    "n_instructions": 6,
    "shots": 0
  },
  "generated_code": "from dsl_primitives import *\n\ndef transform(grid: List[List[int]]) -> List[List[int]]:\n    for r in dsl_iter_coords(grid):\n        if dsl_in_bounds(grid, r[0], 0):\n            first_val = dsl_get_cell(grid, r[0], 0)\n            grid = dsl_paint_row(grid, r[0], first_val)\n    return grid"
}