{
  "task_id": "fcb5c309",
  "candidate_id": "0",
  "candidate_index": 0,
  "instr_json": "/content/gdrive/MyDrive/full_arc_runs/run1/outputs/training/fcb5c309.json",
  "out_py": "/content/gdrive/MyDrive/full_arc_runs/run1/debug_multi/fcb5c309_allc_out/fcb5c309.cand_0.transform.nl.py",
  "status": "ok",
  "latency_s": 3.529,
  "llm": {
    "latency_s": 3.529,
    "status_code": 200,
    "usage": {
      "prompt_tokens": 1239,
      "total_tokens": 1329,
      "completion_tokens": 90
    }
  },
  "prompt_bytes": {
    "system": 3470,
    "user": 676,
    "n_instructions": 5,
    "shots": 0
  },
  "generated_code": "from dsl_primitives import *\n\ndef transform(grid: List[List[int]]) -> List[List[int]]:\n    max_val = dsl_max(dsl_filter(dsl_iter_coords(grid), lambda r, c: dsl_get_cell(grid, r, c) != 0))\n    target = dsl_max([max_val, 0])\n    return dsl_full(dsl_shape(grid)[1], dsl_shape(grid)[0], target)"
}