{
  "task_id": "fcb5c309",
  "candidate_id": "9",
  "candidate_index": 9,
  "instr_json": "/content/gdrive/MyDrive/full_arc_runs/run1/outputs/training/fcb5c309.json",
  "out_py": "/content/gdrive/MyDrive/full_arc_runs/run1/debug_multi/fcb5c309_allc_out/fcb5c309.cand_9.transform.nl.py",
  "status": "ok",
  "latency_s": 4.5,
  "llm": {
    "latency_s": 4.5,
    "status_code": 200,
    "usage": {
      "prompt_tokens": 1219,
      "total_tokens": 1357,
      "completion_tokens": 138
    }
  },
  "prompt_bytes": {
    "system": 3470,
    "user": 576,
    "n_instructions": 4,
    "shots": 0
  },
  "generated_code": "from dsl_primitives import *\n\ndef transform(grid: List[List[int]]) -> List[List[int]]:\n    topmost_row = next((r for r in dsl_iter_coords(grid) if any(c != 0 for c in dsl_get_cell(grid, r, c) for c in range(dsl_shape(grid)[1]))), None)\n    if topmost_row is not None:\n        dsl_set_cell(grid, topmost_row, 0, dsl_get_cell(grid, topmost_row, 0))\n        grid = dsl_crop(grid, 0, 0, topmost_row + 1, dsl_shape(grid)[1])\n    return grid"
}