{
  "task_id": "fcb5c309",
  "candidate_id": "1",
  "candidate_index": 1,
  "instr_json": "/content/gdrive/MyDrive/full_arc_runs/run1/outputs/training/fcb5c309.json",
  "out_py": "/content/gdrive/MyDrive/full_arc_runs/run1/debug_multi/fcb5c309_allc_out/fcb5c309.cand_1.transform.nl.py",
  "status": "ok",
  "latency_s": 3.108,
  "llm": {
    "latency_s": 3.108,
    "status_code": 200,
    "usage": {
      "prompt_tokens": 1227,
      "total_tokens": 1297,
      "completion_tokens": 70
    }
  },
  "prompt_bytes": {
    "system": 3470,
    "user": 609,
    "n_instructions": 3,
    "shots": 0
  },
  "generated_code": "from dsl_primitives import *\n\ndef transform(grid: List[List[int]]) -> List[List[int]]:\n    top_row = next((r for r in grid if any(r)), [])\n    output = dsl_full(dsl_shape(grid)[0], dsl_shape(grid)[1], dsl_get_cell(top_row, 0))\n    return output"
}