{
  "task_id": "fcb5c309",
  "candidate_id": "5",
  "candidate_index": 5,
  "instr_json": "/content/gdrive/MyDrive/full_arc_runs/run1/outputs/training/fcb5c309.json",
  "out_py": "/content/gdrive/MyDrive/full_arc_runs/run1/debug_multi/fcb5c309_allc_out/fcb5c309.cand_5.transform.nl.py",
  "status": "ok",
  "latency_s": 3.873,
  "llm": {
    "latency_s": 3.873,
    "status_code": 200,
    "usage": {
      "prompt_tokens": 1232,
      "total_tokens": 1339,
      "completion_tokens": 107
    }
  },
  "prompt_bytes": {
    "system": 3470,
    "user": 623,
    "n_instructions": 4,
    "shots": 0
  },
  "generated_code": "from dsl_primitives import *\n\ndef transform(grid: List[List[int]]) -> List[List[int]]:\n    top_row = next((r for r in dsl_iter_coords(grid) if any(c != 0 for c in r[1])), None)\n    if top_row is None:\n        return dsl_zeros_like(grid[0])\n    new_grid = dsl_full(len(grid), 1, top_row[1])\n    return dsl_crop(new_grid, 0, 0, len(grid), 1)"
}