{
  "task_id": "fcb5c309",
  "candidate_id": "2",
  "candidate_index": 2,
  "instr_json": "/content/gdrive/MyDrive/full_arc_runs/run1/outputs/training/fcb5c309.json",
  "out_py": "/content/gdrive/MyDrive/full_arc_runs/run1/debug_multi/fcb5c309_allc_out/fcb5c309.cand_2.transform.nl.py",
  "status": "ok",
  "latency_s": 5.12,
  "llm": {
    "latency_s": 5.12,
    "status_code": 200,
    "usage": {
      "prompt_tokens": 1236,
      "total_tokens": 1407,
      "completion_tokens": 171
    }
  },
  "prompt_bytes": {
    "system": 3470,
    "user": 693,
    "n_instructions": 5,
    "shots": 0
  },
  "generated_code": "from dsl_primitives import *\n\ndef transform(grid: List[List[int]]) -> List[List[int]]:\n    target_value = dsl_get_cell(grid, *dsl_bbox_of_mask(dsl_mask_eq(grid, dsl_get_cell(grid, *dsl_iter_coords(grid)[0]))))\n    mask = dsl_mask_eq(grid, target_value)\n    bounding_box = dsl_bbox_of_mask(mask)\n    if bounding_box is not None:\n        r0, c0, r1, c1 = bounding_box\n        dsl_fill_rect(grid, r0, c0, r1 - r0 + 1, c1 - c0 + 1, target_value)\n        dsl_crop(grid, r0, c0, r1 - r0 + 1, c1 - c0 + 1)\n    return grid"
}