{
  "task_id": "fcb5c309",
  "candidate_id": "8",
  "candidate_index": 8,
  "instr_json": "/content/gdrive/MyDrive/full_arc_runs/run1/outputs/training/fcb5c309.json",
  "out_py": "/content/gdrive/MyDrive/full_arc_runs/run1/debug_multi/fcb5c309_allc_out/fcb5c309.cand_8.transform.nl.py",
  "status": "ok",
  "latency_s": 20.146,
  "llm": {
    "latency_s": 20.146,
    "status_code": 200,
    "usage": {
      "prompt_tokens": 1243,
      "total_tokens": 2143,
      "completion_tokens": 900
    }
  },
  "prompt_bytes": {
    "system": 3470,
    "user": 679,
    "n_instructions": 5,
    "shots": 0
  },
  "generated_code": "from dsl_primitives import *\n\ndef transform(grid: List[List[int]]) -> List[List[int]]:\n    target_row = dsl_mask_eq(dsl_paint_row(grid, 0, 3), 3)\n    target_row = dsl_mask_eq(dsl_paint_row(grid, 0, 4), 4)\n    target_row = dsl_mask_eq(dsl_paint_row(grid, 0, 2), 2)\n    target_row = dsl_mask_eq(target_row, 3) or dsl_mask_eq(target_row, 4) or dsl_mask_eq(target_row, 2)\n    target_row = dsl_paint_row(grid, 0, 3) or dsl_paint_row(grid, 0, 4) or dsl_paint_row(grid, 0, 2)\n    target_row = dsl_paint_row(grid, 0, 3) or dsl_paint_row(grid, 0, 4) or dsl_paint_row(grid, 0, 2)\n    target_row = dsl_paint_row(grid, 0, 3) or dsl_paint_row(grid, 0, 4) or dsl_paint_row(grid, 0, 2)\n    target_row = dsl_paint_row(grid, 0, 3) or dsl_paint_row(grid, 0, 4) or dsl_paint_row(grid, 0, 2)\n    target_row = dsl_paint_row(grid, 0, 3) or dsl_paint_row(grid, 0, 4) or dsl_paint_row(grid, 0, 2)\n    target_row = dsl_paint_row(grid, 0, 3) or dsl_paint_row(grid, 0, 4) or dsl_paint_row(grid, 0, 2)\n    target_row = dsl_paint_row(grid, 0, 3) or dsl_paint_row(grid, 0, 4) or dsl_paint_row(grid, 0, 2)\n    target_row = dsl_paint_row(grid, 0, 3) or dsl_paint_row(grid, 0, 4) or dsl_paint_row(grid, 0, 2)\n    target_row = dsl_paint_row(grid, 0, 3) or dsl_paint_row(grid, 0, 4) or dsl_paint_row(grid, 0, 2)\n    target_row = dsl_paint_row(grid, 0, 3) or dsl_paint_row(grid, 0, 4) or dsl_paint_row(grid, 0, 2)\n    target_row = dsl_paint_row(grid, 0, 3) or dsl_paint_row(grid, 0, 4) or dsl_paint_row(grid, 0, 2)\n    target_row = dsl_paint_row(grid, 0, 3) or dsl_paint_row(grid, 0, 4) or dsl_paint_row(grid, 0, 2)\n    target_row = dsl_paint_row(grid, 0, 3) or dsl_paint_row(grid, 0, 4) or dsl_paint_row(grid, 0, 2)\n    target_row = dsl_paint_row(grid, 0, 3) or dsl_paint_row(grid, 0, 4) or dsl_paint_row(grid, 0, 2)\n    target_row = dsl_paint_row(grid, 0, 3) or dsl_paint_row(grid, 0, 4) or dsl_paint_row(grid, 0, 2)\n    target_row = dsl_paint_row(grid, 0, 3) or dsl_paint_row(grid, 0, 4) or dsl_paint_row(grid, 0, 2)\n    target_row = dsl_paint_row(grid, 0, 3) or dsl_paint_row(grid, 0, 4) or dsl_paint_row(grid, 0, 2)\n    target_row = dsl_paint_row(grid, 0, 3) or dsl_paint_row(grid, 0, 4) or dsl_paint_row(grid, 0, 2)\n    target_row = dsl_paint_row(grid, 0, 3) or dsl"
}