{
  "task_id": "fcb5c309",
  "candidate_key": "2",
  "candidate_path": "/content/gdrive/MyDrive/full_arc_runs/run1/debug_multi/fcb5c309_allc_out/fcb5c309.cand_2.transform.nl.py",
  "exact_total": 0,
  "exact_rate": 0.0,
  "mean_per_cell_acc": 0.0,
  "elapsed_sec": 0.306,
  "pairs": [
    {
      "pair": 0,
      "status": "error",
      "error": "TypeError: 'generator' object is not subscriptable"
    },
    {
      "pair": 1,
      "status": "error",
      "error": "TypeError: 'generator' object is not subscriptable"
    },
    {
      "pair": 2,
      "status": "error",
      "error": "TypeError: 'generator' object is not subscriptable"
    }
  ]
}