{
  "task_id": "fcb5c309",
  "candidate_key": "5",
  "candidate_path": "/content/gdrive/MyDrive/full_arc_runs/run1/debug_multi/fcb5c309_allc_out/fcb5c309.cand_5.transform.nl.py",
  "exact_total": 0,
  "exact_rate": 0.0,
  "mean_per_cell_acc": 0.0,
  "elapsed_sec": 0.309,
  "pairs": [
    {
      "pair": 0,
      "status": "error",
      "error": "TypeError: 'int' object is not iterable"
    },
    {
      "pair": 1,
      "status": "error",
      "error": "TypeError: 'int' object is not iterable"
    },
    {
      "pair": 2,
      "status": "error",
      "error": "TypeError: 'int' object is not iterable"
    }
  ]
}