{
  "task_id": "fcb5c309",
  "candidate_key": "3",
  "candidate_path": "/content/gdrive/MyDrive/full_arc_runs/run1/debug_multi/fcb5c309_allc_out/fcb5c309.cand_3.transform.nl.py",
  "exact_total": 0,
  "exact_rate": 0.0,
  "mean_per_cell_acc": 0.0,
  "elapsed_sec": 0.308,
  "pairs": [
    {
      "pair": 0,
      "status": "error",
      "error": "TypeError: '<' not supported between instances of 'list' and 'int'"
    },
    {
      "pair": 1,
      "status": "error",
      "error": "TypeError: 'NoneType' object is not subscriptable"
    },
    {
      "pair": 2,
      "status": "error",
      "error": "TypeError: 'NoneType' object is not subscriptable"
    }
  ]
}