{
  "task_id": "fcb5c309",
  "candidate_id": "3",
  "candidate_index": 3,
  "instr_json": "/content/gdrive/MyDrive/full_arc_runs/run1/outputs/training/fcb5c309.json",
  "out_py": "/content/gdrive/MyDrive/full_arc_runs/run1/debug_multi/fcb5c309_allc_out/fcb5c309.cand_3.transform.nl.py",
  "status": "ok",
  "latency_s": 5.586,
  "llm": {
    "latency_s": 5.586,
    "status_code": 200,
    "usage": {
      "prompt_tokens": 1252,
      "total_tokens": 1449,
      "completion_tokens": 197
    }
  },
  "prompt_bytes": {
    "system": 3470,
    "user": 774,
    "n_instructions": 6,
    "shots": 0
  },
  "generated_code": "from dsl_primitives import *\n\ndef transform(grid: List[List[int]]) -> List[List[int]]:\n    target = dsl_mask_eq(grid, 0)[0][0]\n    bbox = dsl_bbox_of_mask(dsl_mask_eq(grid, target))\n    sub_grid = dsl_crop(grid, bbox[0], bbox[1], bbox[2] - bbox[0], bbox[3] - bbox[1])\n    grid = dsl_replace_color(grid, target, dsl_zeros_like(sub_grid))\n    sub_grid = dsl_rot90(dsl_rot90(sub_grid, 3), 1)\n    while dsl_shape(sub_grid)[0] < dsl_shape(grid)[0] or dsl_shape(sub_grid)[1] < dsl_shape(grid)[1]:\n        sub_grid = dsl_rot90(sub_grid, 1)\n    grid = dsl_paste(grid, sub_grid, 0, 0)\n    return grid"
}