{
  "task_id": "fcb5c309",
  "candidate_id": "6",
  "candidate_index": 6,
  "instr_json": "/content/gdrive/MyDrive/full_arc_runs/run1/outputs/training/fcb5c309.json",
  "out_py": "/content/gdrive/MyDrive/full_arc_runs/run1/debug_multi/fcb5c309_allc_out/fcb5c309.cand_6.transform.nl.py",
  "status": "ok",
  "latency_s": 4.116,
  "llm": {
    "latency_s": 4.116,
    "status_code": 200,
    "usage": {
      "prompt_tokens": 1261,
      "total_tokens": 1380,
      "completion_tokens": 119
    }
  },
  "prompt_bytes": {
    "system": 3470,
    "user": 755,
    "n_instructions": 5,
    "shots": 0
  },
  "generated_code": "from dsl_primitives import *\n\ndef transform(grid: List[List[int]]) -> List[List[int]]:\n    top_row = dsl_paint_row(grid, 0, dsl_get_cell(grid, 0, dsl_iter_coords(grid).next()[1]))\n    non_zero_values = dsl_mask_eq(top_row, 0)\n    non_zero_count = dsl_shape(non_zero_values)[1]\n    output_grid = dsl_full(non_zero_count, 1, dsl_get_cell(grid, 0, dsl_iter_coords(grid).next()[1]))\n    return output_grid"
}