{
  "task_id": "fcb5c309",
  "candidate_key": "1",
  "candidate_path": "/content/gdrive/MyDrive/full_arc_runs/run1/debug_multi/fcb5c309_allc_out/fcb5c309.cand_1.transform.nl.py",
  "exact_total": 0,
  "exact_rate": 0.0,
  "mean_per_cell_acc": 0.0,
  "elapsed_sec": 0.309,
  "pairs": [
    {
      "pair": 0,
      "status": "error",
      "error": "TypeError: dsl_get_cell() missing 1 required positional argument: 'c'"
    },
    {
      "pair": 1,
      "status": "error",
      "error": "TypeError: dsl_get_cell() missing 1 required positional argument: 'c'"
    },
    {
      "pair": 2,
      "status": "error",
      "error": "TypeError: dsl_get_cell() missing 1 required positional argument: 'c'"
    }
  ]
}