{
  "task_id": "fcb5c309",
  "candidate_id": "4",
  "candidate_index": 4,
  "instr_json": "/content/gdrive/MyDrive/full_arc_runs/run1/outputs/training/fcb5c309.json",
  "out_py": "/content/gdrive/MyDrive/full_arc_runs/run1/debug_multi/fcb5c309_allc_out/fcb5c309.cand_4.transform.nl.py",
  "status": "ok",
  "latency_s": 3.668,
  "llm": {
    "latency_s": 3.668,
    "status_code": 200,
    "usage": {
      "prompt_tokens": 1251,
      "total_tokens": 1348,
      "completion_tokens": 97
    }
  },
  "prompt_bytes": {
    "system": 3470,
    "user": 744,
    "n_instructions": 4,
    "shots": 0
  },
  "generated_code": "from dsl_primitives import *\n\ndef transform(grid: List[List[int]]) -> List[List[int]]:\n    target_value = dsl_get_cell(grid, *dsl_bbox_of_mask(dsl_mask_eq(grid, dsl_get_cell(grid, *next(dsl_iter_coords(grid)))))[0])\n    bounding_box = dsl_bbox_of_mask(dsl_mask_eq(grid, target_value))\n    output_grid = dsl_full(*bounding_box[2:], target_value)\n    return output_grid"
}