{
  "task_id": "fcb5c309",
  "candidate_id": "7",
  "candidate_index": 7,
  "instr_json": "/content/gdrive/MyDrive/full_arc_runs/run1/outputs/training/fcb5c309.json",
  "out_py": "/content/gdrive/MyDrive/full_arc_runs/run1/debug_multi/fcb5c309_allc_out/fcb5c309.cand_7.transform.nl.py",
  "status": "ok",
  "latency_s": 4.014,
  "llm": {
    "latency_s": 4.014,
    "status_code": 200,
    "usage": {
      "prompt_tokens": 1252,
      "total_tokens": 1366,
      "completion_tokens": 114
    }
  },
  "prompt_bytes": {
    "system": 3470,
    "user": 725,
    "n_instructions": 5,
    "shots": 0
  },
  "generated_code": "from dsl_primitives import *\n\ndef transform(grid: List[List[int]]) -> List[List[int]]:\n    non_zero_values = [dsl_get_cell(G, r, c) for r, c in dsl_iter_coords(grid) if dsl_get_cell(G, r, c) != 0]\n    max_x, max_y = dsl_bbox_of_mask(dsl_mask_eq(G, non_zero_values[0]))[2:]\n    new_grid = dsl_full(max_y, max_x, val=non_zero_values[0])\n    return new_grid"
}