{
  "task_id": "f8f52ecc",
  "candidate_id": "8",
  "candidate_index": 8,
  "instr_json": "/content/gdrive/MyDrive/full_arc_runs/run1/outputs/training/f8f52ecc.json",
  "out_py": "/content/gdrive/MyDrive/full_arc_runs/run1/debug_multi/f8f52ecc_allc_out/f8f52ecc.cand_8.transform.nl.py",
  "status": "invalid_code",
  "latency_s": 3.8,
  "llm": {
    "latency_s": 3.8,
    "status_code": 200,
    "usage": {
      "prompt_tokens": 1334,
      "total_tokens": 1448,
      "completion_tokens": 114
    }
  },
  "prompt_bytes": {
    "system": 3470,
    "user": 1056,
    "n_instructions": 8,
    "shots": 0
  },
  "generated_code": "from dsl_primitives import *\n\ndef transform(grid: List[List[int]]) -> List[List[int]]:\n    grid = dsl_replace_color(dsl_replace_color(dsl_replace_color(dsl_replace_color(dsl_replace_color(dsl_replace_color(dsl_replace_color(grid, 8, 2), 9, 1), 6, 1), 4, 1), 7, 1), 5, 1), 2, 1, [0, 1, -1]), 3, 1)\n    return grid",
  "error": "SyntaxError: unmatched ')' (<unknown>, line 4)"
}