{
  "task_id": "f8f52ecc",
  "candidate_id": "5",
  "candidate_index": 5,
  "instr_json": "/content/gdrive/MyDrive/full_arc_runs/run1/outputs/training/f8f52ecc.json",
  "out_py": "/content/gdrive/MyDrive/full_arc_runs/run1/debug_multi/f8f52ecc_allc_out/f8f52ecc.cand_5.transform.nl.py",
  "status": "ok",
  "latency_s": 10.01,
  "llm": {
    "latency_s": 10.01,
    "status_code": 200,
    "usage": {
      "prompt_tokens": 1945,
      "total_tokens": 2340,
      "completion_tokens": 395
    }
  },
  "prompt_bytes": {
    "system": 3470,
    "user": 3639,
    "n_instructions": 18,
    "shots": 0
  },
  "generated_code": "from dsl_primitives import *\n\ndef transform(grid: List[List[int]]) -> List[List[int]]:\n    mask = dsl_mask_eq(grid, 8)\n    grid = dsl_paint_cell(grid, 0, 0, dsl_get_cell(grid, 0, 0))\n    grid = dsl_paint_row(grid, 1, dsl_get_cell(grid, 0, 0))\n    grid = dsl_paint_row(grid, len(grid) - 2, dsl_get_cell(grid, 0, 0))\n    grid = dsl_paint_row(grid, len(grid) - 3, dsl_get_cell(grid, 0, 0))\n    grid = dsl_paint_row(grid, len(grid) - 3, dsl_get_cell(grid, 0, 0))\n    grid = dsl_paint_row(grid, len(grid) - 3, dsl_get_cell(grid, 0, 0))\n    grid = dsl_paint_row(grid, len(grid) - 3, dsl_get_cell(grid, 0, 0))\n    grid = dsl_paint_row(grid, len(grid) - 3, dsl_get_cell(grid, 0, 0))\n    grid = dsl_paint_row(grid, len(grid) - 3, dsl_get_cell(grid, 0, 0))\n    grid = dsl_paint_row(grid, len(grid) - 3, dsl_get_cell(grid, 0, 0))\n    grid = dsl_paint_row(grid, len(grid) - 3, dsl_get_cell(grid, 0, 0))\n    grid = dsl_paint_row(grid, len(grid) - 3, dsl_get_cell(grid, 0, 0))\n    grid = dsl_paint_row(grid, len(grid) - 3, dsl_get_cell(grid, 0, 0))\n    return grid"
}