{
  "task_id": "f8f52ecc",
  "candidate_id": "6",
  "candidate_index": 6,
  "instr_json": "/content/gdrive/MyDrive/full_arc_runs/run1/outputs/training/f8f52ecc.json",
  "out_py": "/content/gdrive/MyDrive/full_arc_runs/run1/debug_multi/f8f52ecc_allc_out/f8f52ecc.cand_6.transform.nl.py",
  "status": "invalid_code",
  "latency_s": 24.053,
  "llm": {
    "latency_s": 24.053,
    "status_code": 200,
    "usage": {
      "prompt_tokens": 1497,
      "total_tokens": 2397,
      "completion_tokens": 900
    }
  },
  "prompt_bytes": {
    "system": 3470,
    "user": 1596,
    "n_instructions": 14,
    "shots": 0
  },
  "generated_code": "from dsl_primitives import *\n\ndef transform(grid: List[List[int]]) -> List[List[int]]:\n    central_square = dsl_crop(grid, *dsl_bbox_of_mask(dsl_mask_eq(grid, 8)))\n    central_square = dsl_replace_color(central_square, 8, 2)\n    central_square = dsl_replace_color(central_square, 9, 6)\n    central_square = dsl_replace_color(central_square, 4, 3)\n    central_square = dsl_replace_color(central_square, 6, 8)\n    central_square = dsl_replace_color(central_square, 7, 5)\n    central_square = dsl_replace_color(central_square, 2, 1)\n    central_square = dsl_replace_color(central_square, 5, 1)\n    central_square = dsl_replace_color(central_square, 1, 1)\n    central_square = dsl_replace_color(central_square, 3, 1)\n    central_square = dsl_replace_color(central_square, 4, 1)\n    central_square = dsl_replace_color(central_square, 6, 6)\n    central_square = dsl_replace_color(central_square, 8, 2)\n    central_square = dsl_replace_color(central_square, 9, 1)\n    grid = dsl_paint_row(grid, 0, 1)\n    grid = dsl_paint_row(grid, -1, 1)\n    grid = dsl_paint_col(grid, 0, 1)\n    grid = dsl_paint_col(grid, -1, 1)\n    grid = dsl_paint_row(grid, 1, 6)\n    grid = dsl_paint_row(grid, 2, 6)\n    grid = dsl_paint_col(grid, 1, 6)\n    grid = dsl_paint_col(grid, 2, 6)\n    grid = dsl_paint_row(grid, 1, 1)\n    grid = dsl_paint_row(grid, 2, 1)\n    grid = dsl_paint_col(grid, 1, 1)\n    grid = dsl_paint_col(grid, 2, 1)\n    grid = dsl_paint_row(grid, 1, 6)\n    grid = dsl_paint_row(grid, 2, 6)\n    grid = dsl_paint_col(grid, 1, 6)\n    grid = dsl_paint_col(grid, 2, 6)\n    grid = dsl_paint_row(grid, 1, 1)\n    grid = dsl_paint_row(grid, 2, 1)\n    grid = dsl_paint_col(grid, 1, 1)\n    grid = dsl_paint_col(grid, 2, 1)\n    grid = dsl_paint_row(grid, 1, 6)\n    grid = dsl_paint_row(grid, 2, 6)\n    grid = dsl_paint_col(grid, 1, 6)\n    grid = dsl_paint_col(grid, 2, 6)\n    grid = dsl_paint_row(grid, 1, 1)\n    grid = dsl_paint_row(grid, 2, 1)\n    grid = dsl_paint_col(grid, 1, 1)\n    grid = dsl_paint_col(grid, 2, 1)\n    grid = dsl_paint_row(grid, 1, 6)\n    grid = dsl_paint_row(grid, 2, 6)\n    grid = dsl_paint_col(grid, 1, 6)\n    grid = dsl_paint_col(grid, 2, 6)\n    grid = dsl_paint_row(grid, 1, 1)\n    grid = dsl_paint_row(grid, 2, 1)\n    grid = dsl_paint_col(grid, 1, 1)\n    grid = dsl_paint_col(grid, 2, 1)\n    grid = dsl_paint_row(grid, 1, 6)\n    grid = dsl_paint_row(grid, 2, 6)\n    grid = dsl_paint_col(grid, 1, 6)\n    grid = dsl_paint_col(grid, 2, 6)\n    grid = dsl_paint_row(grid, 1, 1)\n    grid = dsl_paint_row(grid",
  "error": "SyntaxError: '(' was never closed (<unknown>, line 59)"
}