{
  "task_id": "f8f52ecc",
  "candidate_id": "2",
  "candidate_index": 2,
  "instr_json": "/content/gdrive/MyDrive/full_arc_runs/run1/outputs/training/f8f52ecc.json",
  "out_py": "/content/gdrive/MyDrive/full_arc_runs/run1/debug_multi/f8f52ecc_allc_out/f8f52ecc.cand_2.transform.nl.py",
  "status": "ok",
  "latency_s": 9.479,
  "llm": {
    "latency_s": 9.479,
    "status_code": 200,
    "usage": {
      "prompt_tokens": 1292,
      "total_tokens": 1661,
      "completion_tokens": 369
    }
  },
  "prompt_bytes": {
    "system": 3470,
    "user": 882,
    "n_instructions": 5,
    "shots": 0
  },
  "generated_code": "from dsl_primitives import *\n\ndef transform(grid: List[List[int]]) -> List[List[int]]:\n    output = dsl_clone(grid)\n    top_left = dsl_get_cell(output, 0, 0)\n    bottom_right = dsl_get_cell(output, dsl_shape(output)[0] - 1, dsl_shape(output)[1] - 1)\n    for r, c in dsl_iter_coords(output):\n        if 0 <= r - 1 < dsl_shape(output)[0] and 0 <= c < dsl_shape(output)[1]:\n            output = dsl_set_cell(output, r, c, dsl_get_cell(grid, r - 1, c))\n        elif r == 0 and c == 0:\n            output = dsl_set_cell(output, r, c, top_left)\n        elif r == dsl_shape(output)[0] - 1 and c == dsl_shape(output)[1] - 1:\n            output = dsl_set_cell(output, r, c, bottom_right)\n        else:\n            output = dsl_set_cell(output, r, c, dsl_get_cell(grid, r - 1, c))\n    center = dsl_crop(output, 1, 1, 3, 3)\n    shifted_center = dsl_crop(output, 0, 0, 3, 3)\n    for r, c in dsl_iter_coords(center):\n        shifted_center = dsl_set_cell(shifted_center, r, c, dsl_get_cell(output, r + 1, c))\n    output = dsl_paste_masked(output, shifted_center, 1, 1, dsl_mask_eq(center, dsl_get_cell(center, 1, 1)))\n    return output"
}