{
  "task_id": "f8f52ecc",
  "candidate_id": "7",
  "candidate_index": 7,
  "instr_json": "/content/gdrive/MyDrive/full_arc_runs/run1/outputs/training/f8f52ecc.json",
  "out_py": "/content/gdrive/MyDrive/full_arc_runs/run1/debug_multi/f8f52ecc_allc_out/f8f52ecc.cand_7.transform.nl.py",
  "status": "invalid_code",
  "latency_s": 24.049,
  "llm": {
    "latency_s": 24.049,
    "status_code": 200,
    "usage": {
      "prompt_tokens": 1936,
      "total_tokens": 2836,
      "completion_tokens": 900
    }
  },
  "prompt_bytes": {
    "system": 3470,
    "user": 3398,
    "n_instructions": 27,
    "shots": 0
  },
  "generated_code": "from dsl_primitives import *\n\ndef transform(grid: List[List[int]]) -> List[List[int]]:\n    top_left = dsl_crop(grid, 0, 0, 2, 2)\n    top_right = dsl_crop(grid, 0, 6, 2, 2)\n    bottom_left = dsl_crop(grid, 6, 0, 2, 2)\n    bottom_right = dsl_crop(grid, 6, 6, 2, 2)\n    top_left_center = dsl_crop(grid, 1, 1, 2, 2)\n    top_right_center = dsl_crop(grid, 1, 5, 2, 2)\n    bottom_left_center = dsl_crop(grid, 5, 1, 2, 2)\n    bottom_right_center = dsl_crop(grid, 5, 5, 2, 2)\n\n    mask = dsl_mask_eq(grid, 2)\n    mask = dsl_dilate(mask, 1)\n    mask = dsl_dilate(mask, 1)\n\n    grid = dsl_zeros_like(grid)\n    grid = dsl_paint_row(grid, 0, 1)\n    grid = dsl_paint_row(grid, 1, 1)\n    grid = dsl_paint_row(grid, 2, 1)\n    grid = dsl_paint_row(grid, 3, 1)\n    grid = dsl_paint_row(grid, 4, 1)\n    grid = dsl_paint_row(grid, 5, 1)\n    grid = dsl_paint_row(grid, 6, 1)\n    grid = dsl_paint_row(grid, 7, 1)\n\n    grid = dsl_zeros_like(grid)\n    grid = dsl_paint_col(grid, 0, 1)\n    grid = dsl_paint_col(grid, 1, 1)\n    grid = dsl_paint_col(grid, 2, 1)\n    grid = dsl_paint_col(grid, 3, 1)\n    grid = dsl_paint_col(grid, 4, 1)\n    grid = dsl_paint_col(grid, 5, 1)\n    grid = dsl_paint_col(grid, 6, 1)\n    grid = dsl_paint_col(grid, 7, 1)\n\n    grid = dsl_zeros_like(grid)\n    grid = dsl_paint_row(grid, 0, 8)\n    grid = dsl_paint_row(grid, 1, 8)\n    grid = dsl_paint_row(grid, 2, 8)\n    grid = dsl_paint_row(grid, 3, 8)\n    grid = dsl_paint_row(grid, 4, 8)\n    grid = dsl_paint_row(grid, 5, 8)\n    grid = dsl_paint_row(grid, 6, 8)\n    grid = dsl_paint_row(grid, 7, 8)\n\n    grid = dsl_zeros_like(grid)\n    grid = dsl_paint_col(grid, 0, 8)\n    grid = dsl_paint_col(grid, 1, 8)\n    grid = dsl_paint_col(grid, 2, 8)\n    grid = dsl_paint_col(grid, 3, 8)\n    grid = dsl_paint_col(grid, 4, 8)\n    grid = dsl_paint_col(grid, 5, 8)\n    grid = dsl_paint_col(grid, 6, 8)\n    grid = dsl_paint_col(grid, 7, 8)\n\n    grid = dsl_zeros_like(grid)\n    grid = dsl_paint_row(grid, 0, 9)\n    grid = dsl_paint_row(grid, 1, 9)\n    grid = dsl_paint_row(grid, 2, 9)\n    grid = dsl_paint_row(grid, 3, 9)\n    grid = dsl_paint_row(grid, 4, 9)\n    grid = dsl_paint_row(grid, 5, 9)\n    grid = dsl_paint_row(grid, 6, 9)\n    grid = dsl_paint_row(grid, 7, 9)\n\n    grid = dsl_zeros_like(grid)\n    grid = dsl_paint_col(grid, 0, 9)\n    grid =",
  "error": "SyntaxError: invalid syntax (<unknown>, line 69)"
}