{
  "task_id": "f8f52ecc",
  "candidate_id": "9",
  "candidate_index": 9,
  "instr_json": "/content/gdrive/MyDrive/full_arc_runs/run1/outputs/training/f8f52ecc.json",
  "out_py": "/content/gdrive/MyDrive/full_arc_runs/run1/debug_multi/f8f52ecc_allc_out/f8f52ecc.cand_9.transform.nl.py",
  "status": "ok",
  "latency_s": 18.971,
  "llm": {
    "latency_s": 18.971,
    "status_code": 200,
    "usage": {
      "prompt_tokens": 1448,
      "total_tokens": 2092,
      "completion_tokens": 644
    }
  },
  "prompt_bytes": {
    "system": 3470,
    "user": 1212,
    "n_instructions": 14,
    "shots": 0
  },
  "generated_code": "from dsl_primitives import *\n\ndef transform(grid: List[List[int]]) -> List[List[int]]:\n    boundary = dsl_mask_eq(grid, 1)\n    grid = dsl_paint_row(grid, 0, 1)\n    grid = dsl_paint_row(grid, len(grid) - 1, 1)\n    grid = dsl_paint_col(grid, 0, 1)\n    grid = dsl_paint_col(grid, len(grid[0]) - 1, 1)\n\n    for r, c in dsl_iter_coords(grid):\n        if not dsl_in_bounds(boundary, r, c):\n            if dsl_get_cell(grid, r, c) == 2:\n                grid = dsl_paint_cell(grid, r, c, 2)\n            elif dsl_get_cell(grid, r, c) == 6:\n                neighbors = dsl_neighbors4(r, c)\n                if all(dsl_get_cell(grid, nr, nc) == 6 for nr, nc in neighbors):\n                    grid = dsl_paint_cell(grid, r, c, 6)\n                else:\n                    grid = dsl_paint_cell(grid, r, c, 8)\n            elif dsl_get_cell(grid, r, c) == 8:\n                neighbors = dsl_neighbors4(r, c)\n                if all(dsl_get_cell(grid, nr, nc) == 8 for nr, nc in neighbors):\n                    grid = dsl_paint_cell(grid, r, c, 8)\n                else:\n                    grid = dsl_paint_cell(grid, r, c, 2)\n            elif dsl_get_cell(grid, r, c) == 9:\n                grid = dsl_paint_cell(grid, r, c, 9)\n            elif dsl_get_cell(grid, r, c) == 4:\n                grid = dsl_paint_cell(grid, r, c, 4)\n            elif dsl_get_cell(grid, r, c) == 5:\n                grid = dsl_paint_cell(grid, r, c, 5)\n            elif dsl_get_cell(grid, r, c) == 7:\n                grid = dsl_paint_cell(grid, r, c, 7)\n            elif dsl_get_cell(grid, r, c) == 1:\n                grid = dsl_paint_cell(grid, r, c, 1)\n            elif dsl_get_cell(grid, r, c) == 3:\n                grid = dsl_paint_cell(grid, r, c, 3)\n            elif dsl_get_cell(grid, r, c) == 6 and any(dsl_get_cell(grid, nr, nc) == 3 for nr, nc in dsl_neighbors4(r, c)):\n                grid = dsl_paint_cell(grid, r, c, 6)\n            elif dsl_get_cell(grid, r, c) == 4 and any(dsl_get_cell(grid, nr, nc) == 3 for nr, nc in dsl_neighbors4(r, c)):\n                grid = dsl_paint_cell(grid, r, c, 4)\n    return grid"
}