{
  "task_id": "f8f52ecc",
  "candidate_id": "0",
  "candidate_index": 0,
  "instr_json": "/content/gdrive/MyDrive/full_arc_runs/run1/outputs/training/f8f52ecc.json",
  "out_py": "/content/gdrive/MyDrive/full_arc_runs/run1/debug_multi/f8f52ecc_allc_out/f8f52ecc.cand_0.transform.nl.py",
  "status": "invalid_code",
  "latency_s": 24.062,
  "llm": {
    "latency_s": 24.062,
    "status_code": 200,
    "usage": {
      "prompt_tokens": 1918,
      "total_tokens": 2818,
      "completion_tokens": 900
    }
  },
  "prompt_bytes": {
    "system": 3470,
    "user": 3691,
    "n_instructions": 45,
    "shots": 0
  },
  "generated_code": "from dsl_primitives import *\n\ndef transform(grid: List[List[int]]) -> List[List[int]]:\n    central_col = dsl_copy_col(grid, 0, dsl_shape(grid)[1] // 2)\n    central_col = dsl_paint_col(central_col, 0, 2)\n    central_col = dsl_paint_col(central_col, dsl_shape(central_col)[0] - 1, 2)\n    grid = dsl_paint_cell(grid, 0, 0, 2)\n    grid = dsl_paint_cell(grid, dsl_shape(grid)[0] - 1, dsl_shape(grid)[1] - 1, 2)\n    grid = dsl_paint_cell(grid, dsl_shape(grid)[0] - 1, dsl_shape(grid)[1] - 1, 2)\n    grid = dsl_paint_cell(grid, dsl_shape(grid)[0] - 1, dsl_shape(grid)[1] - 1, 2)\n    grid = dsl_paint_cell(grid, dsl_shape(grid)[0] - 1, dsl_shape(grid)[1] - 1, 2)\n    grid = dsl_paint_cell(grid, dsl_shape(grid)[0] - 1, dsl_shape(grid)[1] - 1, 2)\n    grid = dsl_paint_cell(grid, dsl_shape(grid)[0] - 1, dsl_shape(grid)[1] - 1, 2)\n    grid = dsl_paint_cell(grid, dsl_shape(grid)[0] - 1, dsl_shape(grid)[1] - 1, 2)\n    grid = dsl_paint_cell(grid, dsl_shape(grid)[0] - 1, dsl_shape(grid)[1] - 1, 2)\n    grid = dsl_paint_cell(grid, dsl_shape(grid)[0] - 1, dsl_shape(grid)[1] - 1, 2)\n    grid = dsl_paint_cell(grid, dsl_shape(grid)[0] - 1, dsl_shape(grid)[1] - 1, 2)\n    grid = dsl_paint_cell(grid, dsl_shape(grid)[0] - 1, dsl_shape(grid)[1] - 1, 2)\n    grid = dsl_paint_cell(grid, dsl_shape(grid)[0] - 1, dsl_shape(grid)[1] - 1, 2)\n    grid = dsl_paint_cell(grid, dsl_shape(grid)[0] - 1, dsl_shape(grid)[1] - 1, 2)\n    grid = dsl_paint_cell(grid, dsl_shape(grid)[0] - 1, dsl_shape(grid)[1] - 1, 2)\n    grid = dsl_paint_cell(grid, dsl_shape(grid)[0] - 1, dsl_shape(grid)[1] - 1, 2)\n    grid = dsl_paint_cell(grid, dsl_shape(grid)[0] - 1, dsl_shape(grid)[1] - 1, 2)\n    grid = dsl_paint_cell(grid, dsl_shape(grid)[0] - 1, dsl_shape(grid)[1] - 1, 2)\n    grid = dsl_paint_cell(grid, dsl_shape(grid)[0] - 1, dsl_shape(grid)[1] - 1, 2)\n    grid = dsl_paint_cell(grid, dsl_shape(grid)[0] - 1, dsl_shape(grid)[1] - 1, 2)\n    grid = dsl_paint_cell(grid, dsl_shape(grid)[0] - 1, dsl_shape(grid)[1] - 1, 2)\n    grid = dsl_paint_cell(grid, dsl_shape(grid)[0] - 1, dsl_shape(grid)[1] - 1, 2)\n    grid = dsl_paint_cell(grid, dsl_shape(grid)[0] - 1, dsl_shape(grid)[1] - 1, 2)\n    grid = dsl_paint_cell(grid, dsl_shape(grid)[0] - 1, dsl_shape(grid)[1] - 1, 2)\n    grid = dsl_paint_cell(grid, d",
  "error": "SyntaxError: '(' was never closed (<unknown>, line 31)"
}