{
  "task_id": "f8f52ecc",
  "candidate_id": "3",
  "candidate_index": 3,
  "instr_json": "/content/gdrive/MyDrive/full_arc_runs/run1/outputs/training/f8f52ecc.json",
  "out_py": "/content/gdrive/MyDrive/full_arc_runs/run1/debug_multi/f8f52ecc_allc_out/f8f52ecc.cand_3.transform.nl.py",
  "status": "ok",
  "latency_s": 8.055,
  "llm": {
    "latency_s": 8.055,
    "status_code": 200,
    "usage": {
      "prompt_tokens": 1477,
      "total_tokens": 1780,
      "completion_tokens": 303
    }
  },
  "prompt_bytes": {
    "system": 3470,
    "user": 1305,
    "n_instructions": 20,
    "shots": 0
  },
  "generated_code": "from dsl_primitives import *\n\ndef transform(grid: List[List[int]]) -> List[List[int]]:\n    center = dsl_get_cell(dsl_clone(grid), dsl_shape(grid)[0] // 2, dsl_shape(grid)[1] // 2)\n    if center == 8:\n        grid = dsl_replace_color(grid, 8, 2)\n    elif center == 9:\n        grid = dsl_replace_color(grid, 9, 9)\n    elif center == 2:\n        grid = dsl_replace_color(grid, 2, 2)\n    elif center == 6:\n        grid = dsl_replace_color(grid, 6, 6)\n    elif center == 4:\n        grid = dsl_replace_color(grid, 4, 4)\n    grid = dsl_replace_color(grid, 1, 1)\n    grid = dsl_replace_color(grid, 2, 2)\n    grid = dsl_replace_color(grid, 4, 4)\n    grid = dsl_replace_color(grid, 5, 5)\n    grid = dsl_replace_color(grid, 6, 6)\n    grid = dsl_replace_color(grid, 7, 7)\n    grid = dsl_replace_color(grid, 8, 8)\n    grid = dsl_replace_color(grid, 9, 9)\n    grid = dsl_replace_color(grid, 3, 3)\n    return grid"
}