{
  "task_id": "f8f52ecc",
  "candidate_id": "4",
  "candidate_index": 4,
  "instr_json": "/content/gdrive/MyDrive/full_arc_runs/run1/outputs/training/f8f52ecc.json",
  "out_py": "/content/gdrive/MyDrive/full_arc_runs/run1/debug_multi/f8f52ecc_allc_out/f8f52ecc.cand_4.transform.nl.py",
  "status": "ok",
  "latency_s": 19.666,
  "llm": {
    "latency_s": 19.666,
    "status_code": 200,
    "usage": {
      "prompt_tokens": 1617,
      "total_tokens": 2292,
      "completion_tokens": 675
    }
  },
  "prompt_bytes": {
    "system": 3470,
    "user": 2137,
    "n_instructions": 11,
    "shots": 0
  },
  "generated_code": "from dsl_primitives import *\n\ndef transform(grid: List[List[int]]) -> List[List[int]]:\n    frame = dsl_bbox_of_mask(dsl_mask_eq(grid, 0))\n    target_row = dsl_crop(grid, frame[0] + 1, frame[1] + 1, 1, dsl_shape(grid)[1])\n    target_row = dsl_paint_row(target_row, frame[0] + 1, target_row)\n    for r, c in dsl_iter_coords(target_row):\n        if dsl_get_cell(target_row, r, c) == 1:\n            target_row = dsl_set_cell(target_row, r, c, dsl_get_cell(target_row, r - 1, c))\n        elif dsl_get_cell(target_row, r, c) == 2:\n            target_row = dsl_set_cell(target_row, r, c, dsl_if(dsl_get_cell(target_row, r - 1, c) == 2, dsl_get_cell(target_row, r - 1, c), dsl_get_cell(target_row, r - 1, c - 1)))\n        elif dsl_get_cell(target_row, r, c) == 8:\n            target_row = dsl_set_cell(target_row, r, c, dsl_if(dsl_get_cell(target_row, r - 1, c) == 8, dsl_get_cell(target_row, r - 1, c), dsl_get_cell(target_row, r - 1, c - 1)))\n        elif dsl_get_cell(target_row, r, c) == 6:\n            target_row = dsl_set_cell(target_row, r, c, dsl_if(dsl_get_cell(target_row, r - 1, c) == 6, dsl_get_cell(target_row, r - 1, c), dsl_get_cell(target_row, r - 1, c - 1)))\n        elif dsl_get_cell(target_row, r, c) == 9:\n            target_row = dsl_set_cell(target_row, r, c, dsl_get_cell(target_row, r - 1, c))\n        elif dsl_get_cell(target_row, r, c) == 4:\n            target_row = dsl_set_cell(target_row, r, c, dsl_get_cell(target_row, r - 1, c))\n        elif dsl_get_cell(target_row, r, c) == 7:\n            target_row = dsl_set_cell(target_row, r, c, dsl_get_cell(target_row, r - 1, c))\n        elif dsl_get_cell(target_row, r, c) == 5:\n            target_row = dsl_set_cell(target_row, r, c, dsl_get_cell(target_row, r - 1, c))\n        elif dsl_get_cell(target_row, r, c) == 3:\n            target_row = dsl_set_cell(target_row, r, c, dsl_get_cell(target_row, r - 1, c))\n    return dsl_paste_masked(grid, target_row, frame[0] + 1, frame[1] + 1, dsl_mask_eq(target_row, 0))"
}