{
  "task_id": "f8f52ecc",
  "candidate_id": "1",
  "candidate_index": 1,
  "instr_json": "/content/gdrive/MyDrive/full_arc_runs/run1/outputs/training/f8f52ecc.json",
  "out_py": "/content/gdrive/MyDrive/full_arc_runs/run1/debug_multi/f8f52ecc_allc_out/f8f52ecc.cand_1.transform.nl.py",
  "status": "ok",
  "latency_s": 3.914,
  "llm": {
    "latency_s": 3.914,
    "status_code": 200,
    "usage": {
      "prompt_tokens": 1252,
      "total_tokens": 1370,
      "completion_tokens": 118
    }
  },
  "prompt_bytes": {
    "system": 3470,
    "user": 723,
    "n_instructions": 5,
    "shots": 0
  },
  "generated_code": "from dsl_primitives import *\n\ndef transform(grid: List[List[int]]) -> List[List[int]]:\n    middle_row = next(dsl_iter_coords(grid), None)\n    if middle_row is None:\n        return grid\n    middle_row = list(middle_row)\n    new_row = dsl_paint_row(dsl_clone(grid), middle_row[0], middle_row[1] + 1)\n    grid = dsl_paint_row(grid, middle_row[0], new_row)\n    return dsl_paint_row(grid, grid.shape[0] - 1, new_row)"
}