{
  "task_id": "f8f52ecc",
  "candidate_key": "4",
  "candidate_path": "/content/gdrive/MyDrive/full_arc_runs/run1/debug_multi/f8f52ecc_allc_out/f8f52ecc.cand_4.transform.nl.py",
  "exact_total": 0,
  "exact_rate": 0.0,
  "mean_per_cell_acc": 0.0,
  "elapsed_sec": 0.314,
  "pairs": [
    {
      "pair": 0,
      "status": "error",
      "error": "TypeError: 'NoneType' object is not subscriptable"
    },
    {
      "pair": 1,
      "status": "error",
      "error": "TypeError: 'NoneType' object is not subscriptable"
    },
    {
      "pair": 2,
      "status": "error",
      "error": "TypeError: 'NoneType' object is not subscriptable"
    }
  ]
}