{
  "task_id": "f8f52ecc",
  "candidate_key": "2",
  "candidate_path": "/content/gdrive/MyDrive/full_arc_runs/run1/debug_multi/f8f52ecc_allc_out/f8f52ecc.cand_2.transform.nl.py",
  "exact_total": 0,
  "exact_rate": 0.0,
  "mean_per_cell_acc": 0.6017592592592593,
  "elapsed_sec": 0.35,
  "pairs": [
    {
      "pair": 0,
      "status": "ok",
      "exact": false,
      "per_cell_acc": 0.68
    },
    {
      "pair": 1,
      "status": "ok",
      "exact": false,
      "per_cell_acc": 0.66
    },
    {
      "pair": 2,
      "status": "ok",
      "exact": false,
      "per_cell_acc": 0.465278
    }
  ]
}